date,sku_id,category,units_sold,units_received,closing_stock,lead_time_days,units_sold_imputed,closing_stock_imputed,lead_time_assumed,avg_sold_7d,avg_sold_14d,avg_sold_28d,std_sold_28d,cv_sold_28d,trend_ratio,is_stockout_day,stockout_rate_28d,days_of_cover,cover_vs_leadtime
2026-01-01,SKU-1000,Snacks,110.0,0,403.0,7,False,False,False,,,,,,,0,,,
2026-01-02,SKU-1000,Snacks,278.0,0,125.0,7,False,False,False,,,,,,,0,,,
2026-01-03,SKU-1000,Snacks,121.0,903,907.0,7,False,False,False,169.66666666666666,,,,,,0,,,
2026-01-04,SKU-1000,Snacks,75.0,0,832.0,7,False,False,False,146.0,,,,,,0,,,
2026-01-05,SKU-1000,Snacks,71.0,0,761.0,7,False,False,False,131.0,131.0,,,,,0,0.0,5.809160305343512,0.8298800436205017
2026-01-06,SKU-1000,Snacks,103.0,0,658.0,7,False,False,False,126.33333333333333,126.33333333333333,,,,,0,0.0,5.20844327176781,0.7440633245382585
2026-01-07,SKU-1000,Snacks,133.0,0,525.0,7,False,False,False,127.28571428571429,127.28571428571429,127.28571428571429,70.21090676363201,0.5516008387715197,,0,0.0,4.124579124579125,0.5892255892255892
2026-01-08,SKU-1000,Snacks,106.0,0,419.0,7,False,False,False,126.71428571428571,124.625,124.625,65.43685615046877,0.5250700593818959,,0,0.0,3.362086258776329,0.480298036968047
2026-01-09,SKU-1000,Snacks,112.0,0,307.0,7,False,False,False,103.0,123.22222222222223,123.22222222222223,61.35506861249887,0.4979221077659962,,0,0.0,2.4914337240757436,0.3559191034393919
2026-01-10,SKU-1000,Snacks,142.0,761,926.0,7,False,False,False,106.0,125.1,125.1,58.15009314982507,0.4648288820929262,,0,0.0,7.402078337330137,1.057439762475734
2026-01-11,SKU-1000,Snacks,14.0,0,912.0,7,False,False,False,97.28571428571429,115.0,115.0,64.53991013318813,0.5612166098538098,,0,0.0,7.930434782608696,1.132919254658385
2026-01-12,SKU-1000,Snacks,71.0,0,841.0,7,False,False,False,97.28571428571429,111.33333333333333,111.33333333333333,62.83359456581014,0.5643736038845222,0.7426390403489641,0,0.0,7.553892215568863,1.0791274593669804
2026-01-13,SKU-1000,Snacks,132.0,0,709.0,7,False,False,False,101.42857142857143,112.92307692307692,112.92307692307692,60.431037194559686,0.535152236736564,0.8028646814926499,0,0.0,6.278610354223433,0.8969443363176334
2026-01-14,SKU-1000,Snacks,119.0,896,1486.0,7,False,False,False,99.42857142857143,113.35714285714286,113.35714285714286,58.082973995241225,0.5123891845830983,0.7811447811447811,0,0.0,13.109010712035285,1.8727158160050408
2026-01-15,SKU-1000,Snacks,143.0,0,1343.0,7,False,False,False,104.71428571428571,115.71428571428571,115.33333333333333,56.491044380840535,0.48980674318647865,0.8402349906863447,0,0.0,11.606172839506174,1.6580246913580248
2026-01-16,SKU-1000,Snacks,137.0,0,1206.0,7,False,False,False,108.28571428571429,105.64285714285714,116.6875,54.84367936842555,0.47000475088099025,0.8787839752672936,0,0.0,11.415821501014198,1.6308316430020284
2026-01-17,SKU-1000,Snacks,78.0,0,1128.0,7,False,False,False,99.14285714285714,102.57142857142857,114.41176470588235,53.924784217845286,0.4713220214413213,0.7925088500628069,0,0.0,10.997214484679667,1.5710306406685237
2026-01-18,SKU-1000,Snacks,122.0,0,1006.0,7,False,False,False,114.57142857142857,105.92857142857143,114.83333333333333,52.34529025389682,0.45583707042580685,0.9962732919254659,0,0.0,9.496965610249495,1.356709372892785
2026-01-19,SKU-1000,Snacks,71.0,0,935.0,7,False,False,False,114.57142857142857,105.92857142857143,112.52631578947368,51.85489200221521,0.46082457813006966,1.0290846877673225,0,0.0,8.82670262980445,1.2609575185434927
2026-01-20,SKU-1000,Snacks,105.0,0,830.0,7,False,False,False,110.71428571428571,106.07142857142857,112.15,50.499895778944044,0.4502888611586629,0.9804398598676528,0,0.0,7.824915824915825,1.1178451178451179
2026-01-21,SKU-1000,Snacks,122.0,0,708.0,7,False,False,False,111.14285714285714,105.28571428571429,112.61904761904762,49.26811970278162,0.43747590433759576,0.980466288594833,0,0.0,6.724559023066486,0.9606512890094979
2026-01-22,SKU-1000,Snacks,82.0,0,626.0,7,False,False,False,102.42857142857143,103.57142857142857,111.22727272727273,48.5218966949403,0.43624100011797573,0.8851851851851853,0,0.0,6.0441379310344825,0.863448275862069
2026-01-23,SKU-1000,Snacks,112.0,0,514.0,7,False,False,False,98.85714285714286,103.57142857142857,111.26086956521739,47.40657548494181,0.4260848910330839,0.9357674104124409,0,0.0,4.962758620689655,0.7089655172413794
2026-01-24,SKU-1000,Snacks,124.0,0,390.0,7,False,False,False,105.42857142857143,102.28571428571429,111.79166666666667,46.437409176379475,0.4153924041122279,1.0278551532033426,0,0.0,3.812849162011173,0.5446927374301676
2026-01-25,SKU-1000,Snacks,83.0,1000,1307.0,7,False,False,False,99.85714285714286,107.21428571428571,110.64,45.82292002917317,0.41416232853554924,0.942683749157114,0,0.0,12.190539640239841,1.7415056628914058
2026-01-26,SKU-1000,Snacks,181.0,0,1126.0,7,False,False,False,115.57142857142857,115.07142857142857,113.34615384615384,46.96972838558239,0.41439190296068623,1.091031692515172,0,0.0,9.785226567349472,1.397889509621353
2026-01-27,SKU-1000,Snacks,116.0,0,1010.0,7,False,False,False,117.14285714285714,113.92857142857143,113.44444444444444,46.06043966967861,0.4060175876857076,1.1043771043771045,0,0.0,8.865203761755486,1.2664576802507839
2026-01-28,SKU-1000,Snacks,79.0,0,931.0,7,False,False,False,111.0,111.07142857142857,112.21428571428571,45.665739765822124,0.40695121369924236,1.0542740841248304,0,0.0,8.381993569131833,1.197427652733119
2026-01-29,SKU-1000,Snacks,97.0,0,834.0,7,False,False,False,113.14285714285714,107.78571428571429,111.75,45.755084720474265,0.4094414740087183,1.0924137931034483,0,0.0,7.737574552683896,1.1053677932405566
2026-01-30,SKU-1000,Snacks,90.0,0,744.0,7,False,False,False,110.0,104.42857142857143,105.03571428571429,32.25877100694177,0.3071219273017237,1.0620689655172415,0,0.0,7.124487004103967,1.0177838577291383
2026-01-31,SKU-1000,Snacks,122.0,0,622.0,7,False,False,False,109.71428571428571,107.57142857142857,105.07142857142857,32.277648006733095,0.3071971938098323,1.0726256983240223,0,0.0,5.7822045152722445,0.8260292164674635
2026-02-01,SKU-1000,Snacks,76.0,0,546.0,7,False,False,False,108.71428571428571,104.28571428571429,105.10714285714286,32.24367785946203,0.30676961606012126,1.0139906728847434,0,0.0,5.235616438356164,0.747945205479452
2026-02-02,SKU-1000,Snacks,106.0,0,440.0,7,False,False,False,98.0,106.78571428571429,106.35714285714286,31.543285117102755,0.2965789064066075,0.8516449410304159,0,0.0,4.120401337792642,0.588628762541806
2026-02-03,SKU-1000,Snacks,106.0,0,334.0,7,False,False,False,96.57142857142857,106.85714285714286,106.46428571428571,31.53655391453278,0.29621721221298825,0.8476489028213166,0,0.0,3.125668449197861,0.44652406417112295
2026-02-04,SKU-1000,Snacks,108.0,0,226.0,7,False,False,False,100.71428571428571,105.85714285714286,105.57142857142857,31.108446597916938,0.2946672884782389,0.9067524115755626,0,0.0,2.134952766531714,0.3049932523616734
2026-02-05,SKU-1000,Snacks,92.0,0,134.0,7,False,False,False,100.0,106.57142857142857,105.07142857142857,31.213634925958324,0.29707062472020157,0.927766732935719,0,0.0,1.257372654155496,0.17962466487935655
2026-02-06,SKU-1000,Snacks,93.0,0,41.0,7,False,False,False,100.42857142857143,105.21428571428571,104.39285714285714,31.263917535755812,0.29948330174518056,0.9616963064295486,0,0.0,0.3896809232858113,0.055668703326544465
2026-02-07,SKU-1000,Snacks,111.0,0,0.0,7,False,False,False,98.85714285714286,104.28571428571429,103.28571428571429,30.420335721303697,0.2945260719904922,0.9189907038512617,1,0.03571428571428571,0.0,0.0
2026-02-08,SKU-1000,Snacks,89.0,0,0.0,7,False,False,False,100.71428571428571,104.71428571428571,105.96428571428571,25.10493848843165,0.236918866759719,0.9657534246575341,1,0.07142857142857142,0.0,0.0
2026-02-09,SKU-1000,Snacks,137.0,0,0.0,7,False,False,False,105.14285714285714,101.57142857142857,108.32142857142857,24.797033232684456,0.2289208475157154,0.9846153846153846,1,0.10714285714285714,0.0,0.0
2026-02-10,SKU-1000,Snacks,89.0,822,733.0,7,False,False,False,102.71428571428571,99.64285714285714,106.78571428571429,24.607070864041027,0.23043410842580225,0.9612299465240641,0,0.10714285714285714,7.356272401433692,1.0508960573476702
2026-02-11,SKU-1000,Snacks,133.0,1132,1732.0,7,False,False,False,106.28571428571429,103.5,107.28571428571429,25.003491819635983,0.2330551834053953,1.0040485829959513,0,0.10714285714285714,16.734299516908212,2.3906142167011732
2026-02-12,SKU-1000,Snacks,112.0,0,1620.0,7,False,False,False,109.14285714285714,104.57142857142857,106.17857142857143,24.030926942909424,0.2263255817024769,1.0241286863270778,0,0.10714285714285714,15.491803278688526,2.2131147540983607
2026-02-13,SKU-1000,Snacks,118.0,0,1502.0,7,False,False,False,112.71428571428571,106.57142857142857,105.5,23.388031127053008,0.22168749883462566,1.0712830957230142,0,0.10714285714285714,14.093833780160859,2.0134048257372656
2026-02-14,SKU-1000,Snacks,104.0,0,1398.0,7,False,True,False,111.71428571428571,105.28571428571429,106.42857142857143,22.763565058661055,0.21388584618876158,1.0712328767123287,0,0.10714285714285714,13.278154681139755,1.896879240162822
2026-02-15,SKU-1000,Snacks,105.0,0,1293.0,7,False,False,False,114.0,107.35714285714286,105.82142857142857,22.558653708562876,0.2131766128382587,1.0886766712141884,0,0.10714285714285714,12.043912175648702,1.7205588822355289
2026-02-16,SKU-1000,Snacks,125.0,0,1168.0,7,False,False,False,112.28571428571429,108.71428571428571,107.75,21.765798859678924,0.20200277363971159,1.1054852320675106,0,0.10714285714285714,10.743758212877793,1.5348226018396847
2026-02-17,SKU-1000,Snacks,143.0,0,1025.0,7,False,False,False,120.0,111.35714285714286,109.10714285714286,22.750399729030875,0.20851430193547119,1.2043010752688172,0,0.10714285714285714,9.204618345093008,1.3149454778704297
2026-02-18,SKU-1000,Snacks,86.0,0,939.0,7,False,False,False,113.28571428571429,109.78571428571429,107.82142857142857,23.010550835115833,0.2134135221541051,1.0945479641131817,0,0.10714285714285714,8.553025374105399,1.2218607677293427
2026-02-19,SKU-1000,Snacks,81.0,0,858.0,7,False,False,False,108.85714285714286,109.0,107.78571428571429,23.052849334385165,0.21387666711821887,1.0409836065573772,0,0.10714285714285714,7.871559633027523,1.124508519003932
2026-02-20,SKU-1000,Snacks,105.0,0,753.0,7,False,False,False,107.0,109.85714285714286,107.53571428571429,23.043408542328923,0.21428609737137488,1.0040214477211797,0,0.10714285714285714,6.854356306892067,0.9791937581274383
2026-02-21,SKU-1000,Snacks,92.0,0,661.0,7,False,False,False,105.28571428571429,108.5,106.39285714285714,22.9900772246126,0.21608666072143434,1.0,0,0.10714285714285714,6.092165898617512,0.8703094140882159
2026-02-22,SKU-1000,Snacks,113.0,978,1526.0,7,False,False,False,106.42857142857143,110.21428571428571,107.46428571428571,22.554431514724133,0.20987839229387695,0.9913506320691949,0,0.10714285714285714,13.845755022683086,1.9779650032404408
2026-02-23,SKU-1000,Snacks,58.0,0,1468.0,7,False,False,False,96.85714285714286,104.57142857142857,103.07142857142857,19.468737658917345,0.18888588165269773,0.8909329829172142,0,0.10714285714285714,14.03825136612022,2.005464480874317
2026-02-24,SKU-1000,Snacks,109.0,0,1359.0,7,False,False,False,92.0,106.0,102.82142857142857,19.34109723692125,0.18810375916422195,0.8261706221937138,0,0.10714285714285714,12.820754716981131,1.8315363881401616
2026-02-25,SKU-1000,Snacks,139.0,0,1220.0,7,False,False,False,99.57142857142857,106.42857142857143,104.96428571428571,19.919248354956956,0.18977167537897066,0.9069616135328561,0,0.10714285714285714,11.463087248322147,1.6375838926174495
2026-02-26,SKU-1000,Snacks,110.0,0,1110.0,7,False,False,False,103.71428571428571,106.28571428571429,105.42857142857143,19.878200550926568,0.1885466176917154,0.9515072083879422,0,0.10714285714285714,10.443548387096774,1.4919354838709677
2026-02-27,SKU-1000,Snacks,64.0,0,1046.0,7,False,False,False,97.85714285714286,102.42857142857143,104.5,21.1896201004171,0.20277148421451768,0.8907672301690507,0,0.10714285714285714,10.211994421199442,1.4588563458856345
2026-02-28,SKU-1000,Snacks,57.0,0,989.0,7,False,False,False,92.85714285714286,99.07142857142857,102.17857142857143,22.70756697410795,0.2222341402569111,0.8558262014483213,0,0.10714285714285714,9.982696467195385,1.4260994953136266
2026-03-01,SKU-1000,Snacks,97.0,0,892.0,7,False,False,False,90.57142857142857,98.5,102.92857142857143,22.15087753704977,0.21520630500950505,0.8217757615035645,0,0.10714285714285714,9.055837563451776,1.293691080493111
2026-03-02,SKU-1000,Snacks,126.0,0,728.0,7,True,False,False,100.28571428571429,98.57142857142857,103.64285714285714,22.5720480793692,0.21778681813312806,0.959016393442623,0,0.10714285714285714,7.385507246376812,1.055072463768116
2026-03-03,SKU-1000,Snacks,156.0,939,1511.0,7,False,False,False,107.0,99.5,105.42857142857143,24.6477834198783,0.23378656360318173,1.009433962264151,0,0.10714285714285714,15.185929648241206,2.1694185211773154
2026-03-04,SKU-1000,Snacks,76.0,0,1435.0,7,False,False,False,98.0,98.78571428571429,104.28571428571429,25.25845240685617,0.24220433814793585,0.9208053691275168,0,0.10714285714285714,14.52639190166305,2.0751988430947215
2026-03-05,SKU-1000,Snacks,66.0,0,1369.0,7,False,False,False,91.71428571428571,97.71428571428571,103.35714285714286,26.18766218648872,0.2533706085769468,0.8629032258064515,0,0.10714285714285714,14.010233918128655,2.0014619883040936
2026-03-06,SKU-1000,Snacks,75.0,0,1294.0,7,False,False,False,93.28571428571429,95.57142857142857,102.71428571428571,26.66785711628521,0.25963143228650415,0.9107391910739191,0,0.10714285714285714,13.539611360239164,1.9342301943198805
2026-03-07,SKU-1000,Snacks,136.0,0,1158.0,7,False,False,False,104.57142857142857,98.71428571428571,103.60714285714286,27.36494010755272,0.2641221382321531,1.0555155010814707,0,0.07142857142857142,11.730824891461651,1.6758321273516645
2026-03-08,SKU-1000,Snacks,113.0,0,1045.0,7,False,False,False,106.85714285714286,98.71428571428571,104.46428571428571,27.266153408449863,0.2610093317731953,1.084844089920232,0,0.03571428571428571,10.586107091172215,1.5123010130246022
2026-03-09,SKU-1000,Snacks,89.0,0,956.0,7,False,False,False,101.57142857142857,100.92857142857143,102.75,26.646693909306965,0.2593352205285349,1.0304347826086957,0,0.0,9.472045293701344,1.3531493276716204
2026-03-10,SKU-1000,Snacks,197.0,0,759.0,7,False,False,False,107.42857142857143,107.21428571428571,106.60714285714286,31.8844433049681,0.299083555289483,1.0796841349605169,0,0.0,7.079280479680214,1.011325782811459
2026-03-11,SKU-1000,Snacks,120.0,0,639.0,7,False,False,False,113.71428571428571,105.85714285714286,106.14285714285714,31.579076858548216,0.2975148560024731,1.1511207519884308,0,0.0,6.036437246963563,0.8623481781376519
2026-03-12,SKU-1000,Snacks,113.0,0,526.0,7,False,True,False,120.42857142857143,106.07142857142857,106.17857142857143,31.586510917758428,0.29748479841817554,1.2324561403508774,0,0.0,4.958922558922559,0.7084175084175085
2026-03-13,SKU-1000,Snacks,95.0,0,431.0,7,False,False,False,123.28571428571429,108.28571428571429,105.35714285714286,31.56675969212421,0.2996167021625349,1.289985052316891,0,0.0,3.980211081794195,0.5686015831134564
2026-03-14,SKU-1000,Snacks,91.0,0,340.0,7,False,False,False,116.85714285714286,110.71428571428571,104.89285714285714,31.682848831077525,0.30204963134837276,1.1837916063675833,0,0.0,3.070967741935484,0.4387096774193549
2026-03-15,SKU-1000,Snacks,118.0,1120,1342.0,7,False,False,False,117.57142857142857,112.21428571428571,105.35714285714286,31.779581478392686,0.3016367055576255,1.191027496382055,0,0.0,11.959261616804584,1.7084659452577977
2026-03-16,SKU-1000,Snacks,140.0,0,1202.0,7,False,False,False,124.85714285714286,113.21428571428571,105.89285714285714,32.24597509849734,0.304515110542302,1.2370842179759378,0,0.0,10.617034700315457,1.5167192429022083
2026-03-17,SKU-1000,Snacks,109.0,0,1093.0,7,False,False,False,112.28571428571429,109.85714285714286,104.67857142857143,31.426638348439344,0.3002203595210855,1.0473017988007995,0,0.0,9.94928478543563,1.4213263979193758
2026-03-18,SKU-1000,Snacks,77.0,0,1016.0,7,False,False,False,106.14285714285714,109.92857142857143,104.35714285714286,31.669841110729248,0.3034755479467553,1.0026990553306343,0,0.0,9.242365172189734,1.3203378817413907
2026-03-19,SKU-1000,Snacks,56.0,0,960.0,7,False,False,False,98.0,109.21428571428571,103.46428571428571,32.68874780110479,0.3159423329067774,0.9239057239057239,0,0.0,8.790058862001308,1.2557226945716153
2026-03-20,SKU-1000,Snacks,151.0,0,809.0,7,False,False,False,106.0,114.64285714285714,105.10714285714286,33.90218968751821,0.32254886552854567,0.9788918205804749,0,0.0,7.056697819314642,1.0080996884735203
2026-03-21,SKU-1000,Snacks,85.0,0,724.0,7,False,False,False,105.14285714285714,111.0,104.85714285714286,34.027999675337405,0.32451770807542485,0.9496774193548387,0,0.0,6.5225225225225225,0.9317889317889317
2026-03-22,SKU-1000,Snacks,108.0,0,616.0,7,False,False,False,103.71428571428571,110.64285714285714,104.67857142857143,33.996790231310754,0.32477315812920543,0.9242520687460216,0,0.0,5.567462879276953,0.7953518398967077
2026-03-23,SKU-1000,Snacks,123.0,0,493.0,7,False,False,False,101.28571428571429,113.07142857142857,107.0,32.89264242845087,0.30740787316309226,0.8946372239747635,0,0.0,4.360075805432722,0.6228679722046746
2026-03-24,SKU-1000,Snacks,94.0,0,399.0,7,False,False,False,99.14285714285714,105.71428571428571,106.46428571428571,32.980894742099075,0.3097836473595351,0.9024707412223666,0,0.0,3.7743243243243247,0.5391891891891892
2026-03-25,SKU-1000,Snacks,107.0,0,292.0,7,False,False,False,103.42857142857143,104.78571428571429,105.32142857142857,32.36030212218597,0.30725278379830695,0.9408706952566601,0,0.0,2.7866394001363326,0.39809134287661896
2026-03-26,SKU-1000,Snacks,96.0,1114,1310.0,7,False,False,False,109.14285714285714,103.57142857142857,104.82142857142857,32.39347621956159,0.3090348668305706,0.999345977763244,0,0.0,12.648275862068965,1.806896551724138
2026-03-27,SKU-1000,Snacks,134.0,0,1176.0,7,False,False,False,106.71428571428571,106.35714285714286,107.32142857142857,31.82248630953646,0.2965156794233014,0.930841121495327,0,0.0,11.057085292142377,1.5795836131631966
2026-03-28,SKU-1000,Snacks,182.0,0,994.0,7,False,False,False,120.57142857142857,112.85714285714286,111.78571428571429,33.238038386270574,0.29733708460561536,1.0862290862290862,0,0.0,8.80759493670886,1.2582278481012656
2026-03-29,SKU-1000,Snacks,105.0,0,889.0,7,False,False,False,120.14285714285714,111.92857142857143,112.07142857142857,33.140473824177676,0.29570849811248406,1.0858618463524854,0,0.0,7.94256541161455,1.1346522016592213
2026-03-30,SKU-1000,Snacks,117.0,0,772.0,7,False,False,False,119.28571428571429,110.28571428571429,111.75,33.043882159155395,0.2956946949365136,1.054958938723942,0,0.0,7.0,1.0
2026-03-31,SKU-1000,Snacks,139.0,0,633.0,7,False,False,False,125.71428571428571,112.42857142857143,111.14285714285714,32.34961135002018,0.2910633411955544,1.1891891891891893,0,0.0,5.630241423125794,0.8043202033036848
2026-04-01,SKU-1000,Snacks,128.0,0,505.0,7,False,False,False,128.71428571428572,116.07142857142857,113.0,31.74434916175954,0.28092344390937646,1.2283571915473757,0,0.0,4.350769230769231,0.6215384615384616
2026-04-02,SKU-1000,Snacks,124.0,898,1279.0,7,False,False,False,132.71428571428572,120.92857142857143,115.07142857142857,30.42894403229653,0.2644352678163572,1.2813793103448277,0,0.0,10.576491435321914,1.5109273479031307
2026-04-03,SKU-1000,Snacks,108.0,0,1171.0,7,False,False,False,129.0,117.85714285714286,116.25,29.442505177228224,0.2532688617395976,1.2128945601074546,0,0.0,9.935757575757576,1.4193939393939394
2026-04-04,SKU-1000,Snacks,91.0,0,1080.0,7,False,False,False,116.0,118.28571428571429,114.64285714285714,29.55248223667863,0.25777866125451765,1.0278481012658227,0,0.0,9.130434782608695,1.3043478260869565
2026-04-05,SKU-1000,Snacks,72.0,0,1008.0,7,False,True,False,111.28571428571429,115.71428571428571,113.17857142857143,30.632896347298576,0.2706598604368445,0.994256541161455,0,0.0,8.711111111111112,1.2444444444444447
2026-04-06,SKU-1000,Snacks,86.0,0,922.0,7,False,False,False,106.85714285714286,113.07142857142857,113.07142857142857,30.725702320187622,0.2717371020105033,0.9689119170984456,0,0.0,8.154137713202779,1.1648768161718255
2026-04-07,SKU-1000,Snacks,93.0,0,811.0,7,True,False,False,100.28571428571429,113.0,109.35714285714286,26.14944838411799,0.23911971089330622,0.8919949174078781,0,0.0,7.176991150442478,1.0252844500632112
2026-04-08,SKU-1000,Snacks,100.0,0,711.0,7,False,False,False,96.28571428571429,112.5,108.64285714285714,26.12110582100554,0.2404309543024836,0.8295384615384616,0,0.0,6.32,0.9028571428571429
2026-04-09,SKU-1000,Snacks,155.0,0,556.0,7,False,False,False,100.71428571428571,116.71428571428571,110.14285714285714,27.547553881746467,0.25010749308978636,0.8328411104548139,0,0.0,4.763769889840882,0.6805385556915545
2026-04-10,SKU-1000,Snacks,119.0,1012,1449.0,7,False,False,False,102.28571428571429,115.64285714285714,111.0,27.432070984862197,0.24713577463839817,0.8678787878787879,0,0.0,12.52995676343422,1.7899938233477457
2026-04-11,SKU-1000,Snacks,80.0,0,1369.0,7,False,False,False,100.71428571428571,108.35714285714286,110.60714285714286,27.805327607964692,0.2513881734010369,0.8514492753623187,0,0.0,12.634146341463413,1.8048780487804876
2026-04-12,SKU-1000,Snacks,123.0,0,1246.0,7,False,False,False,108.0,109.64285714285714,110.78571428571429,27.870543514025623,0.25157163713498304,0.9333333333333333,0,0.0,11.364169381107493,1.6234527687296418
2026-04-13,SKU-1000,Snacks,92.0,0,1154.0,7,False,False,False,108.85714285714286,107.85714285714286,109.07142857142857,27.48053664286588,0.251949910281678,0.9627289955780165,0,0.0,10.699337748344371,1.528476821192053
2026-04-14,SKU-1000,Snacks,105.0,0,1049.0,7,False,False,False,110.57142857142857,105.42857142857143,108.92857142857143,27.491316570373396,0.25237929966244427,0.9785082174462705,0,0.0,9.949864498644986,1.4214092140921408
2026-04-15,SKU-1000,Snacks,117.0,0,932.0,7,False,False,False,113.0,104.64285714285714,110.35714285714286,26.801346408570023,0.2428600969061361,1.0044444444444445,0,0.0,8.906484641638226,1.2723549488054609
2026-04-16,SKU-1000,Snacks,118.0,0,814.0,7,False,False,False,107.71428571428571,104.21428571428571,112.57142857142857,24.616207505577943,0.21867189408508325,0.9228886168910648,0,0.0,7.81082933516107,1.115832762165867
2026-04-17,SKU-1000,Snacks,135.0,0,679.0,7,False,False,False,110.0,106.14285714285714,112.0,23.865363092891663,0.21308359904367555,0.9512044471896233,0,0.0,6.397039030955586,0.9138627187079409
2026-04-18,SKU-1000,Snacks,156.0,0,523.0,7,False,False,False,120.85714285714286,110.78571428571429,114.53571428571429,24.649366520080587,0.21521118258879215,1.115359261700725,0,0.0,4.7208252740167636,0.6744036105738234
2026-04-19,SKU-1000,Snacks,149.0,0,374.0,7,False,False,False,124.57142857142857,116.28571428571429,116.0,25.45147889176143,0.2194093007910468,1.136156351791531,0,0.0,3.2162162162162162,0.4594594594594595
2026-04-20,SKU-1000,Snacks,119.0,0,255.0,7,False,False,False,128.42857142857142,118.64285714285714,115.85714285714286,25.421941945396934,0.21942489965200807,1.1907284768211919,0,0.0,2.149307645996388,0.3070439494280554
2026-04-21,SKU-1000,Snacks,99.0,0,156.0,7,False,False,False,127.57142857142857,119.07142857142857,116.03571428571429,25.279888277497413,0.2178629953123815,1.2100271002710026,0,0.0,1.3101379724055189,0.1871625674865027
2026-04-22,SKU-1000,Snacks,76.0,0,80.0,7,False,False,False,121.71428571428571,117.35714285714286,114.92857142857143,26.34659099661391,0.22924317834219685,1.1631399317406144,0,0.0,0.6816798539257456,0.09738283627510651
2026-04-23,SKU-1000,Snacks,102.0,0,0.0,7,False,False,False,119.42857142857143,113.57142857142857,115.14285714285714,26.210987639077487,0.22763885046345214,1.1459904043865663,1,0.03571428571428571,0.0,0.0
2026-04-24,SKU-1000,Snacks,117.0,0,0.0,7,False,False,False,116.85714285714286,113.42857142857143,114.53571428571429,25.953636928979137,0.22659863860661547,1.100942126514132,1,0.07142857142857142,0.0,0.0
2026-04-25,SKU-1000,Snacks,76.0,909,833.0,7,False,False,False,105.42857142857143,113.14285714285714,110.75,23.348606112729886,0.21082262855738046,0.9516441005802707,0,0.07142857142857142,7.362373737373738,1.051767676767677
2026-04-26,SKU-1000,Snacks,124.0,0,709.0,7,False,False,False,101.85714285714286,113.21428571428571,111.42857142857143,23.451176344858947,0.21045927488975977,0.8759213759213759,0,0.07142857142857142,6.262460567823344,0.8946372239747634
2026-04-27,SKU-1000,Snacks,125.0,907,1491.0,7,False,False,False,102.71428571428571,115.57142857142857,111.71428571428571,23.570001560139392,0.21098466869689994,0.8657435279951836,0,0.07142857142857142,12.901112484548825,1.8430160692212607
2026-04-28,SKU-1000,Snacks,128.0,0,1363.0,7,False,False,False,106.85714285714286,117.21428571428571,111.32142857142857,23.186927305781545,0.2082880861603732,0.8974205158968207,0,0.07142857142857142,11.628275441803778,1.6611822059719683
2026-04-29,SKU-1000,Snacks,42.0,0,1321.0,7,False,False,False,102.0,111.85714285714286,108.25,26.372860629400407,0.2436291975002347,0.8691418137553256,0,0.07142857142857142,11.80970625798212,1.6871008939974457
2026-04-30,SKU-1000,Snacks,142.0,0,1179.0,7,False,False,False,107.71428571428571,113.57142857142857,108.89285714285714,26.983313479800927,0.247796909620999,0.9484276729559749,0,0.07142857142857142,10.3811320754717,1.4830188679245284
2026-05-01,SKU-1000,Snacks,101.0,0,1078.0,7,False,False,False,105.42857142857143,111.14285714285714,108.64285714285714,27.02428850704805,0.24874427291168488,0.929471032745592,0,0.07142857142857142,9.699228791773779,1.3856041131105399
2026-05-02,SKU-1000,Snacks,109.0,0,969.0,7,False,False,False,110.14285714285714,107.78571428571429,109.28571428571429,26.802234764283895,0.2452492069934474,0.9734848484848485,0,0.07142857142857142,8.990059642147116,1.2842942345924453
2026-05-03,SKU-1000,Snacks,80.0,0,889.0,7,False,False,False,103.85714285714286,102.85714285714286,109.57142857142857,26.430101485810916,0.24121344250414134,0.9173501577287068,0,0.07142857142857142,8.643055555555556,1.2347222222222223
2026-05-04,SKU-1000,Snacks,149.0,0,740.0,7,False,False,False,107.28571428571429,105.0,111.82142857142857,27.024068245737247,0.2416716419293015,0.9283065512978987,0,0.07142857142857142,7.0476190476190474,1.0068027210884354
2026-05-05,SKU-1000,Snacks,89.0,0,651.0,7,False,False,False,101.71428571428571,104.28571428571429,111.67857142857143,27.13758302978385,0.24299722572240096,0.8677635588056063,0,0.07142857142857142,6.242465753424657,0.8917808219178082
2026-05-06,SKU-1000,Snacks,108.0,892,1435.0,7,False,False,False,111.14285714285714,106.57142857142857,111.96428571428571,27.052051531510354,0.24161321942018818,0.9936143039591315,0,0.07142857142857142,13.46514745308311,1.9235924932975872
2026-05-07,SKU-1000,Snacks,102.0,0,1333.0,7,False,False,False,105.42857142857143,106.57142857142857,110.07142857142857,25.75227939775223,0.2339597089996958,0.9283018867924528,0,0.07142857142857142,12.50804289544236,1.78686327077748
2026-05-08,SKU-1000,Snacks,62.0,0,1271.0,7,False,False,False,99.85714285714286,102.64285714285714,108.03571428571429,27.230813351187212,0.25205380953165024,0.8984575835475579,0,0.07142857142857142,12.382741823242867,1.7689631176061238
2026-05-09,SKU-1000,Snacks,86.0,0,1185.0,7,False,False,False,96.57142857142857,103.35714285714286,108.25,27.02485138890855,0.24965220682594505,0.8959575878064943,0,0.07142857142857142,11.4651002073255,1.6378714581893572
2026-05-10,SKU-1000,Snacks,93.0,0,1092.0,7,False,False,False,98.42857142857143,101.14285714285714,107.17857142857143,27.01310185738898,0.2520382712452154,0.9569444444444444,0,0.07142857142857142,10.796610169491526,1.5423728813559323
2026-05-11,SKU-1000,Snacks,112.0,0,980.0,7,False,False,False,93.14285714285714,100.21428571428571,107.89285714285714,26.860875148747734,0.24895878985929712,0.8870748299319727,0,0.07142857142857142,9.77904490377762,1.3970064148253745
2026-05-12,SKU-1000,Snacks,142.0,0,838.0,7,False,False,False,100.71428571428571,101.21428571428571,109.21428571428571,27.61287561031808,0.2528320853789752,0.9657534246575341,0,0.07142857142857142,8.279463655610446,1.1827805222300636
2026-05-13,SKU-1000,Snacks,97.0,0,741.0,7,False,False,False,99.14285714285714,105.14285714285714,108.5,27.662650310883482,0.2549553024044561,0.9302949061662198,0,0.07142857142857142,7.047554347826087,1.0067934782608696
2026-05-14,SKU-1000,Snacks,150.0,761,1352.0,7,False,False,False,106.0,105.71428571428571,109.64285714285714,28.710837140567133,0.26185779802471654,0.9946380697050938,0,0.07142857142857142,12.78918918918919,1.827027027027027
2026-05-15,SKU-1000,Snacks,111.0,0,1241.0,7,False,False,False,113.0,106.42857142857143,108.78571428571429,28.280810327927885,0.25996805291594904,1.1009046624913013,0,0.07142857142857142,11.660402684563758,1.665771812080537
2026-05-16,SKU-1000,Snacks,90.0,0,1151.0,7,False,False,False,113.57142857142857,105.07142857142857,106.42857142857143,26.917471362486197,0.25291583830523945,1.0988251554941257,0,0.07142857142857142,10.954452753229097,1.564921821889871
2026-05-17,SKU-1000,Snacks,127.0,0,1024.0,7,False,False,False,118.42857142857143,108.42857142857143,105.64285714285714,25.931839839477597,0.24546704378139714,1.17090395480226,0,0.07142857142857142,9.444005270092227,1.3491436100131753
2026-05-18,SKU-1000,Snacks,130.0,0,894.0,7,False,False,False,121.0,107.07142857142857,106.03571428571429,26.22337399945598,0.24730699628991828,1.2074126870990736,0,0.07142857142857142,8.349566377585058,1.1927951967978654
2026-05-19,SKU-1000,Snacks,89.0,0,805.0,7,False,False,False,113.42857142857143,107.07142857142857,105.67857142857143,26.39030906788347,0.24972242443417952,1.1206774876499648,0,0.07142857142857142,7.51834556370914,1.0740493662441628
2026-05-20,SKU-1000,Snacks,96.0,0,709.0,7,False,False,False,113.28571428571429,106.21428571428571,106.39285714285714,25.821810025942657,0.24270247758522806,1.077445652173913,0,0.07142857142857142,6.67518493611298,0.95359784801614
2026-05-21,SKU-1000,Snacks,111.0,0,598.0,7,False,False,False,107.71428571428571,106.85714285714286,106.71428571428571,25.821118463965856,0.24196496552578448,1.018918918918919,0,0.03571428571428571,5.596256684491978,0.7994652406417112
2026-05-22,SKU-1000,Snacks,94.0,1055,1559.0,7,False,False,False,105.28571428571429,109.14285714285714,105.89285714285714,25.847615099834766,0.24409214934076676,0.989261744966443,0,0.0,14.284031413612565,2.0405759162303663
2026-05-23,SKU-1000,Snacks,88.0,0,1471.0,7,False,False,False,105.0,109.28571428571429,106.32142857142857,25.4297195210768,0.23917774490767565,0.9993201903467029,0,0.0,13.460130718954247,1.9228758169934639
2026-05-24,SKU-1000,Snacks,168.0,0,1303.0,7,False,False,False,110.85714285714286,114.64285714285714,107.89285714285714,27.810655146589756,0.25776178222592294,1.0223978919631094,0,0.0,11.365732087227414,1.6236760124610592
2026-05-25,SKU-1000,Snacks,115.0,0,1188.0,7,False,False,False,108.71428571428571,114.85714285714286,107.53571428571429,27.646555130468066,0.25709184445470135,1.0153435623749165,0,0.0,10.343283582089551,1.4776119402985073
2026-05-26,SKU-1000,Snacks,136.0,0,1052.0,7,False,False,False,115.42857142857143,114.42857142857143,107.82142857142857,27.90599772440879,0.25881680565864396,1.0780520346897933,0,0.0,9.19350811485643,1.3133583021223472
2026-05-27,SKU-1000,Snacks,122.0,0,930.0,7,False,False,False,119.14285714285714,116.21428571428571,110.67857142857143,24.84478270207302,0.22447690082544192,1.1217215870880968,0,0.0,8.002458512599878,1.1432083589428397
2026-05-28,SKU-1000,Snacks,99.0,0,831.0,7,False,False,False,117.42857142857143,112.57142857142857,109.14285714285714,24.156456518587134,0.22132879009176695,1.0989304812834224,0,0.0,7.381979695431472,1.0545685279187818
2026-05-29,SKU-1000,Snacks,155.0,0,676.0,7,False,False,False,126.14285714285714,115.71428571428571,111.07142857142857,25.595035067485636,0.2304376147554977,1.155759162303665,0,0.0,5.841975308641976,0.8345679012345679
2026-05-30,SKU-1000,Snacks,108.0,773,1341.0,7,False,False,False,129.0,117.0,111.03571428571429,25.598729920544354,0.2305450105420527,1.1803921568627451,0,0.0,11.461538461538462,1.6373626373626373
2026-05-31,SKU-1000,Snacks,65.0,0,1276.0,7,False,False,False,114.28571428571429,112.57142857142857,110.5,26.41618471344441,0.23906049514429328,0.9968847352024923,0,0.0,11.33502538071066,1.6192893401015227
2026-06-01,SKU-1000,Snacks,141.0,0,1135.0,7,False,False,False,118.0,113.35714285714286,110.21428571428571,26.024713529368842,0.2361283145892183,1.027363184079602,0,0.0,10.012602394454946,1.430371770636421
2026-06-02,SKU-1000,Snacks,179.0,0,956.0,7,False,False,False,124.14285714285714,119.78571428571429,113.42857142857143,28.725299948701256,0.2532457174318751,1.0848938826466916,0,0.0,7.980918306499701,1.1401311866428145
2026-06-03,SKU-1000,Snacks,84.0,0,872.0,7,False,False,False,118.71428571428571,118.92857142857143,112.57142857142857,29.246625093591202,0.2598050452476376,1.0215119852489245,0,0.0,7.332132132132132,1.0474474474474476
2026-06-04,SKU-1000,Snacks,139.0,0,733.0,7,False,False,False,124.42857142857143,120.92857142857143,113.89285714285714,29.5852056192684,0.25976348615224687,1.1053299492385786,0,0.0,6.06142941523922,0.8659184878913172
2026-06-05,SKU-1000,Snacks,104.0,0,634.0,7,True,False,False,117.14285714285714,121.64285714285714,115.39285714285714,27.871848648590678,0.2415387688519155,1.0123456790123457,0,0.0,5.211978860833823,0.7445684086905462
2026-06-06,SKU-1000,Snacks,70.0,0,564.0,7,False,False,False,111.71428571428571,120.35714285714286,114.82142857142857,28.649935132017003,0.24951731996779972,0.9548229548229548,0,0.0,4.686053412462908,0.6694362017804154
2026-06-07,SKU-1000,Snacks,70.0,880,1374.0,7,False,False,False,112.42857142857143,113.35714285714286,114.0,29.61230975268373,0.2597571030937169,0.9987309644670052,0,0.0,12.120982986767485,1.7315689981096407
2026-06-08,SKU-1000,Snacks,92.0,0,1282.0,7,False,False,False,105.42857142857143,111.71428571428571,113.28571428571429,29.90213313691124,0.2639532559374258,0.9300567107750473,0,0.0,11.475703324808185,1.6393861892583121
2026-06-09,SKU-1000,Snacks,106.0,0,1176.0,7,False,False,False,95.0,109.57142857142857,112.0,29.391356754186273,0.26242282816237744,0.7930828861061419,0,0.0,10.732724902216427,1.5332464146023468
2026-06-10,SKU-1000,Snacks,120.0,0,1056.0,7,False,False,False,100.14285714285714,109.42857142857143,112.82142857142857,29.277792837561247,0.2595056028653735,0.842042042042042,0,0.0,9.650130548302872,1.3785900783289817
2026-06-11,SKU-1000,Snacks,112.0,0,944.0,7,False,False,False,96.28571428571429,110.35714285714286,111.46428571428571,28.35682965988595,0.2544028293741771,0.796219728292971,0,0.0,8.554045307443365,1.2220064724919093
2026-06-12,SKU-1000,Snacks,152.0,0,792.0,7,False,False,False,103.14285714285714,110.14285714285714,112.92857142857143,29.372358600143922,0.2600967870980486,0.8479154433352907,0,0.0,7.190661478599222,1.0272373540856032
2026-06-13,SKU-1000,Snacks,109.0,0,683.0,7,False,False,False,108.71428571428571,110.21428571428571,113.60714285714286,29.040634731501044,0.2556233173473842,0.9032640949554895,0,0.0,6.19701879455606,0.8852883992222943
2026-06-14,SKU-1000,Snacks,115.0,0,568.0,7,False,False,False,115.14285714285714,113.78571428571429,113.17857142857143,28.92397899402086,0.25556055911410036,1.015752993068683,0,0.0,4.991839296924042,0.7131198995605775
2026-06-15,SKU-1000,Snacks,126.0,0,442.0,7,False,False,False,120.0,112.71428571428571,113.03571428571429,28.847597169155378,0.2552078106591945,1.0741687979539642,0,0.0,3.9214195183776934,0.5602027883396705
2026-06-16,SKU-1000,Snacks,121.0,0,321.0,7,False,False,False,122.14285714285714,108.57142857142857,114.17857142857143,28.491783833795754,0.2495370495296469,1.1147327249022163,0,0.0,2.956578947368421,0.42236842105263156
2026-06-17,SKU-1000,Snacks,78.0,0,243.0,7,False,False,False,116.14285714285714,108.14285714285714,113.53571428571429,29.113420785631995,0.25642522239625537,1.0613577023498695,0,0.0,2.2470277410832233,0.32100396301188905
2026-06-18,SKU-1000,Snacks,148.0,0,95.0,7,False,False,False,121.28571428571429,108.78571428571429,114.85714285714286,29.82506314384582,0.25967094776980193,1.0990291262135923,0,0.0,0.8732764281024293,0.12475377544320419
2026-06-19,SKU-1000,Snacks,72.0,0,23.0,7,False,False,False,109.85714285714286,106.5,114.07142857142857,30.67261847005441,0.2688895795746786,0.9974059662775617,0,0.0,0.215962441314554,0.03085177733065057
2026-06-20,SKU-1000,Snacks,64.0,944,903.0,7,False,False,False,103.42857142857143,106.07142857142857,113.21428571428571,31.74476584777651,0.28039540811916164,0.9384316267012315,0,0.0,8.513131313131312,1.216161616161616
2026-06-21,SKU-1000,Snacks,74.0,0,829.0,7,False,False,False,97.57142857142857,106.35714285714286,109.85714285714286,30.68926013820938,0.27935607407992935,0.8575015693659761,0,0.0,7.7944929482874405,1.1134989926124914
2026-06-22,SKU-1000,Snacks,103.0,0,726.0,7,False,False,False,94.28571428571429,107.14285714285714,109.42857142857143,30.698568637676182,0.2805352225375108,0.8365019011406845,0,0.0,6.776000000000001,0.9680000000000001
2026-06-23,SKU-1000,Snacks,50.0,0,676.0,7,False,False,False,84.14285714285714,103.14285714285714,106.35714285714286,32.20675600359546,0.3028170477168142,0.775,0,0.0,6.554016620498615,0.9362880886426593
2026-06-24,SKU-1000,Snacks,59.0,0,617.0,7,False,False,False,81.42857142857143,98.78571428571429,104.10714285714286,33.25695614867861,0.3194493214967414,0.7529722589167768,0,0.0,6.2458423716558205,0.8922631959508315
2026-06-25,SKU-1000,Snacks,136.0,0,481.0,7,False,True,False,79.71428571428571,100.5,105.42857142857143,33.77751670742884,0.3203829497994605,0.732764281024294,0,0.0,4.786069651741293,0.6837242359630419
2026-06-26,SKU-1000,Snacks,60.0,0,421.0,7,False,False,False,78.0,93.92857142857143,102.03571428571429,33.38272134886676,0.3271670275702727,0.7323943661971831,0,0.0,4.48212927756654,0.6403041825095057
2026-06-27,SKU-1000,Snacks,168.0,0,253.0,7,False,False,False,92.85714285714286,98.14285714285714,104.17857142857143,35.62983931672229,0.3420073708838615,0.8754208754208754,0,0.0,2.577874818049491,0.3682678311499273
2026-06-28,SKU-1000,Snacks,151.0,0,102.0,7,False,False,False,103.85714285714286,100.71428571428571,107.25,35.83359173033448,0.33411274340638214,0.9764942914707858,0,0.0,1.0127659574468086,0.1446808510638298
2026-06-29,SKU-1000,Snacks,116.0,0,0.0,7,False,False,False,105.71428571428571,100.0,106.35714285714286,35.268508968593,0.3316045168302901,0.9866666666666667,1,0.03571428571428571,0.0,0.0
2026-01-01,SKU-1001,Beverages,453.0,0,3108.0,5,True,False,False,,,,,,,0,,,
2026-01-02,SKU-1001,Beverages,453.0,0,2655.0,5,False,False,False,,,,,,,0,,,
2026-01-03,SKU-1001,Beverages,340.0,0,2315.0,5,False,False,False,415.3333333333333,,,,,,0,,,
2026-01-04,SKU-1001,Beverages,373.0,0,1942.0,5,False,False,False,404.75,,,,,,0,,,
2026-01-05,SKU-1001,Beverages,445.0,0,1497.0,5,False,False,False,412.8,412.8,,,,,0,0.0,3.626453488372093,0.7252906976744187
2026-01-06,SKU-1001,Beverages,468.0,3067,4096.0,5,False,False,False,422.0,422.0,,,,,0,0.0,9.706161137440759,1.9412322274881517
2026-01-07,SKU-1001,Beverages,450.0,0,3646.0,5,False,False,False,426.0,426.0,426.0,48.92851929090026,0.11485567908662034,,0,0.0,8.55868544600939,1.711737089201878
2026-01-08,SKU-1001,Beverages,435.0,0,3211.0,5,False,False,False,423.42857142857144,427.125,427.125,45.4106265096618,0.10631694822279615,,0,0.0,7.517705589698566,1.5035411179397131
2026-01-09,SKU-1001,Beverages,457.0,0,2754.0,5,False,False,False,424.0,430.44444444444446,430.44444444444446,43.6294370554764,0.10135904323678048,,0,0.0,6.398038203407331,1.279607640681466
2026-01-10,SKU-1001,Beverages,393.0,0,2361.0,5,False,False,False,431.57142857142856,426.7,426.7,42.80459476894195,0.1003154318465947,,0,0.0,5.533161471760019,1.106632294352004
2026-01-11,SKU-1001,Beverages,342.0,0,2019.0,5,False,False,False,427.14285714285717,419.0,419.0,47.97082446654424,0.11448884120893613,,0,0.0,4.818615751789976,0.9637231503579953
2026-01-12,SKU-1001,Beverages,424.0,0,1595.0,5,False,False,False,424.14285714285717,419.4166666666667,419.4166666666667,45.761155288446695,0.10910666867899073,1.0274778516057586,0,0.0,3.8029008543612157,0.7605801708722432
2026-01-13,SKU-1001,Beverages,502.0,0,1093.0,5,False,False,False,429.0,425.7692307692308,425.7692307692308,49.43877332309437,0.11611636010844205,1.0165876777251184,0,0.0,2.567118337850045,0.513423667570009
2026-01-14,SKU-1001,Beverages,475.0,3066,3684.0,5,False,False,False,432.57142857142856,429.2857142857143,429.2857142857143,49.287896113515565,0.1148137347070246,1.0154258886653253,0,0.0,8.581697171381032,1.7163394342762064
2026-01-15,SKU-1001,Beverages,479.0,0,3205.0,5,False,False,False,438.85714285714283,431.14285714285717,432.6,49.19901276593725,0.11372864717045134,1.02746770349931,0,0.0,7.433730947647448,1.4867461895294896
2026-01-16,SKU-1001,Beverages,511.0,0,2694.0,5,False,False,False,446.57142857142856,435.2857142857143,437.5,51.41335753803026,0.11751624580121203,1.037465889814883,0,0.0,6.18903839842468,1.237807679684936
2026-01-17,SKU-1001,Beverages,436.0,0,2258.0,5,False,False,False,452.7142857142857,442.14285714285717,437.4117647058824,49.782098719732346,0.11381060761638648,1.0609662191569855,0,0.0,5.106946688206785,1.021389337641357
2026-01-18,SKU-1001,Beverages,379.0,0,1879.0,5,False,False,False,458.0,442.57142857142856,434.1666666666667,50.21981094911356,0.11566943020909072,1.0930787589498807,0,0.0,4.2456423499031635,0.8491284699806327
2026-01-19,SKU-1001,Beverages,479.0,2631,4031.0,5,False,False,False,465.85714285714283,445.0,436.5263157894737,49.87692454772228,0.11425868898079616,1.110726348954046,0,0.0,9.058426966292135,1.811685393258427
2026-01-20,SKU-1001,Beverages,443.0,0,3588.0,5,False,False,False,457.42857142857144,443.2142857142857,436.85,48.56821030912688,0.11117823122153343,1.0743579816750548,0,0.0,8.095406929895246,1.6190813859790492
2026-01-21,SKU-1001,Beverages,503.0,0,3085.0,5,False,False,False,461.42857142857144,447.0,440.0,49.49040311009802,0.11247818888658641,1.074875207986689,0,0.0,6.901565995525727,1.3803131991051454
2026-01-22,SKU-1001,Beverages,414.0,0,2671.0,5,False,False,False,452.14285714285717,445.5,438.8181818181818,48.61475022453514,0.110785633409962,1.0487077534791251,0,0.0,5.995510662177328,1.1991021324354656
2026-01-23,SKU-1001,Beverages,393.0,0,2278.0,5,False,False,False,435.2857142857143,440.92857142857144,436.82608695652175,48.448334406038846,0.11090989263848845,1.0,0,0.0,5.1663696743884655,1.0332739348776931
2026-01-24,SKU-1001,Beverages,359.0,0,1919.0,5,False,False,False,424.2857142857143,438.5,433.5833333333333,49.97557374372497,0.11526174993747831,0.9596122778675282,0,0.0,4.376282782212087,0.8752565564424174
2026-01-25,SKU-1001,Beverages,436.0,0,1483.0,5,False,False,False,432.42857142857144,445.2142857142857,433.68,48.92572602084374,0.11281526937106562,0.9770819883795998,0,0.0,3.3309802663244024,0.6661960532648805
2026-01-26,SKU-1001,Beverages,435.0,0,1048.0,5,False,False,False,426.14285714285717,446.0,433.7307692307692,47.93792460447798,0.11052461113030304,0.9576243980738364,0,0.0,2.3497757847533634,0.4699551569506727
2026-01-27,SKU-1001,Beverages,468.0,0,580.0,5,False,False,False,429.7142857142857,443.57142857142856,435.0,47.46739771836925,0.10912045452498678,0.9695406929895246,0,0.0,1.3075684380032206,0.26151368760064414
2026-01-28,SKU-1001,Beverages,501.0,0,79.0,5,False,False,False,429.42857142857144,445.42857142857144,437.35714285714283,48.221106709356356,0.11025567433137172,0.9606903163950145,0,0.0,0.17735728030788966,0.035471456061577936
2026-01-29,SKU-1001,Beverages,518.0,0,0.0,5,False,False,False,444.2857142857143,448.2142857142857,439.67857142857144,50.512230694510514,0.11488444963417223,0.9972743306076639,1,0.03571428571428571,0.0,0.0
2026-01-30,SKU-1001,Beverages,403.0,0,0.0,5,False,False,False,445.7142857142857,440.5,437.89285714285717,50.90611495373164,0.11625244423003718,1.010853717803337,1,0.07142857142857142,0.0,0.0
2026-01-31,SKU-1001,Beverages,407.0,2562,2155.0,5,False,False,False,452.57142857142856,438.42857142857144,440.2857142857143,47.60163173584856,0.10811532191789094,1.0320899169245805,0,0.07142857142857142,4.915281850765721,0.9830563701531443
2026-02-01,SKU-1001,Beverages,135.0,0,2020.0,5,False,False,False,409.57142857142856,421.0,431.7857142857143,73.99417251471608,0.17136781062134412,0.9199422429006898,0,0.07142857142857142,4.798099762470309,0.9596199524940617
2026-02-02,SKU-1001,Beverages,471.0,0,1549.0,5,False,False,False,414.7142857142857,420.42857142857144,432.7142857142857,74.3285285656198,0.1717727632747899,0.9298526585522101,0,0.07142857142857142,3.6843357118586475,0.7368671423717295
2026-02-03,SKU-1001,Beverages,366.0,2691,3874.0,5,False,False,False,400.14285714285717,414.92857142857144,429.07142857142856,75.03131621328798,0.17486905726419708,0.9020933977455717,0,0.07142857142857142,9.336546737820623,1.8673093475641245
2026-02-04,SKU-1001,Beverages,460.0,0,3414.0,5,False,False,False,394.2857142857143,411.85714285714283,429.42857142857144,75.15831615179046,0.17501936562293186,0.8851828094932649,0,0.07142857142857142,8.289281997918835,1.657856399583767
2026-02-05,SKU-1001,Beverages,441.0,0,2973.0,5,False,False,False,383.2857142857143,413.7857142857143,429.64285714285717,75.18333852346802,0.17499031410283497,0.8551394422310756,0,0.07142857142857142,7.184878301398239,1.4369756602796477
2026-02-06,SKU-1001,Beverages,1068.0,0,1905.0,5,False,False,False,478.2857142857143,462.0,451.4642857142857,142.20967361555003,0.31499650828537307,1.085779147073131,0,0.07142857142857142,4.123376623376624,0.8246753246753247
2026-02-07,SKU-1001,Beverages,446.0,0,1459.0,5,False,False,False,483.85714285714283,468.2142857142857,453.35714285714283,141.75466921193896,0.3126777011134623,1.1036168132942326,0,0.07142857142857142,3.1160945842868037,0.6232189168573607
2026-02-08,SKU-1001,Beverages,507.0,3180,4132.0,5,False,False,False,537.0,473.2857142857143,459.25,140.3769066688888,0.3056655561652451,1.2755344418052257,0,0.07142857142857142,8.730455780259584,1.7460911560519168
2026-02-09,SKU-1001,Beverages,439.0,0,3693.0,5,False,False,False,532.4285714285714,473.57142857142856,459.7857142857143,140.26597938753702,0.30506815464121767,1.2663948352021746,0,0.07142857142857142,7.798190045248869,1.5596380090497737
2026-02-10,SKU-1001,Beverages,462.0,0,3231.0,5,False,False,False,546.1428571428571,473.14285714285717,458.35714285714283,140.02359967379948,0.30549016603291146,1.3162334308831123,0,0.07142857142857142,6.828804347826087,1.3657608695652175
2026-02-11,SKU-1001,Beverages,447.0,0,2784.0,5,False,False,False,544.2857142857143,469.2857142857143,457.35714285714283,140.00032123923836,0.3061072149538243,1.3215400624349638,0,0.07142857142857142,5.932420091324201,1.1864840182648402
2026-02-12,SKU-1001,Beverages,343.0,0,2441.0,5,False,False,False,530.2857142857143,456.7857142857143,452.5,141.5719945103184,0.3128662862106484,1.2815466942862077,0,0.07142857142857142,5.343862392494136,1.0687724784988273
2026-02-13,SKU-1001,Beverages,464.0,0,1977.0,5,False,False,False,444.0,461.14285714285717,450.82142857142856,141.1306338826047,0.3130521863830256,0.961038961038961,0,0.07142857142857142,4.287174721189591,0.8574349442379182
2026-02-14,SKU-1001,Beverages,352.0,2366,3991.0,5,False,False,False,430.57142857142856,457.2142857142857,447.82142857142856,142.3449262964017,0.3178609088682708,0.9196033562166285,0,0.07142857142857142,8.72894860178097,1.745789720356194
2026-02-15,SKU-1001,Beverages,382.0,0,3609.0,5,False,False,False,412.7142857142857,474.85714285714283,447.92857142857144,142.29232523262036,0.3176674459028361,0.8720193178388168,0,0.07142857142857142,7.600180505415163,1.5200361010830326
2026-02-16,SKU-1001,Beverages,745.0,0,2864.0,5,False,False,False,456.42857142857144,494.42857142857144,457.42857142857144,152.92589068672459,0.3343164381033954,0.9638009049773756,0,0.07142857142857142,5.792545507078879,1.1585091014157758
2026-02-17,SKU-1001,Beverages,416.0,0,2448.0,5,False,False,False,449.85714285714283,498.0,456.4642857142857,153.10526084844665,0.3354156406976376,0.9507850241545893,0,0.07142857142857142,4.9156626506024095,0.9831325301204819
2026-02-18,SKU-1001,Beverages,455.0,0,1993.0,5,False,False,False,451.0,497.64285714285717,454.75,152.83339391735134,0.3360822296148463,0.9610350076103501,0,0.07142857142857142,4.004880149275154,0.8009760298550308
2026-02-19,SKU-1001,Beverages,442.0,0,1551.0,5,False,False,False,465.14285714285717,497.7142857142857,455.75,152.64837954520763,0.3349388470547617,1.018295543393276,0,0.07142857142857142,3.1162456946039034,0.6232491389207807
2026-02-20,SKU-1001,Beverages,381.0,2288,3458.0,5,False,False,False,453.2857142857143,448.64285714285717,455.32142857142856,152.84779492259088,0.33569207450251354,0.9829615861214374,0,0.07142857142857142,7.7076898583028175,1.5415379716605635
2026-02-21,SKU-1001,Beverages,426.0,0,3032.0,5,False,False,False,463.85714285714283,447.2142857142857,457.7142857142857,151.8049082168628,0.33165866339514344,1.0145289798468988,0,0.07142857142857142,6.779747644146302,1.3559495288292605
2026-02-22,SKU-1001,Beverages,422.0,0,2610.0,5,False,False,False,469.57142857142856,441.14285714285717,457.2142857142857,151.90210228054335,0.33223393718600325,0.9888688327316486,0,0.07142857142857142,5.916450777202072,1.1832901554404143
2026-02-23,SKU-1001,Beverages,387.0,0,2223.0,5,False,False,False,418.42857142857144,437.42857142857144,455.5,152.4320127746088,0.33464766800133655,0.8462872002311471,0,0.07142857142857142,5.081972566949706,1.0163945133899412
2026-02-24,SKU-1001,Beverages,433.0,0,1790.0,5,False,False,False,420.85714285714283,435.35714285714283,454.25,152.4692136502025,0.3356504428182774,0.8450946643717727,0,0.07142857142857142,4.111566858080394,0.8223133716160789
2026-02-25,SKU-1001,Beverages,409.0,0,1381.0,5,False,False,False,414.2857142857143,432.64285714285717,450.9642857142857,152.41572829863793,0.33797738119599763,0.8324960528204391,0,0.07142857142857142,3.192009245501073,0.6384018491002146
2026-02-26,SKU-1001,Beverages,379.0,3148,4150.0,5,False,False,False,405.2857142857143,435.2142857142857,446.0,152.4151251364849,0.34173794873651325,0.8142939150401837,0,0.03571428571428571,9.535532578368619,1.9071065156737237
2026-02-27,SKU-1001,Beverages,401.0,0,3749.0,5,False,False,False,408.14285714285717,430.7142857142857,445.92857142857144,152.43649037511847,0.341840599912167,0.9097277503582232,0,0.0,8.704145936981758,1.7408291873963517
2026-02-28,SKU-1001,Beverages,391.0,0,3358.0,5,False,False,False,403.14285714285717,433.5,445.35714285714283,152.61770546422196,0.3426861068964086,0.9014534419421818,0,0.0,7.746251441753172,1.5492502883506343
2026-03-01,SKU-1001,Beverages,460.0,0,2898.0,5,False,False,False,408.57142857142856,439.07142857142856,456.9642857142857,139.9747284447253,0.306314372524604,0.9261658031088082,0,0.0,6.600292825768668,1.3200585651537335
2026-03-02,SKU-1001,Beverages,412.0,0,2486.0,5,False,False,False,412.14285714285717,415.2857142857143,454.85714285714283,140.19951769497905,0.3082275828721273,0.942194644023514,0,0.0,5.98624011007912,1.197248022015824
2026-03-03,SKU-1001,Beverages,445.0,0,2041.0,5,False,False,False,413.85714285714283,417.35714285714283,457.67857142857144,139.1359722827593,0.3040036850501178,0.9506152584085316,0,0.0,4.890296080780422,0.9780592161560844
2026-03-04,SKU-1001,Beverages,399.0,0,1642.0,5,False,False,False,412.42857142857144,413.35714285714283,455.5,139.57514901379187,0.30642184196222144,0.9532771999339607,0,0.0,3.972351823051668,0.7944703646103336
2026-03-05,SKU-1001,Beverages,114.0,0,1528.0,5,False,False,False,374.57142857142856,389.92857142857144,443.82142857142856,153.78991287333278,0.3465130409956802,0.8606597735105859,0,0.0,3.9186664224216887,0.7837332844843378
2026-03-06,SKU-1001,Beverages,276.0,3198,4295.0,5,True,False,False,356.7142857142857,382.42857142857144,415.5357142857143,97.1346839465534,0.23375772672999529,0.8281923714759536,0,0.0,11.230855435188644,2.246171087037729
2026-03-07,SKU-1001,Beverages,439.0,0,3856.0,5,False,False,False,363.57142857142856,383.35714285714283,415.2857142857143,97.06235382011154,0.23372427820460295,0.8386884165430878,0,0.0,10.05850568287684,2.011701136575368
2026-03-08,SKU-1001,Beverages,387.0,0,3469.0,5,False,False,False,353.14285714285717,380.85714285714283,411.0,95.4994667427423,0.23235879986068686,0.8042947779404589,0,0.0,9.108402100525131,1.8216804201050263
2026-03-09,SKU-1001,Beverages,437.0,0,3032.0,5,False,False,False,356.7142857142857,384.42857142857144,410.92857142857144,95.47849421279565,0.23234815209093326,0.8589611283109736,0,0.0,7.887030843552583,1.5774061687105165
2026-03-10,SKU-1001,Beverages,437.0,0,2595.0,5,False,False,False,355.57142857142856,384.7142857142857,410.0357142857143,95.09935628666244,0.23192944656620054,0.8519596097894917,0,0.0,6.745265503156331,1.349053100631266
2026-03-11,SKU-1001,Beverages,409.0,0,2186.0,5,False,False,False,357.0,384.7142857142857,408.67857142857144,94.82305297585272,0.2320235500588898,0.8636599274235356,0,0.0,5.682138878574081,1.1364277757148162
2026-03-12,SKU-1001,Beverages,412.0,0,1774.0,5,False,False,False,399.57142857142856,387.07142857142856,411.14285714285717,93.94549810265848,0.2284984317993778,1.0247298039934054,0,0.0,4.583133419450083,0.9166266838900166
2026-03-13,SKU-1001,Beverages,522.0,2482,3734.0,5,False,False,False,434.7142857142857,395.7142857142857,413.2142857142857,95.77572457564291,0.231782220234918,1.136720209189391,0,0.0,9.43610108303249,1.887220216606498
2026-03-14,SKU-1001,Beverages,382.0,0,3352.0,5,False,False,False,426.57142857142856,395.07142857142856,414.2857142857143,95.2318251904295,0.22986992287345054,1.1127259176448667,0,0.0,8.484541674199964,1.6969083348399927
2026-03-15,SKU-1001,Beverages,414.0,0,2938.0,5,False,False,False,430.42857142857144,391.7857142857143,415.42857142857144,95.02180200955384,0.22873198558008145,1.1301575393848464,0,0.0,7.498997265268915,1.499799453053783
2026-03-16,SKU-1001,Beverages,434.0,0,2504.0,5,False,False,False,430.0,393.35714285714283,404.32142857142856,69.93650748618406,0.17297254744396728,1.1185432924563359,0,0.0,6.365716360995098,1.2731432721990195
2026-03-17,SKU-1001,Beverages,536.0,0,1968.0,5,False,False,False,444.14285714285717,399.85714285714283,408.60714285714283,74.2240548438329,0.181651388482416,1.1544745636836242,0,0.0,4.921757770632369,0.9843515541264738
2026-03-18,SKU-1001,Beverages,495.0,0,1473.0,5,False,False,False,456.42857142857144,406.7142857142857,410.0357142857143,75.52359559808767,0.18418784746506878,1.1864092090605274,0,0.0,3.6217070600632244,0.7243414120126449
2026-03-19,SKU-1001,Beverages,490.0,3237,4220.0,5,False,False,False,467.57142857142856,433.57142857142856,411.75,76.80983010005943,0.18654482112947038,1.207971950544381,0,0.0,9.733113673805601,1.9466227347611202
2026-03-20,SKU-1001,Beverages,371.0,0,3849.0,5,False,False,False,446.0,440.35714285714283,411.39285714285717,76.98116137308661,0.1871232327846536,1.1270758122743683,0,0.0,8.740632603406327,1.7481265206812655
2026-03-21,SKU-1001,Beverages,395.0,0,3454.0,5,False,False,False,447.85714285714283,437.2142857142857,410.2857142857143,76.9862215391709,0.18764051210800706,1.1336105586693184,0,0.0,7.900016337199804,1.580003267439961
2026-03-22,SKU-1001,Beverages,457.0,0,2997.0,5,False,False,False,454.0,442.2142857142857,411.5357142857143,77.46611308984511,0.18823667157126295,1.1587967183226984,0,0.0,6.777257308996931,1.3554514617993862
2026-03-23,SKU-1001,Beverages,478.0,0,2519.0,5,False,False,False,460.2857142857143,445.14285714285717,414.7857142857143,78.30299986820289,0.18877940384963673,1.1701470855275105,0,0.0,5.658857509627728,1.1317715019255457
2026-03-24,SKU-1001,Beverages,496.0,0,2023.0,5,False,False,False,454.57142857142856,449.35714285714283,417.0357142857143,79.73775635393675,0.19120126555709763,1.1368345837799214,0,0.0,4.501986965506279,0.9003973931012558
2026-03-25,SKU-1001,Beverages,474.0,0,1549.0,5,False,False,False,451.57142857142856,454.0,419.35714285714283,80.43825066044239,0.1918132361175598,1.1102915349490692,0,0.0,3.4118942731277535,0.6823788546255507
2026-03-26,SKU-1001,Beverages,448.0,0,1101.0,5,False,False,False,445.57142857142856,456.57142857142856,421.82142857142856,80.21270499321184,0.1901579662865068,1.027677100494234,0,0.0,2.4114518147684607,0.48229036295369215
2026-03-27,SKU-1001,Beverages,447.0,0,654.0,5,False,False,False,456.42857142857144,451.2142857142857,423.4642857142857,80.24152529053998,0.18948829452096816,1.0364963503649636,0,0.0,1.449422194079468,0.2898844388158936
2026-03-28,SKU-1001,Beverages,387.0,0,267.0,5,False,False,False,455.2857142857143,451.57142857142856,423.32142857142856,80.3049989548773,0.18970218263195518,1.0413331155040026,0,0.0,0.591268585890541,0.1182537171781082
2026-03-29,SKU-1001,Beverages,398.0,0,0.0,5,False,False,False,446.85714285714283,450.42857142857144,421.10714285714283,80.1107285947321,0.19023835134021702,1.0104991116136326,1,0.03571428571428571,0.0,0.0
2026-03-30,SKU-1001,Beverages,492.0,0,0.0,5,False,False,False,448.85714285714283,454.57142857142856,423.9642857142857,81.19317711841309,0.19150947344920954,1.008344030808729,1,0.07142857142857142,0.0,0.0
2026-03-31,SKU-1001,Beverages,470.0,3149,2679.0,5,False,False,False,445.14285714285717,449.85714285714283,424.85714285714283,81.56965407311995,0.19199313332610615,0.9906215228103641,0,0.07142857142857142,5.955223880597015,1.191044776119403
2026-04-01,SKU-1001,Beverages,498.0,0,2181.0,5,False,False,False,448.57142857142856,450.07142857142856,428.39285714285717,82.5471085639898,0.19269020756913,0.988042794210195,0,0.07142857142857142,4.845897476591017,0.9691794953182035
2026-04-02,SKU-1001,Beverages,452.0,0,1729.0,5,False,False,False,449.14285714285717,447.35714285714283,440.4642857142857,54.97910858637454,0.12482080924499206,0.983729662077597,0,0.07142857142857142,3.8649209643940607,0.7729841928788121
2026-04-03,SKU-1001,Beverages,382.0,0,1328.0,5,True,False,False,439.85714285714283,448.14285714285717,444.25,46.18050334165782,0.10395161134869514,0.9748298242836789,0,0.07142857142857142,2.963340771437679,0.5926681542875358
2026-04-04,SKU-1001,Beverages,312.0,0,1016.0,5,False,False,False,429.14285714285717,442.2142857142857,439.7142857142857,52.517268512970794,0.11943498362274059,0.9503321733628599,0,0.07142857142857142,2.297528670650945,0.45950573413018897
2026-04-05,SKU-1001,Beverages,376.0,2520,3160.0,5,False,False,False,426.0,436.42857142857144,439.32142857142856,52.965434970245305,0.12056192010136318,0.9457659372026641,0,0.07142857142857142,7.240589198036006,1.4481178396072012
2026-04-06,SKU-1001,Beverages,466.0,0,2694.0,5,False,False,False,422.2857142857143,435.57142857142856,440.35714285714283,53.20137445016083,0.12081415122502054,0.928975487115022,0,0.07142857142857142,6.18497868153493,1.236995736306986
2026-04-07,SKU-1001,Beverages,380.0,0,2314.0,5,False,False,False,409.42857142857144,427.2857142857143,438.32142857142856,54.411364261949394,0.12413576137330588,0.9101302000635123,0,0.07142857142857142,5.415580073553995,1.083116014710799
2026-04-08,SKU-1001,Beverages,416.0,0,1898.0,5,False,False,False,397.7142857142857,423.14285714285717,438.57142857142856,54.2875939524201,0.12378278751366148,0.883669258847802,0,0.07142857142857142,4.4854827819041185,0.8970965563808238
2026-04-09,SKU-1001,Beverages,443.0,0,1455.0,5,False,False,False,396.42857142857144,422.7857142857143,439.67857142857144,54.04117330978663,0.12291063704605845,0.8861567938687531,0,0.07142857142857142,3.4414597060314245,0.6882919412062849
2026-04-10,SKU-1001,Beverages,389.0,0,1066.0,5,False,False,False,397.42857142857144,418.64285714285717,434.92857142857144,52.35627845998872,0.12037902749874234,0.8868345553076187,0,0.07142857142857142,2.546323153045555,0.509264630609111
2026-04-11,SKU-1001,Beverages,445.0,2436,3057.0,5,False,False,False,416.42857142857144,422.7857142857143,437.17857142857144,51.34130787367884,0.11743784171742566,0.9416895493458246,0,0.07142857142857142,7.230613279270147,1.4461226558540294
2026-04-12,SKU-1001,Beverages,469.0,0,2588.0,5,False,False,False,429.7142857142857,427.85714285714283,439.14285714285717,51.47362811706956,0.11721385713060732,0.9846153846153846,0,0.07142857142857142,6.048747913188648,1.2097495826377296
2026-04-13,SKU-1001,Beverages,415.0,0,2173.0,5,False,False,False,422.42857142857144,422.35714285714283,438.4642857142857,51.668804359258466,0.11784039440085013,0.9698261725155789,0,0.07142857142857142,5.144934889227127,1.0289869778454253
2026-04-14,SKU-1001,Beverages,454.0,0,1719.0,5,False,False,False,433.0,421.2142857142857,435.5357142857143,48.13905948000055,0.11052838584993976,1.0133734536944166,0,0.07142857142857142,4.08105816516873,0.816211633033746
2026-04-15,SKU-1001,Beverages,451.0,3090,4358.0,5,False,False,False,438.0,417.85714285714283,433.9642857142857,46.82630009890131,0.10790358018016925,1.0351114112086428,0,0.07142857142857142,10.42940170940171,2.0858803418803418
2026-04-16,SKU-1001,Beverages,401.0,0,3957.0,5,False,False,False,432.0,414.2142857142857,430.7857142857143,45.89307794400576,0.10653342583586149,1.021794221996959,0,0.07142857142857142,9.553026383859287,1.9106052767718573
2026-04-17,SKU-1001,Beverages,510.0,0,3447.0,5,False,False,False,449.2857142857143,423.35714285714283,435.75,46.69731136681075,0.10716537318832071,1.0731957003924244,0,0.07142857142857142,8.142061751307576,1.6284123502615153
2026-04-18,SKU-1001,Beverages,436.0,0,3011.0,5,False,False,False,448.0,432.2142857142857,437.2142857142857,46.00994831463438,0.10523432060200642,1.0596384524412907,0,0.07142857142857142,6.966451826144438,1.3932903652288877
2026-04-19,SKU-1001,Beverages,428.0,0,2583.0,5,False,False,False,442.14285714285717,435.92857142857144,436.17857142857144,45.874267435005386,0.1051731342160117,1.0333889816360602,0,0.07142857142857142,5.925282647878093,1.1850565295756186
2026-04-20,SKU-1001,Beverages,477.0,0,2106.0,5,False,False,False,451.0,436.7142857142857,436.14285714285717,45.840879609647835,0.10510519399526198,1.0678166751226112,0,0.07142857142857142,4.8223748773307165,0.9644749754661432
2026-04-21,SKU-1001,Beverages,498.0,2944,4552.0,5,False,False,False,457.2857142857143,445.14285714285717,436.2142857142857,45.93905555621282,0.10531304696036999,1.0856367644565033,0,0.07142857142857142,10.225930680359435,2.045186136071887
2026-04-22,SKU-1001,Beverages,427.0,0,4125.0,5,False,False,False,453.85714285714283,445.92857142857144,434.5357142857143,45.3623127495656,0.10439259940723569,1.0861538461538462,0,0.07142857142857142,9.25036040365209,1.850072080730418
2026-04-23,SKU-1001,Beverages,307.0,0,3818.0,5,False,False,False,440.42857142857144,436.2142857142857,429.5,51.25571332201058,0.11933809853785932,1.063286773581652,0,0.07142857142857142,8.752579007696086,1.7505158015392173
2026-04-24,SKU-1001,Beverages,387.0,0,3431.0,5,False,False,False,422.85714285714283,436.07142857142856,427.35714285714283,51.748833793060335,0.12109036822711762,0.9988189640627636,0,0.07142857142857142,7.867977067977068,1.5735954135954136
2026-04-25,SKU-1001,Beverages,342.0,0,3089.0,5,False,False,False,409.42857142857144,428.7142857142857,425.75,53.71021352626539,0.12615434768353587,0.9472814410841184,0,0.07142857142857142,7.205264911696101,1.4410529823392202
2026-04-26,SKU-1001,Beverages,425.0,0,2664.0,5,False,False,False,409.0,425.57142857142856,426.7142857142857,53.43522013918101,0.1252248212166947,0.9382271014255283,0,0.03571428571428571,6.259818731117825,1.251963746223565
2026-04-27,SKU-1001,Beverages,450.0,0,2214.0,5,False,False,False,405.14285714285717,428.07142857142856,425.2142857142857,52.10769271625472,0.122544548635573,0.9277069021916913,0,0.0,5.172034039712999,1.0344068079425999
2026-04-28,SKU-1001,Beverages,490.0,0,1724.0,5,False,False,False,404.0,430.64285714285717,425.92857142857144,52.87576534525572,0.12414233017500924,0.9075738125802311,0,0.0,4.003317299718029,0.8006634599436058
2026-04-29,SKU-1001,Beverages,439.0,3101,4386.0,5,False,False,False,405.7142857142857,429.7857142857143,423.82142857142856,51.04105360823911,0.12043056383506322,0.9098189972769501,0,0.0,10.205085590825993,2.0410171181651986
2026-04-30,SKU-1001,Beverages,468.0,0,3918.0,5,False,False,False,428.7142857142857,434.57142857142856,424.39285714285717,51.45608648137576,0.12124635373883037,0.9828066153594236,0,0.0,9.01577909270217,1.803155818540434
2026-05-01,SKU-1001,Beverages,393.0,0,3525.0,5,False,False,False,429.57142857142856,426.2142857142857,424.7857142857143,51.161586532357674,0.1204409301249382,0.9850941850941851,0,0.0,8.270487682252387,1.6540975364504775
2026-05-02,SKU-1001,Beverages,119.0,0,3406.0,5,False,False,False,397.7142857142857,403.57142857142856,417.89285714285717,74.5670661518699,0.1784358475559659,0.9276907697434189,0,0.0,8.439646017699115,1.687929203539823
2026-05-03,SKU-1001,Beverages,415.0,0,2991.0,5,False,False,False,396.2857142857143,402.64285714285717,419.2857142857143,74.11845231482482,0.17677314010350043,0.9311849613964418,0,0.0,7.428419372006386,1.485683874401277
2026-05-04,SKU-1001,Beverages,436.0,0,2555.0,5,False,False,False,394.2857142857143,399.7142857142857,418.2142857142857,73.63340483013327,0.1760662113786278,0.9210745870181879,0,0.0,6.392065761258041,1.2784131522516082
2026-05-05,SKU-1001,Beverages,447.0,0,2108.0,5,False,False,False,388.14285714285717,396.07142857142856,420.60714285714283,73.43394072766107,0.17459033203485694,0.9013103333886217,0,0.0,5.322272317403066,1.0644544634806132
2026-05-06,SKU-1001,Beverages,476.0,0,1632.0,5,False,False,False,393.42857142857144,399.57142857142856,422.75,74.1662921338857,0.17543771054733462,0.9154063486787436,0,0.0,4.084376117268502,0.8168752234537004
2026-05-07,SKU-1001,Beverages,455.0,0,1177.0,5,False,False,False,391.57142857142856,410.14285714285717,423.17857142857144,74.32214842179775,0.17562833621489887,0.901051939513478,0,0.0,2.8697318007662833,0.5739463601532566
2026-05-08,SKU-1001,Beverages,435.0,0,742.0,5,False,False,False,397.57142857142856,413.57142857142856,424.82142857142856,74.04655871235911,0.17430043244607443,0.9327970504441092,0,0.0,1.7941278065630397,0.35882556131260795
2026-05-09,SKU-1001,Beverages,384.0,0,358.0,5,False,False,False,435.42857142857144,416.57142857142856,422.64285714285717,74.32770994459908,0.17586411005989303,1.0789380530973451,0,0.0,0.8593964334705075,0.17187928669410152
2026-05-10,SKU-1001,Beverages,412.0,0,0.0,5,False,False,False,435.0,415.64285714285717,420.60714285714283,73.7896606657329,0.17543606169996784,1.0803618946248004,1,0.03571428571428571,0.0,0.0
2026-05-11,SKU-1001,Beverages,428.0,0,0.0,5,False,False,False,433.85714285714283,414.07142857142856,421.07142857142856,73.79397173584202,0.17525285908427282,1.0854181558255895,1,0.07142857142857142,0.0,0.0
2026-05-12,SKU-1001,Beverages,375.0,0,0.0,5,False,False,False,423.57142857142856,405.85714285714283,418.25,73.99831079153081,0.17692363608256023,1.0694319206492335,1,0.10714285714285714,0.0,0.0
2026-05-13,SKU-1001,Beverages,414.0,2285,1871.0,5,False,False,False,414.7142857142857,404.07142857142856,416.92857142857144,73.72166301626397,0.17682084670681783,1.0378977475867002,0,0.10714285714285714,4.630369453774086,0.9260738907548172
2026-05-14,SKU-1001,Beverages,441.0,3238,4668.0,5,False,False,False,412.7142857142857,402.14285714285717,418.35714285714283,73.78909599548346,0.17637823867795263,1.006269592476489,0,0.10714285714285714,11.607815275310834,2.3215630550621666
2026-05-15,SKU-1001,Beverages,411.0,0,4257.0,5,False,False,False,409.2857142857143,403.42857142857144,414.82142857142856,71.5738694152326,0.17254139850421976,0.9896373056994819,0,0.10714285714285714,10.552053824362606,2.110410764872521
2026-05-16,SKU-1001,Beverages,359.0,0,3898.0,5,False,False,False,405.7142857142857,420.57142857142856,412.07142857142856,72.20645737586405,0.17522801235259086,0.9739368998628258,0,0.10714285714285714,9.268342391304348,1.8536684782608694
2026-05-17,SKU-1001,Beverages,441.0,0,3457.0,5,False,False,False,409.85714285714283,422.42857142857144,412.5357142857143,72.35431449054583,0.1753892135516651,0.9860800824884,0,0.10714285714285714,8.183632059519784,1.6367264119039568
2026-05-18,SKU-1001,Beverages,425.0,0,3032.0,5,False,False,False,409.42857142857144,421.64285714285717,410.67857142857144,71.29804608585962,0.17361033919506647,0.9887873037778162,0,0.10714285714285714,7.190919871251905,1.438183974250381
2026-05-19,SKU-1001,Beverages,499.0,0,2533.0,5,False,False,False,427.14285714285717,425.35714285714283,410.7142857142857,71.34364263138889,0.17370626031990338,1.0524463217177051,0,0.10714285714285714,5.954995801847188,1.1909991603694376
2026-05-20,SKU-1001,Beverages,451.0,0,2082.0,5,False,False,False,432.42857142857144,423.57142857142856,411.57142857142856,71.68988180656416,0.1741857593356297,1.0701785398621178,0,0.10714285714285714,4.9153456998313665,0.9830691399662733
2026-05-21,SKU-1001,Beverages,477.0,0,1605.0,5,False,False,False,437.57142857142856,425.14285714285717,417.64285714285717,69.67608351333045,0.16683173750412628,1.0880994671403197,0,0.10714285714285714,3.7752016129032255,0.7550403225806451
2026-05-22,SKU-1001,Beverages,446.0,0,1159.0,5,False,False,False,442.57142857142856,425.92857142857144,419.75,69.607164914306,0.16583005339918047,1.0970254957507082,0,0.10714285714285714,2.7211135334563137,0.5442227066912627
2026-05-23,SKU-1001,Beverages,446.0,2947,3660.0,5,False,False,False,455.0,430.35714285714283,423.4642857142857,68.06232554600336,0.1607274281258408,1.0818614130434783,0,0.10714285714285714,8.504564315352697,1.7009128630705395
2026-05-24,SKU-1001,Beverages,425.0,0,3235.0,5,False,False,False,452.7142857142857,431.2857142857143,423.4642857142857,68.06232554600336,0.1607274281258408,1.0716942847480555,0,0.10714285714285714,7.500828088771116,1.5001656177542233
2026-05-25,SKU-1001,Beverages,404.0,0,2831.0,5,False,False,False,449.7142857142857,429.57142857142856,421.82142857142856,67.95317209581596,0.1610946421710987,1.0665763171268845,0,0.10714285714285714,6.590289324908547,1.3180578649817094
2026-05-26,SKU-1001,Beverages,459.0,0,2372.0,5,False,False,False,444.0,435.57142857142856,420.7142857142857,67.04772050858112,0.15936639849238296,1.0438287153652392,0,0.10714285714285714,5.4457199081666126,1.0891439816333226
2026-05-27,SKU-1001,Beverages,454.0,0,1918.0,5,False,False,False,444.42857142857144,438.42857142857144,421.25,67.25882841679584,0.15966487457993078,1.0492411467116358,0,0.10714285714285714,4.374714890843923,0.8749429781687846
2026-05-28,SKU-1001,Beverages,446.0,2957,4429.0,5,False,False,False,440.0,438.7857142857143,420.4642857142857,66.81953703147391,0.1589184606201707,1.0349462365591398,0,0.10714285714285714,10.093765261272994,2.0187530522545987
2026-05-29,SKU-1001,Beverages,433.0,0,3996.0,5,False,False,False,438.14285714285717,440.35714285714283,421.89285714285717,66.63796008933429,0.15794996042507067,1.0286768405165185,0,0.10714285714285714,9.074452554744527,1.8148905109489053
2026-05-30,SKU-1001,Beverages,418.0,0,3578.0,5,False,False,False,434.14285714285717,444.57142857142856,432.57142857142856,30.413725667775267,0.0703091412399032,1.0087966804979254,0,0.10714285714285714,8.048200514138818,1.6096401028277636
2026-05-31,SKU-1001,Beverages,496.0,0,3082.0,5,False,False,False,444.2857142857143,448.5,435.4642857142857,32.46363451829675,0.07454947646291389,1.030142431268632,0,0.10714285714285714,6.871794871794871,1.3743589743589744
2026-06-01,SKU-1001,Beverages,789.0,0,2293.0,5,False,False,False,499.2857142857143,474.5,448.07142857142856,74.28470186530272,0.16578763368631247,1.162287994679082,0,0.10714285714285714,4.83245521601686,0.966491043203372
2026-06-02,SKU-1001,Beverages,449.0,0,1844.0,5,False,True,False,497.85714285714283,470.92857142857144,448.14285714285717,74.28459502616298,0.16576097073099802,1.1429977041653,0,0.10714285714285714,3.9156681328681935,0.7831336265736387
2026-06-03,SKU-1001,Beverages,436.0,0,1408.0,5,False,False,False,495.2857142857143,469.85714285714283,446.7142857142857,74.11345514010404,0.16590795842044395,1.129683936135549,0,0.10714285714285714,2.996655518394649,0.5993311036789298
2026-06-04,SKU-1001,Beverages,487.0,2893,3814.0,5,False,False,False,501.14285714285717,470.57142857142856,447.85714285714283,74.49171680808445,0.16632919223495732,1.1421129741168812,0,0.10714285714285714,8.105039465695203,1.6210078931390406
2026-06-05,SKU-1001,Beverages,442.0,0,3372.0,5,False,False,False,502.42857142857144,470.2857142857143,448.10714285714283,74.45870806258449,0.1661627341796737,1.1409570154095703,0,0.10714285714285714,7.1701093560145805,1.434021871202916
2026-06-06,SKU-1001,Beverages,466.0,0,2906.0,5,False,False,False,509.2857142857143,471.7142857142857,451.0357142857143,73.44964621494447,0.1628466302968125,1.1455655526992288,0,0.10714285714285714,6.160508782556026,1.2321017565112053
2026-06-07,SKU-1001,Beverages,420.0,0,2486.0,5,False,False,False,498.42857142857144,471.35714285714283,451.32142857142856,73.30759829822517,0.1624288005341699,1.1113234591495462,0,0.07142857142857142,5.274132444309744,1.054826488861949
2026-06-08,SKU-1001,Beverages,437.0,0,2049.0,5,False,False,False,448.14285714285717,473.7142857142857,451.64285714285717,73.22123466829267,0.16212198091983193,0.9444528074665062,0,0.03571428571428571,4.325392038600723,0.8650784077201447
2026-06-09,SKU-1001,Beverages,498.0,0,1551.0,5,False,False,False,455.14285714285717,476.5,456.0357142857143,72.13438186897442,0.15817704537013733,0.9664795995753072,0,0.0,3.25498426023085,0.65099685204617
2026-06-10,SKU-1001,Beverages,437.0,0,1114.0,5,False,False,False,455.2857142857143,475.2857142857143,456.85714285714283,71.7679977611573,0.1570906767755163,0.9689875342049256,0,0.0,2.34385332131049,0.468770664262098
2026-06-11,SKU-1001,Beverages,427.0,0,687.0,5,False,False,False,446.7142857142857,473.92857142857144,456.35714285714283,71.93114726660437,0.1576202945269152,0.9493017607771707,0,0.0,1.4495855312735493,0.28991710625470984
2026-06-12,SKU-1001,Beverages,417.0,3288,3558.0,5,False,False,False,443.14285714285717,472.7857142857143,456.57142857142856,71.79983935369847,0.1572587219887013,0.9422843256379102,0,0.0,7.525608097899985,1.505121619579997
2026-06-13,SKU-1001,Beverages,478.0,0,3080.0,5,False,False,False,444.85714285714283,477.07142857142856,460.82142857142856,69.28847564453149,0.15035862342454326,0.9430648092065415,0,0.0,6.456056295852672,1.2912112591705345
2026-06-14,SKU-1001,Beverages,429.0,0,2651.0,5,False,False,False,446.14285714285717,472.2857142857143,460.39285714285717,69.45253603652453,0.1508549382532532,0.9465070465222004,0,0.0,5.6131276467029645,1.122625529340593
2026-06-15,SKU-1001,Beverages,392.0,0,2259.0,5,False,False,False,439.7142857142857,443.92857142857144,459.2142857142857,70.34958061043058,0.15319554029336258,0.928226779252111,0,0.0,5.088656476267095,1.017731295253419
2026-06-16,SKU-1001,Beverages,475.0,0,1784.0,5,False,False,False,436.42857142857144,445.7857142857143,458.35714285714283,69.99217643354677,0.1527022705422557,0.9159046619697198,0,0.0,4.001922768787053,0.8003845537574106
2026-06-17,SKU-1001,Beverages,492.0,0,1292.0,5,False,False,False,444.2857142857143,449.7857142857143,459.82142857142856,70.26091773416098,0.1528004424509909,0.9347760745416291,0,0.0,2.8724789582340797,0.574495791646816
2026-06-18,SKU-1001,Beverages,383.0,0,909.0,5,False,False,False,438.0,442.35714285714283,456.4642857142857,71.64184693881231,0.15694951211069122,0.9241899020346647,0,0.0,2.0549006943323107,0.4109801388664621
2026-06-19,SKU-1001,Beverages,494.0,2845,3260.0,5,False,False,False,449.0,446.07142857142856,458.17857142857144,71.95577529207489,0.1570474478274298,0.9496902855416226,0,0.0,7.308246597277822,1.4616493194555644
2026-06-20,SKU-1001,Beverages,453.0,0,2807.0,5,False,False,False,445.42857142857144,445.14285714285717,458.42857142857144,71.92404871160105,0.15689259613001164,0.9336727054948346,0,0.0,6.30584082156611,1.261168164313222
2026-06-21,SKU-1001,Beverages,457.0,0,2350.0,5,False,False,False,449.42857142857144,447.7857142857143,459.57142857142856,71.62682539664935,0.15585569716398678,0.9516031457955233,0,0.0,5.248045940341362,1.0496091880682725
2026-06-22,SKU-1001,Beverages,410.0,0,1940.0,5,False,False,False,452.0,445.85714285714283,459.7857142857143,71.46320324467267,0.1554271936345219,1.018181818181818,0,0.0,4.351169496956104,0.8702338993912209
2026-06-23,SKU-1001,Beverages,430.0,3150,4660.0,5,False,False,False,445.57142857142856,441.0,458.75,71.68481682311072,0.15626118108579995,0.9995193078032366,0,0.0,10.566893424036282,2.113378684807256
2026-06-24,SKU-1001,Beverages,497.0,0,4163.0,5,False,False,False,446.2857142857143,445.2857142857143,460.2857142857143,72.03901059578084,0.15650933400697264,0.9922185167540098,0,0.0,9.349053577157523,1.8698107154315047
2026-06-25,SKU-1001,Beverages,331.0,0,3832.0,5,False,False,False,438.85714285714283,438.42857142857144,456.17857142857144,76.0502044565534,0.1667114792753069,0.9920878411109317,0,0.0,8.740306288693386,1.7480612577386772
2026-06-26,SKU-1001,Beverages,368.0,0,3464.0,5,False,False,False,420.85714285714283,434.92857142857144,453.85714285714283,77.756845255752,0.17132449379611708,0.9434747798238591,0,0.0,7.964526194777467,1.5929052389554934
2026-06-27,SKU-1001,Beverages,442.0,0,3022.0,5,False,False,False,419.2857142857143,432.35714285714283,454.7142857142857,77.47872211744563,0.1703899009808732,0.9419127086007701,0,0.0,6.989591937882042,1.3979183875764085
2026-06-28,SKU-1001,Beverages,409.0,0,2613.0,5,False,False,False,412.42857142857144,430.92857142857144,451.60714285714283,77.50619534888999,0.17162305019920282,0.9210400382836178,0,0.0,6.063649925410243,1.2127299850820488
2026-06-29,SKU-1001,Beverages,381.0,0,2232.0,5,False,False,False,408.2857142857143,430.14285714285717,437.0357142857143,41.899776489156295,0.09587266010430467,0.9157321371355335,0,0.0,5.1889737628694785,1.0377947525738958
2026-01-01,SKU-1002,Sugar,245.0,0,1722.0,3,False,False,False,,,,,,,0,,,
2026-01-02,SKU-1002,Sugar,146.0,0,1576.0,3,False,False,False,,,,,,,0,,,
2026-01-03,SKU-1002,Sugar,243.0,0,1333.0,3,False,False,False,211.33333333333334,,,,,,0,,,
2026-01-04,SKU-1002,Sugar,269.0,0,1064.0,3,False,False,False,225.75,,,,,,0,,,
2026-01-05,SKU-1002,Sugar,225.0,0,839.0,3,False,False,False,225.6,225.6,,,,,0,0.0,3.7189716312056738,1.2396572104018913
2026-01-06,SKU-1002,Sugar,222.0,0,617.0,3,False,False,False,225.0,225.0,,,,,0,0.0,2.7422222222222223,0.9140740740740741
2026-01-07,SKU-1002,Sugar,302.0,0,315.0,3,False,False,False,236.0,236.0,236.0,48.29078587059855,0.20462197402795995,,0,0.0,1.3347457627118644,0.4449152542372881
2026-01-08,SKU-1002,Sugar,466.0,0,0.0,3,False,False,False,267.57142857142856,264.75,264.75,92.79739836254647,0.3505095311144343,,1,0.125,0.0,0.0
2026-01-09,SKU-1002,Sugar,216.0,703,487.0,3,False,False,False,277.57142857142856,259.3333333333333,259.3333333333333,88.31194709664146,0.3405345003726535,,0,0.1111111111111111,1.8778920308483291,0.6259640102827764
2026-01-10,SKU-1002,Sugar,153.0,0,334.0,3,False,False,False,264.7142857142857,248.7,248.7,89.7948897333374,0.36105705562258705,,0,0.1,1.3429835142742261,0.44766117142474204
2026-01-11,SKU-1002,Sugar,193.0,977,1118.0,3,False,False,False,253.85714285714286,243.63636363636363,243.63636363636363,86.82657741414516,0.35637774311776,,0,0.09090909090909091,4.588805970149254,1.5296019900497513
2026-01-12,SKU-1002,Sugar,209.0,0,909.0,3,False,False,False,251.57142857142858,240.75,240.75,83.38751269061376,0.34636557711573734,1.1151215805471126,0,0.08333333333333333,3.7757009345794392,1.2585669781931463
2026-01-13,SKU-1002,Sugar,416.0,0,493.0,3,False,False,False,279.2857142857143,254.23076923076923,254.23076923076923,93.46938344198938,0.3676556686069174,1.2412698412698413,0,0.07692307692307693,1.9391830559757943,0.6463943519919314
2026-01-14,SKU-1002,Sugar,252.0,922,1163.0,3,False,False,False,272.14285714285717,254.07142857142858,254.07142857142858,89.80445790349529,0.3534614592771813,1.1531476997578693,0,0.07142857142857142,4.5774529097554115,1.5258176365851372
2026-01-15,SKU-1002,Sugar,239.0,0,924.0,3,False,False,False,239.71428571428572,253.64285714285714,253.06666666666666,86.6251915410512,0.3423018633076312,0.9054363955213814,0,0.06666666666666667,3.6429174880315403,1.2143058293438467
2026-01-16,SKU-1002,Sugar,237.0,0,687.0,3,False,False,False,242.71428571428572,260.14285714285717,252.0625,83.78422186386487,0.332394631743575,0.9359162688211532,0,0.0625,2.640856672158155,0.8802855573860516
2026-01-17,SKU-1002,Sugar,174.0,0,513.0,3,False,False,False,245.71428571428572,255.21428571428572,247.47058823529412,83.30374965079514,0.33662080914274245,0.9879947153771039,0,0.058823529411764705,2.0100755667506296,0.6700251889168766
2026-01-18,SKU-1002,Sugar,194.0,755,1074.0,3,False,False,False,245.85714285714286,249.85714285714286,244.5,81.79331915763981,0.3345330026897334,1.0091151385927506,0,0.05555555555555555,4.298456260720411,1.4328187535734704
2026-01-19,SKU-1002,Sugar,234.0,0,840.0,3,False,False,False,249.42857142857142,250.5,243.94736842105263,79.52530951716672,0.32599371754609874,1.0360480640854473,0,0.05263157894736842,3.3532934131736525,1.1177644710578842
2026-01-20,SKU-1002,Sugar,216.0,0,624.0,3,False,False,False,220.85714285714286,250.07142857142858,242.55,77.65610763250743,0.3201653582045245,0.8687270369569916,0,0.05,2.49528706083976,0.8317623536132533
2026-01-21,SKU-1002,Sugar,234.0,874,1264.0,3,False,False,False,218.28571428571428,245.21428571428572,242.14285714285714,75.71280321998763,0.3126782433863796,0.8591509699184705,0,0.047619047619047616,5.154675211185552,1.718225070395184
2026-01-22,SKU-1002,Sugar,260.0,0,1004.0,3,False,False,False,221.28571428571428,230.5,242.95454545454547,73.9861488148303,0.30452671167937634,0.8724303013235708,0,0.045454545454545456,4.355748373101952,1.4519161243673173
2026-01-23,SKU-1002,Sugar,252.0,0,752.0,3,False,False,False,223.42857142857142,233.07142857142858,243.34782608695653,72.30969298513679,0.2971454240947197,0.8588687534321799,0,0.043478260869565216,3.226478700582286,1.0754929001940954
2026-01-24,SKU-1002,Sugar,262.0,0,490.0,3,False,False,False,236.0,240.85714285714286,244.125,70.82268888477451,0.29010830060327497,0.9247131262244612,0,0.041666666666666664,2.034400948991696,0.6781336496638987
2026-01-25,SKU-1002,Sugar,199.0,0,291.0,3,False,False,False,236.71428571428572,241.28571428571428,242.32,69.91645013871913,0.28852942447474056,0.9473985134362493,0,0.04,1.2060390763765543,0.4020130254588514
2026-01-26,SKU-1002,Sugar,225.0,0,66.0,3,False,False,False,235.42857142857142,242.42857142857142,241.65384615384616,68.58801195992915,0.28382752044535375,0.939834616481323,0,0.038461538461538464,0.27224513847967,0.09074837949322334
2026-01-27,SKU-1002,Sugar,188.0,0,0.0,3,False,False,False,231.42857142857142,226.14285714285714,239.66666666666666,68.044103344816,0.2839114186849068,0.9254498714652956,1,0.07407407407407407,0.0,0.0
2026-01-28,SKU-1002,Sugar,255.0,0,0.0,3,False,False,False,234.42857142857142,226.35714285714286,240.21428571428572,66.83498592739691,0.2782306877738795,0.9560151471016602,1,0.10714285714285714,0.0,0.0
2026-01-29,SKU-1002,Sugar,228.0,0,0.0,3,False,False,False,229.85714285714286,225.57142857142858,239.60714285714286,66.86710938466173,0.279069766398946,0.9972110319181903,1,0.14285714285714285,0.0,0.0
2026-01-30,SKU-1002,Sugar,210.0,818,561.0,3,True,False,False,223.85714285714286,223.64285714285714,241.89285714285714,64.60440260523144,0.2670785874717969,0.9604658289917254,0,0.14285714285714285,2.5084637496007667,0.8361545832002556
2026-01-31,SKU-1002,Sugar,192.0,0,369.0,3,False,False,False,213.85714285714286,224.92857142857142,240.07142857142858,65.2873582972933,0.27194972215474744,0.8879003558718861,0,0.14285714285714285,1.640520800254049,0.5468402667513497
2026-02-01,SKU-1002,Sugar,198.0,0,171.0,3,False,False,False,213.71428571428572,225.21428571428572,237.53571428571428,65.50062603198545,0.2757506433462025,0.8857312018946123,0,0.14285714285714285,0.7592768791627021,0.25309229305423403
2026-02-02,SKU-1002,Sugar,237.0,0,0.0,3,False,False,False,215.42857142857142,225.42857142857142,237.96428571428572,65.45480891868839,0.27506148127319147,0.8886269888037713,1,0.17857142857142858,0.0,0.0
2026-02-03,SKU-1002,Sugar,230.0,0,0.0,3,False,False,False,221.42857142857142,226.42857142857142,238.25,65.3999801789527,0.27450149078259267,0.9791535060012634,1,0.21428571428571427,0.0,0.0
2026-02-04,SKU-1002,Sugar,232.0,962,730.0,3,False,False,False,218.14285714285714,226.28571428571428,235.75,64.19970289535497,0.27232111514466584,0.9637109498264437,0,0.21428571428571427,3.226010101010101,1.0753367003367005
2026-02-05,SKU-1002,Sugar,257.0,0,473.0,3,False,False,False,222.28571428571428,226.07142857142858,228.28571428571428,46.01115576712297,0.20155074491230338,0.9854338188727042,0,0.17857142857142858,2.092259083728278,0.6974196945760927
2026-02-06,SKU-1002,Sugar,205.0,870,1138.0,3,False,False,False,221.57142857142858,222.71428571428572,227.89285714285714,46.16663801500456,0.20258045203261676,0.990737783455765,0,0.17857142857142858,5.109685695958948,1.7032285653196493
2026-02-07,SKU-1002,Sugar,241.0,0,897.0,3,False,False,False,228.57142857142858,221.21428571428572,231.03571428571428,43.8148310277401,0.18964527265059866,1.0161956176563989,0,0.17857142857142858,4.054891830804004,1.3516306102680014
2026-02-08,SKU-1002,Sugar,229.0,0,668.0,3,False,False,False,233.0,223.35714285714286,232.32142857142858,43.180974524048885,0.18586737689060243,1.034570250555027,0,0.17857142857142858,2.990725935401343,0.996908645133781
2026-02-09,SKU-1002,Sugar,268.0,0,400.0,3,False,False,False,237.42857142857142,226.42857142857142,234.42857142857142,43.43955235720907,0.1852997358320923,1.053231939163498,0,0.17857142857142858,1.7665615141955837,0.5888538380651945
2026-02-10,SKU-1002,Sugar,219.0,0,181.0,3,False,False,False,235.85714285714286,228.64285714285714,227.39285714285714,24.968631113509968,0.10980393767524409,1.041640378548896,0,0.17857142857142858,0.7916276163698844,0.26387587212329483
2026-02-11,SKU-1002,Sugar,216.0,799,764.0,3,False,False,False,233.57142857142858,225.85714285714286,226.10714285714286,24.5784296965694,0.10870257960889958,1.0321969696969697,0,0.17857142857142858,3.3826691967109426,1.1275563989036474
2026-02-12,SKU-1002,Sugar,226.0,0,538.0,3,False,False,False,229.14285714285714,225.71428571428572,225.64285714285714,24.44830416858345,0.10834955946823942,1.0135860979462874,0,0.17857142857142858,2.383544303797468,0.7945147679324894
2026-02-13,SKU-1002,Sugar,203.0,0,335.0,3,False,False,False,228.85714285714286,225.21428571428572,224.42857142857142,24.70631733792219,0.1100854368971708,1.0275817831943554,0,0.17857142857142858,1.4874722486520773,0.49582408288402574
2026-02-14,SKU-1002,Sugar,188.0,0,147.0,3,False,False,False,221.28571428571428,224.92857142857142,224.92857142857142,23.771954486449328,0.10568668237862515,1.0003228931223764,0,0.17857142857142858,0.6535408066052716,0.21784693553509052
2026-02-15,SKU-1002,Sugar,194.0,857,810.0,3,False,False,False,216.28571428571428,224.64285714285714,224.92857142857142,23.771954486449328,0.10568668237862515,0.9683402622321714,0,0.17857142857142858,3.605723370429253,1.2019077901430844
2026-02-16,SKU-1002,Sugar,212.0,0,598.0,3,False,False,False,208.28571428571428,222.85714285714286,224.14285714285714,23.824534950518213,0.1062917429277422,0.9198738170347003,0,0.17857142857142858,2.683333333333333,0.8944444444444444
2026-02-17,SKU-1002,Sugar,585.0,0,13.0,3,False,False,False,260.57142857142856,248.21428571428572,237.32142857142858,72.16598848612753,0.3040854292869181,1.1396438612933457,0,0.17857142857142858,0.05237410071942446,0.017458033573141487
2026-02-18,SKU-1002,Sugar,280.0,0,0.0,3,False,False,False,269.7142857142857,251.64285714285714,238.96428571428572,72.60980555292696,0.30385212307307646,1.1941808981657178,1,0.21428571428571427,0.0,0.0
2026-02-19,SKU-1002,Sugar,234.0,0,0.0,3,False,False,False,270.85714285714283,250.0,238.03571428571428,72.49698953793524,0.3045634969335614,1.2,1,0.25,0.0,0.0
2026-02-20,SKU-1002,Sugar,260.0,0,0.0,3,False,False,False,279.0,253.92857142857142,238.32142857142858,72.56978943489045,0.30450383698140754,1.2388201712654614,1,0.2857142857142857,0.0,0.0
2026-02-21,SKU-1002,Sugar,165.0,855,690.0,3,False,False,False,275.7142857142857,248.5,234.85714285714286,73.703969582887,0.3138246880049933,1.2257859637980313,0,0.2857142857142857,2.7766599597585513,0.9255533199195171
2026-02-22,SKU-1002,Sugar,182.0,784,1292.0,3,False,False,False,274.0,245.14285714285714,234.25,74.07934934919447,0.3162405521843948,1.2197138314785374,0,0.2857142857142857,5.270396270396271,1.7567987567987569
2026-02-23,SKU-1002,Sugar,259.0,0,1033.0,3,False,False,False,280.7142857142857,244.5,235.46428571428572,74.20066992951895,0.3151249443389247,1.2596153846153846,0,0.2857142857142857,4.224948875255624,1.4083162917518746
2026-02-24,SKU-1002,Sugar,183.0,0,850.0,3,False,False,False,223.28571428571428,241.92857142857142,235.28571428571428,74.32504046559032,0.3158927038610396,0.899568345323741,0,0.25,3.5134337171538235,1.171144572384608
2026-02-25,SKU-1002,Sugar,235.0,0,615.0,3,False,False,False,216.85714285714286,243.28571428571428,234.57142857142858,74.22459838416779,0.31642642429304174,0.8617655407323305,0,0.21428571428571427,2.5278919553728714,0.8426306517909571
2026-02-26,SKU-1002,Sugar,222.0,0,393.0,3,False,False,False,215.14285714285714,243.0,234.35714285714286,74.25292825537154,0.31683663382359084,0.8605714285714285,0,0.17857142857142858,1.617283950617284,0.5390946502057613
2026-02-27,SKU-1002,Sugar,435.0,0,0.0,3,False,False,False,240.14285714285714,259.57142857142856,242.39285714285714,83.15997046554723,0.34307929468621223,0.9457102672292546,1,0.21428571428571427,0.0,0.0
2026-02-28,SKU-1002,Sugar,185.0,0,0.0,3,False,False,False,243.0,259.35714285714283,242.14285714285714,83.32742836221647,0.34412507288230987,0.9778672032193159,1,0.25,0.0,0.0
2026-03-01,SKU-1002,Sugar,209.0,0,0.0,3,False,False,False,246.85714285714286,260.42857142857144,242.53571428571428,83.13731708482955,0.34278381363204646,1.006993006993007,1,0.2857142857142857,0.0,0.0
2026-03-02,SKU-1002,Sugar,228.0,0,0.0,3,False,False,False,242.42857142857142,261.57142857142856,242.21428571428572,83.17690079220809,0.3434021265381637,0.9915278995033596,1,0.2857142857142857,0.0,0.0
2026-03-03,SKU-1002,Sugar,241.0,698,457.0,3,False,False,False,250.71428571428572,237.0,242.60714285714286,83.14304464605488,0.34270649935073405,1.0363153232949514,0,0.25,1.9282700421940928,0.6427566807313643
2026-03-04,SKU-1002,Sugar,235.0,828,1050.0,3,False,False,False,250.71428571428572,233.78571428571428,242.71428571428572,83.13080150419674,0.342504773707697,1.0305343511450382,0,0.25,4.491292392300641,1.4970974641002137
2026-03-05,SKU-1002,Sugar,206.0,0,844.0,3,False,False,False,248.42857142857142,231.78571428571428,240.89285714285714,83.36458937645385,0.34606501149602786,1.0223398001175779,0,0.25,3.6412942989214176,1.2137647663071391
2026-03-06,SKU-1002,Sugar,241.0,0,603.0,3,False,False,False,220.71428571428572,230.42857142857142,242.17857142857142,83.06760012469478,0.3430014457294579,0.8503026967528895,0,0.25,2.616862988220707,0.8722876627402356
2026-03-07,SKU-1002,Sugar,198.0,0,405.0,3,False,False,False,222.57142857142858,232.78571428571428,240.64285714285714,83.48662092225241,0.3469316393326013,0.8581657945469569,0,0.25,1.7397974838907642,0.5799324946302548
2026-03-08,SKU-1002,Sugar,287.0,0,118.0,3,False,False,False,233.71428571428572,240.28571428571428,242.71428571428572,83.90552762564315,0.3456967000467934,0.8974218321448162,0,0.25,0.4910820451843044,0.1636940150614348
2026-03-09,SKU-1002,Sugar,261.0,0,0.0,3,False,False,False,238.42857142857142,240.42857142857142,242.46428571428572,83.83779848628217,0.3457738043328768,0.9115237575095576,1,0.2857142857142857,0.0,0.0
2026-03-10,SKU-1002,Sugar,242.0,0,0.0,3,False,False,False,238.57142857142858,244.64285714285714,243.28571428571428,83.71196522417283,0.3440891113148619,1.0066305003013865,1,0.32142857142857145,0.0,0.0
2026-03-11,SKU-1002,Sugar,242.0,0,0.0,3,False,False,False,239.57142857142858,245.14285714285714,244.21428571428572,83.54211940264453,0.34208530904855905,1.0247479376718607,1,0.35714285714285715,0.0,0.0
2026-03-12,SKU-1002,Sugar,213.0,0,0.0,3,False,False,False,240.57142857142858,244.5,243.75,83.68309931587807,0.34331527924462796,1.037904468412943,1,0.39285714285714285,0.0,0.0
2026-03-13,SKU-1002,Sugar,239.0,0,0.0,3,False,False,False,240.28571428571428,230.5,245.03571428571428,83.30954422351715,0.3399893948780761,1.0427774333539988,1,0.42857142857142855,0.0,0.0
2026-03-14,SKU-1002,Sugar,214.0,916,702.0,3,False,False,False,242.57142857142858,232.57142857142858,245.96428571428572,82.7935773778767,0.3366081264092562,1.0420374347959498,0,0.42857142857142855,3.018427518427518,1.006142506142506
2026-03-15,SKU-1002,Sugar,130.0,0,514.0,3,True,False,False,220.14285714285714,226.92857142857142,243.67857142857142,85.13172954698722,0.3493607544065136,0.9161712247324614,0,0.42857142857142855,2.26502990242367,0.7550099674745567
2026-03-16,SKU-1002,Sugar,46.0,0,468.0,3,False,False,False,189.42857142857142,213.92857142857142,237.75,92.84978908610043,0.39053539047781466,0.7878787878787878,0,0.42857142857142855,2.1876460767946577,0.7292153589315525
2026-03-17,SKU-1002,Sugar,283.0,0,185.0,3,False,False,False,195.28571428571428,216.92857142857142,226.96428571428572,64.11129336168423,0.2824730470695765,0.7982481751824817,0,0.42857142857142855,0.8528152782351005,0.2842717594117002
2026-03-18,SKU-1002,Sugar,243.0,0,0.0,3,False,False,False,195.42857142857142,217.5,225.64285714285714,63.354507738547305,0.2807733802911245,0.7972027972027972,1,0.42857142857142855,0.0,0.0
2026-03-19,SKU-1002,Sugar,230.0,684,454.0,3,False,False,False,197.85714285714286,219.21428571428572,225.5,63.33947338657694,0.28088458264557403,0.8092316681273737,0,0.39285714285714285,2.0710329097425872,0.690344303247529
2026-03-20,SKU-1002,Sugar,208.0,0,246.0,3,False,False,False,193.42857142857142,216.85714285714286,223.64285714285714,63.05213262508596,0.2819322442514224,0.8391695072823055,0,0.35714285714285715,1.134387351778656,0.378129117259552
2026-03-21,SKU-1002,Sugar,244.0,732,734.0,3,False,False,False,197.71428571428572,220.14285714285714,226.46428571428572,62.091021682244644,0.27417577781152025,0.8501228501228502,0,0.35714285714285715,3.3341985723556133,1.1113995241185377
2026-03-22,SKU-1002,Sugar,238.0,0,496.0,3,False,False,False,213.14285714285714,216.64285714285714,228.46428571428572,61.504882156626635,0.26921005164695105,0.9392508655964747,0,0.35714285714285715,2.289482360698978,0.7631607868996593
2026-03-23,SKU-1002,Sugar,207.0,0,289.0,3,False,False,False,236.14285714285714,212.78571428571428,226.60714285714286,61.33353821566884,0.2706602159241493,1.1038397328881469,0,0.35714285714285715,1.3581738838536421,0.45272462795121404
2026-03-24,SKU-1002,Sugar,276.0,0,13.0,3,False,False,False,235.14285714285714,215.21428571428572,229.92857142857142,61.402695423662024,0.26705117612030704,1.0839644385907146,0,0.35714285714285715,0.06040491204779289,0.02013497068259763
2026-03-25,SKU-1002,Sugar,185.0,798,626.0,3,False,False,False,226.85714285714286,211.14285714285714,228.14285714285714,61.9741369507769,0.2716461857579451,1.0430213464696223,0,0.35714285714285715,2.9648173207036534,0.9882724402345512
2026-03-26,SKU-1002,Sugar,268.0,0,358.0,3,False,False,False,232.28571428571428,215.07142857142858,229.78571428571428,62.41341091811809,0.27161571428462955,1.0596285434995112,0,0.35714285714285715,1.66456326801727,0.5548544226724234
2026-03-27,SKU-1002,Sugar,242.0,0,80.0,3,True,False,False,237.14285714285714,215.28571428571428,222.89285714285714,47.87432566836904,0.2147862712248571,1.093544137022398,0,0.32142857142857145,0.37159920371599203,0.123866401238664
2026-03-28,SKU-1002,Sugar,216.0,0,0.0,3,False,False,False,233.14285714285714,215.42857142857142,224.0,47.32081211538174,0.21125362551509705,1.0590525632706036,1,0.32142857142857145,0.0,0.0
2026-03-29,SKU-1002,Sugar,211.0,945,734.0,3,False,False,False,229.28571428571428,221.21428571428572,224.07142857142858,47.29883607637608,0.21108820690763946,1.0583580613254204,0,0.2857142857142857,3.318049725540846,1.106016575180282
2026-03-30,SKU-1002,Sugar,269.0,0,465.0,3,False,False,False,238.14285714285714,237.14285714285714,225.53571428571428,48.05358285702353,0.2130641836890988,1.1191675058744546,0,0.25,1.9608433734939759,0.6536144578313253
2026-03-31,SKU-1002,Sugar,218.0,0,247.0,3,False,False,False,229.85714285714286,232.5,224.71428571428572,47.975963999623,0.21349761474720977,1.0680384998340524,0,0.25,1.0623655913978494,0.3541218637992831
2026-04-01,SKU-1002,Sugar,286.0,967,928.0,3,False,False,False,244.28571428571428,235.57142857142858,226.53571428571428,49.32994143208688,0.21775790006281456,1.1569688768606226,0,0.25,3.939357186173438,1.3131190620578128
2026-04-02,SKU-1002,Sugar,262.0,0,666.0,3,False,False,False,243.42857142857142,237.85714285714286,228.53571428571428,49.60098725335954,0.21703823145711318,1.131849883759548,0,0.25,2.8,0.9333333333333332
2026-04-03,SKU-1002,Sugar,234.0,953,1385.0,3,False,False,False,242.28571428571428,239.71428571428572,228.28571428571428,49.55345571748729,0.21706770339324846,1.1254147312541474,0,0.25,5.777711561382598,1.9259038537941995
2026-04-04,SKU-1002,Sugar,263.0,0,1122.0,3,False,False,False,249.0,241.07142857142858,230.60714285714286,49.60461394737111,0.21510441234728062,1.1558355437665784,0,0.25,4.654222222222222,1.5514074074074073
2026-04-05,SKU-1002,Sugar,207.0,0,915.0,3,False,False,False,248.42857142857142,238.85714285714286,227.75,48.528437634641186,0.21307766250116877,1.1230222796254439,0,0.25,3.8307416267942584,1.2769138755980862
2026-04-06,SKU-1002,Sugar,244.0,0,671.0,3,False,False,False,244.85714285714286,241.5,227.14285714285714,48.20228539665227,0.21221131935633075,1.0325301204819277,0,0.21428571428571427,2.7784679089026914,0.9261559696342304
2026-04-07,SKU-1002,Sugar,174.0,0,497.0,3,False,False,False,238.57142857142858,234.21428571428572,224.71428571428572,49.13010478074717,0.21863365128113804,1.0261136712749617,0,0.17857142857142858,2.1219884111009453,0.7073294703669818
2026-04-08,SKU-1002,Sugar,238.0,0,219.0,3,True,False,False,231.71428571428572,238.0,224.57142857142858,49.08377462275015,0.21856642643718258,0.9836264402668283,0,0.14285714285714285,0.9201680672268907,0.3067226890756302
2026-04-09,SKU-1002,Sugar,303.0,0,0.0,3,False,False,False,237.57142857142858,240.5,227.78571428571428,51.19921667720892,0.22476921714673093,0.9987987987987988,1,0.14285714285714285,0.0,0.0
2026-04-10,SKU-1002,Sugar,163.0,0,0.0,3,False,False,False,227.42857142857142,234.85714285714286,225.07142857142858,52.57863850950525,0.23360867633547236,0.9487485101311084,1,0.14285714285714285,0.0,0.0
2026-04-11,SKU-1002,Sugar,202.0,744,542.0,3,False,False,False,218.71428571428572,233.85714285714286,224.64285714285714,52.720938482706806,0.23468780246673937,0.9072592592592592,0,0.14285714285714285,2.3176542455711666,0.7725514151903888
2026-04-12,SKU-1002,Sugar,251.0,0,291.0,3,False,False,False,225.0,236.71428571428572,228.96428571428572,49.538972419296186,0.21636113363598397,0.9419856459330144,0,0.14285714285714285,1.2293301146650573,0.40977670488835244
2026-04-13,SKU-1002,Sugar,282.0,0,9.0,3,False,False,False,230.42857142857142,237.64285714285714,237.39285714285714,35.28123967515699,0.1486196345576043,0.9541555752735876,0,0.14285714285714285,0.03787195671776375,0.012623985572587917
2026-04-14,SKU-1002,Sugar,266.0,0,0.0,3,False,False,False,243.57142857142858,241.07142857142858,236.78571428571428,34.60716811089985,0.14615395280621354,1.0399512046355597,1,0.17857142857142858,0.0,0.0
2026-04-15,SKU-1002,Sugar,364.0,857,493.0,3,False,False,False,261.57142857142856,246.64285714285714,241.10714285714286,42.14554964047037,0.17480008738456085,1.0990396158463385,0,0.14285714285714285,1.9988415870257747,0.6662805290085916
2026-04-16,SKU-1002,Sugar,275.0,0,218.0,3,False,False,False,257.57142857142856,247.57142857142858,242.71428571428572,42.562248220047906,0.17535946882892015,1.070983070983071,0,0.14285714285714285,0.8805539526832082,0.29351798422773606
2026-04-17,SKU-1002,Sugar,201.0,0,17.0,3,False,False,False,263.0,245.21428571428572,242.46428571428572,42.79363239484317,0.1764945805060552,1.1198296836982968,0,0.14285714285714285,0.06932711913778036,0.023109039712593454
2026-04-18,SKU-1002,Sugar,106.0,0,0.0,3,False,False,False,249.28571428571428,234.0,237.53571428571428,49.957376011850506,0.21031522001681163,1.0659743433109345,1,0.17857142857142858,0.0,0.0
2026-04-19,SKU-1002,Sugar,254.0,0,0.0,3,False,False,False,249.71428571428572,237.35714285714286,238.10714285714286,50.05429591636005,0.2102175319721136,1.0549185274592636,1,0.21428571428571427,0.0,0.0
2026-04-20,SKU-1002,Sugar,237.0,0,0.0,3,False,False,False,243.28571428571428,236.85714285714286,239.17857142857142,49.68348229239181,0.20772547471807834,1.0237451157198678,1,0.25,0.0,0.0
2026-04-21,SKU-1002,Sugar,221.0,0,0.0,3,False,False,False,236.85714285714286,240.21428571428572,237.21428571428572,49.259221466349814,0.2076570612854253,0.9825185185185185,1,0.2857142857142857,0.0,0.0
2026-04-22,SKU-1002,Sugar,284.0,0,0.0,3,False,False,False,225.42857142857142,243.5,240.75,48.92445045017726,0.2032168242998017,0.9139878366637706,1,0.32142857142857145,0.0,0.0
2026-04-23,SKU-1002,Sugar,274.0,0,0.0,3,False,False,False,225.28571428571428,241.42857142857142,240.96428571428572,49.06117280751322,0.2036035035734949,0.9099826889786496,1,0.35714285714285715,0.0,0.0
2026-04-24,SKU-1002,Sugar,217.0,0,0.0,3,False,False,False,227.57142857142858,245.28571428571428,240.07142857142858,49.26867276883064,0.2052250576505888,0.928051267113312,1,0.39285714285714285,0.0,0.0
2026-04-25,SKU-1002,Sugar,253.0,690,437.0,3,False,False,False,248.57142857142858,248.92857142857142,241.39285714285714,49.095024478774086,0.20338225853020778,1.0622710622710623,0,0.35714285714285715,1.7555236728837877,0.5851745576279292
2026-04-26,SKU-1002,Sugar,260.0,0,177.0,3,False,False,False,249.42857142857142,249.57142857142858,243.14285714285714,48.844207576299276,0.20088687017279375,1.0508576587421004,0,0.35714285714285715,0.7092157985117343,0.2364052661705781
2026-04-27,SKU-1002,Sugar,259.0,0,0.0,3,False,False,False,252.57142857142858,247.92857142857142,242.78571428571428,48.68443902495541,0.20052431490125794,1.066344993968637,1,0.39285714285714285,0.0,0.0
2026-04-28,SKU-1002,Sugar,226.0,0,0.0,3,False,False,False,253.28571428571428,245.07142857142858,243.07142857142858,48.55689947651605,0.1997639120397369,1.0544157002676182,1,0.42857142857142855,0.0,0.0
2026-04-29,SKU-1002,Sugar,227.0,0,0.0,3,False,False,False,245.14285714285714,235.28571428571428,240.96428571428572,47.90073234022791,0.19878768423393828,1.0067468465825755,1,0.4642857142857143,0.0,0.0
2026-04-30,SKU-1002,Sugar,304.0,0,0.0,3,False,False,False,249.42857142857142,237.35714285714286,242.46428571428572,49.22321203634116,0.20301221638202274,1.0331360946745562,1,0.5,0.0,0.0
2026-05-01,SKU-1002,Sugar,283.0,907,624.0,3,False,False,False,258.85714285714283,243.21428571428572,244.21428571428572,49.77903555667163,0.20383343018233482,1.0553290623179965,0,0.5,2.565638766519824,0.8552129221732746
2026-05-02,SKU-1002,Sugar,231.0,0,393.0,3,False,False,False,255.71428571428572,252.14285714285714,243.07142857142858,49.69904132872893,0.20446270308616074,1.0272596843615496,0,0.5,1.5586402266288952,0.5195467422096317
2026-05-03,SKU-1002,Sugar,230.0,0,163.0,3,False,False,False,251.42857142857142,250.42857142857142,243.89285714285714,49.268981516594565,0.20201076035505167,1.0074413279908414,0,0.5,0.6508841985168283,0.21696139950560944
2026-05-04,SKU-1002,Sugar,244.0,705,570.0,3,True,False,False,249.28571428571428,250.92857142857142,243.89285714285714,49.268981516594565,0.20201076035505167,1.0054739268222415,0,0.5,2.2715627668659266,0.7571875889553089
2026-05-05,SKU-1002,Sugar,259.0,0,311.0,3,False,False,False,254.0,253.64285714285714,246.92857142857142,47.38567416848802,0.19190032929095527,1.0364325269600698,0,0.5,1.2261334835257673,0.4087111611752558
2026-05-06,SKU-1002,Sugar,263.0,734,782.0,3,False,False,False,259.14285714285717,252.14285714285714,247.82142857142858,47.44669802461653,0.19145518730209868,1.101396478445659,0,0.5,3.101416430594901,1.033805476864967
2026-05-07,SKU-1002,Sugar,257.0,0,525.0,3,False,False,False,252.42857142857142,250.92857142857142,246.17857142857142,46.24656429395276,0.18785779779931486,1.0634968402046343,0,0.4642857142857143,2.0922288642186166,0.6974096214062055
2026-05-08,SKU-1002,Sugar,248.0,0,277.0,3,False,False,False,247.42857142857142,253.14285714285714,249.21428571428572,43.278903545070186,0.173661407174257,1.0173274596182085,0,0.42857142857142855,1.0942437923250565,0.3647479307750188
2026-05-09,SKU-1002,Sugar,198.0,0,79.0,3,False,False,False,242.71428571428572,249.21428571428572,249.07142857142858,43.44679894565692,0.1744350975736154,0.9626062322946176,0,0.42857142857142855,0.3169962740040126,0.1056654246680042
2026-05-10,SKU-1002,Sugar,248.0,0,0.0,3,False,False,False,245.28571428571428,248.35714285714286,248.96428571428572,43.44556589304819,0.1745052137434155,0.9794637763833428,1,0.4642857142857143,0.0,0.0
2026-05-11,SKU-1002,Sugar,223.0,0,0.0,3,False,False,False,242.28571428571428,245.78571428571428,246.85714285714286,43.21412173653786,0.17505720610866032,0.9655565044121833,1,0.5,0.0,0.0
2026-05-12,SKU-1002,Sugar,265.0,0,0.0,3,False,False,False,243.14285714285714,248.57142857142858,246.82142857142858,43.19812544923725,0.17501772718544972,0.958603210363278,1,0.5,0.0,0.0
2026-05-13,SKU-1002,Sugar,246.0,0,0.0,3,False,False,False,240.71428571428572,249.92857142857142,242.60714285714286,36.594210517324186,0.15083731701532124,0.9546742209631729,1,0.5357142857142857,0.0,0.0
2026-05-14,SKU-1002,Sugar,308.0,0,0.0,3,False,False,False,248.0,250.21428571428572,243.78571428571428,38.17344155576802,0.15658604798732856,0.9883290634785085,1,0.5714285714285714,0.0,0.0
2026-05-15,SKU-1002,Sugar,284.0,0,0.0,3,True,False,False,253.14285714285714,250.28571428571428,246.75,37.94989386604976,0.15379896196980652,1.0,1,0.6071428571428571,0.0,0.0
2026-05-16,SKU-1002,Sugar,261.0,0,0.0,3,False,False,False,262.14285714285717,252.42857142857142,252.28571428571428,26.11918146136354,0.10353016434289058,1.0518773287474923,1,0.6071428571428571,0.0,0.0
2026-05-17,SKU-1002,Sugar,294.0,0,0.0,3,False,False,False,268.7142857142857,257.0,253.71428571428572,27.28431531913269,0.10753953110018516,1.0819672131147542,1,0.6071428571428571,0.0,0.0
2026-05-18,SKU-1002,Sugar,319.0,784,465.0,3,False,False,False,282.42857142857144,262.35714285714283,256.64285714285717,29.71620618539497,0.11578816771375718,1.1490845684394073,0,0.5714285714285714,1.7723931391233325,0.5907977130411108
2026-05-19,SKU-1002,Sugar,223.0,0,242.0,3,False,False,False,276.42857142857144,259.7857142857143,256.7142857142857,29.62963624338544,0.11541872771491268,1.1120689655172413,0,0.5357142857142857,0.93153698102832,0.31051232700944004
2026-05-20,SKU-1002,Sugar,171.0,0,71.0,3,False,False,False,265.7142857142857,253.21428571428572,252.67857142857142,33.24995524522582,0.13158992888569937,1.0631609031151759,0,0.5,0.28039492242595204,0.09346497414198401
2026-05-21,SKU-1002,Sugar,426.0,791,436.0,3,False,False,False,282.57142857142856,265.2857142857143,258.10714285714283,46.591478545071624,0.18051216262100533,1.129317727662004,0,0.4642857142857143,1.6435110393107162,0.547837013103572
2026-05-22,SKU-1002,Sugar,253.0,753,936.0,3,False,False,False,278.14285714285717,265.64285714285717,259.39285714285717,45.90678097713381,0.17697781458897793,1.1113013698630139,0,0.42857142857142855,3.5235278300618442,1.1745092766872813
2026-05-23,SKU-1002,Sugar,202.0,0,734.0,3,False,False,False,269.7142857142857,265.92857142857144,257.57142857142856,47.16435296361211,0.18311174195523283,1.0684776457272214,0,0.42857142857142855,2.760139672307279,0.9200465574357596
2026-05-24,SKU-1002,Sugar,207.0,0,527.0,3,False,False,False,257.2857142857143,263.0,255.67857142857142,48.11718224826994,0.18819403589210204,1.0011117287381879,0,0.42857142857142855,2.0038022813688214,0.6679340937896071
2026-05-25,SKU-1002,Sugar,242.0,864,1149.0,3,False,False,False,246.28571428571428,264.35714285714283,255.07142857142858,48.18093104540543,0.18889191672799663,0.9387421726109448,0,0.39285714285714285,4.346392866792759,1.4487976222642531
2026-05-26,SKU-1002,Sugar,309.0,0,840.0,3,False,False,False,258.57142857142856,267.5,258.0357142857143,48.87435299778788,0.18940925729246516,0.9953258179818532,0,0.35714285714285715,3.1401869158878504,1.0467289719626167
2026-05-27,SKU-1002,Sugar,329.0,0,511.0,3,False,False,False,281.14285714285717,273.42857142857144,261.67857142857144,50.257156167373246,0.1920568271716188,1.110296191819464,0,0.32142857142857145,1.8688610240334378,0.6229536746778126
2026-05-28,SKU-1002,Sugar,244.0,951,1218.0,3,False,False,False,255.14285714285714,268.85714285714283,259.5357142857143,49.66143308955082,0.19134720331738309,0.9617662897145934,0,0.2857142857142857,4.53028692879915,1.5100956429330499
2026-05-29,SKU-1002,Sugar,291.0,0,927.0,3,False,False,False,260.57142857142856,269.35714285714283,259.82142857142856,49.824174982616704,0.19176314769941824,0.9809088464641031,0,0.2857142857142857,3.441527446300716,1.147175815433572
2026-05-30,SKU-1002,Sugar,223.0,0,704.0,3,False,False,False,263.57142857142856,266.64285714285717,259.5357142857143,50.0181316330737,0.19272157502766804,0.991136180499597,0,0.2857142857142857,2.6402357353335115,0.8800785784445039
2026-05-31,SKU-1002,Sugar,230.0,0,448.0,3,True,False,False,266.85714285714283,262.07142857142856,259.5357142857143,50.0181316330737,0.19272157502766804,1.0146659424225963,0,0.2857142857142857,1.7094576178795313,0.5698192059598438
2026-06-01,SKU-1002,Sugar,236.0,667,879.0,3,False,False,False,266.0,256.14285714285717,259.25,50.13287898730285,0.19337658240039673,1.0062145366117266,0,0.2857142857142857,3.4316787506971553,1.1438929168990517
2026-06-02,SKU-1002,Sugar,258.0,0,621.0,3,False,False,False,258.7142857142857,258.64285714285717,259.2142857142857,50.13341987496749,0.19340531227598368,0.9671562082777037,0,0.2857142857142857,2.4009942004971,0.8003314001657
2026-06-03,SKU-1002,Sugar,355.0,793,1059.0,3,False,False,False,262.42857142857144,271.7857142857143,262.5,53.30520091364857,0.20306743205199454,0.9597701149425287,0,0.2857142857142857,3.8964520367936926,1.2988173455978975
2026-06-04,SKU-1002,Sugar,330.0,0,729.0,3,False,False,False,274.7142857142857,264.92857142857144,265.10714285714283,54.7907394755275,0.2066739465599852,1.021785334750266,0,0.2857142857142857,2.751685090320841,0.9172283634402804
2026-06-05,SKU-1002,Sugar,259.0,0,470.0,3,False,False,False,270.14285714285717,265.35714285714283,265.5,54.70290127047562,0.20603729292081213,1.0029169981437287,0,0.2857142857142857,1.7711978465679679,0.5903992821893226
2026-06-06,SKU-1002,Sugar,201.0,944,1213.0,3,False,False,False,267.0,265.2857142857143,265.60714285714283,54.56857003787832,0.20544842827223248,1.001339405304045,0,0.2857142857142857,4.572428648357566,1.5241428827858554
2026-06-07,SKU-1002,Sugar,235.0,0,978.0,3,False,False,False,267.7142857142857,267.2857142857143,265.14285714285717,54.778824163353235,0.20660116871954343,1.021531752521123,0,0.25,3.6590058792089795,1.2196686264029932
2026-06-08,SKU-1002,Sugar,299.0,0,679.0,3,False,False,False,276.7142857142857,271.35714285714283,267.85714285714283,54.49547333271461,0.20344976710880122,1.0803123257110987,0,0.21428571428571427,2.5022374309028694,0.8340791436342898
2026-06-09,SKU-1002,Sugar,257.0,0,422.0,3,False,False,False,276.57142857142856,267.64285714285717,267.57142857142856,54.5319672278146,0.20380340127853827,1.0693178679922672,0,0.17857142857142858,1.5767280491059512,0.5255760163686504
2026-06-10,SKU-1002,Sugar,325.0,0,97.0,3,False,False,False,272.2857142857143,267.35714285714283,270.39285714285717,55.41114962392946,0.20492830398494583,1.0018396846254927,0,0.14285714285714285,0.3628105797488646,0.1209368599162882
2026-06-11,SKU-1002,Sugar,426.0,744,415.0,3,False,False,False,286.0,280.35714285714283,274.60714285714283,62.42111423745573,0.22731059938207318,1.0795362631437044,0,0.10714285714285714,1.4802547770700638,0.4934182590233546
2026-06-12,SKU-1002,Sugar,256.0,0,159.0,3,False,False,False,285.57142857142856,277.85714285714283,273.60714285714283,62.489311255318036,0.2283906428859033,1.076177658142665,0,0.07142857142857142,0.5722365038560412,0.19074550128534706
2026-06-13,SKU-1002,Sugar,261.0,788,686.0,3,False,False,False,294.14285714285717,280.57142857142856,273.60714285714283,62.489311255318036,0.2283906428859033,1.1087775982767907,0,0.03571428571428571,2.4450101832993894,0.8150033944331297
2026-06-14,SKU-1002,Sugar,227.0,805,1264.0,3,False,False,False,293.0,280.35714285714283,271.2142857142857,62.96051504734099,0.23214306311898178,1.096205237840727,0,0.0,4.508535031847134,1.5028450106157114
2026-06-15,SKU-1002,Sugar,311.0,0,953.0,3,False,False,False,294.7142857142857,285.7142857142857,270.92857142857144,62.75344380187198,0.2316235732207244,1.0860752829692026,0,0.0,3.3354999999999997,1.1118333333333332
2026-06-16,SKU-1002,Sugar,277.0,0,676.0,3,False,False,False,297.57142857142856,287.07142857142856,272.85714285714283,62.051779027061556,0.22741489695781725,1.1118227915665864,0,0.0,2.3548146305051008,0.784938210168367
2026-06-17,SKU-1002,Sugar,262.0,955,1369.0,3,False,False,False,288.57142857142856,280.42857142857144,276.10714285714283,58.81820031104899,0.21302672470694242,1.0793481164841037,0,0.0,4.881813550687722,1.6272711835625742
2026-06-18,SKU-1002,Sugar,170.0,0,1199.0,3,False,False,False,252.0,269.0,266.9642857142857,54.38510290501815,0.20371677342347935,0.8988535031847135,0,0.0,4.4572490706319705,1.4857496902106568
2026-06-19,SKU-1002,Sugar,294.0,0,905.0,3,False,False,False,257.42857142857144,271.5,268.42857142857144,54.54690714756497,0.2032082756960909,0.9264781491002572,0,0.0,3.3333333333333335,1.1111111111111112
2026-06-20,SKU-1002,Sugar,328.0,0,577.0,3,False,False,False,267.0,280.57142857142856,272.92857142857144,54.05890379359421,0.1980697862104996,0.9516293279022404,0,0.0,2.0565173116089612,0.6855057705363204
2026-06-21,SKU-1002,Sugar,253.0,0,324.0,3,False,False,False,270.7142857142857,281.85714285714283,274.57142857142856,52.66204520611596,0.19179725101082817,0.9656050955414014,0,0.0,1.1495184997465788,0.3831728332488596
2026-06-22,SKU-1002,Sugar,235.0,899,988.0,3,False,False,False,259.85714285714283,277.2857142857143,274.32142857142856,52.83871586422109,0.19261607137067968,0.9094999999999999,0,0.0,3.563111798042246,1.1877039326807488
2026-06-23,SKU-1002,Sugar,336.0,0,652.0,3,False,False,False,268.2857142857143,282.92857142857144,275.2857142857143,53.73381385424589,0.19519288893602554,0.934560836028863,0,0.0,2.304468568543297,0.7681561895144323
2026-06-24,SKU-1002,Sugar,311.0,0,341.0,3,False,False,False,275.2857142857143,281.92857142857144,274.64285714285717,53.17212740031311,0.1936046251246771,0.9816607233825776,0,0.0,1.2095262224474284,0.4031754074824761
2026-06-25,SKU-1002,Sugar,250.0,0,91.0,3,False,False,False,286.7142857142857,269.35714285714283,274.85714285714283,53.05602509557039,0.1930312763352353,1.0658523632501329,0,0.0,0.337841421373641,0.112613807124547
2026-06-26,SKU-1002,Sugar,211.0,0,0.0,3,False,False,False,274.85714285714283,266.14285714285717,272.0,54.29412354805857,0.19961074833845063,1.0123651670612996,1,0.03571428571428571,0.0,0.0
2026-06-27,SKU-1002,Sugar,208.0,0,0.0,3,False,False,False,257.7142857142857,262.35714285714283,271.4642857142857,54.866492603245625,0.2021131157598839,0.9185336048879837,1,0.07142857142857142,0.0,0.0
2026-06-28,SKU-1002,Sugar,209.0,0,0.0,3,False,False,False,251.42857142857142,261.07142857142856,270.7142857142857,55.59300325204609,0.20535674024502512,0.8920425747592499,1,0.10714285714285714,0.0,0.0
2026-06-29,SKU-1002,Sugar,238.0,897,659.0,3,False,False,False,251.85714285714286,255.85714285714286,270.7857142857143,55.54801536132508,0.20513643235519682,0.908294693456981,0,0.10714285714285714,2.5756560580681183,0.8585520193560394
2026-01-01,SKU-1003,Beverages,169.0,0,1804.0,7,False,False,False,,,,,,,0,,,
2026-01-02,SKU-1003,Beverages,240.0,0,1564.0,7,False,False,False,,,,,,,0,,,
2026-01-03,SKU-1003,Beverages,197.0,1613,2980.0,7,False,False,False,202.0,,,,,,0,,,
2026-01-04,SKU-1003,Beverages,196.0,0,2812.0,7,True,False,False,200.5,,,,,,0,,,
2026-01-05,SKU-1003,Beverages,194.0,0,2618.0,7,False,False,False,199.2,199.2,,,,,0,0.0,13.142570281124499,1.8775100401606426
2026-01-06,SKU-1003,Beverages,259.0,0,2359.0,7,False,False,False,209.16666666666666,209.16666666666666,,,,,0,0.0,11.27808764940239,1.6111553784860557
2026-01-07,SKU-1003,Beverages,273.0,0,2086.0,7,False,True,False,218.28571428571428,218.28571428571428,218.28571428571428,38.92605933353767,0.17832618804631134,,0,0.0,9.556282722513089,1.3651832460732984
2026-01-08,SKU-1003,Beverages,176.0,0,1910.0,7,False,False,False,219.28571428571428,213.0,213.0,39.01648003454071,0.18317596260347752,,0,0.0,8.967136150234742,1.2810194500335346
2026-01-09,SKU-1003,Beverages,162.0,0,1748.0,7,False,False,False,208.14285714285714,207.33333333333334,207.33333333333334,40.26164427839479,0.19418799491187197,,0,0.0,8.430868167202572,1.204409738171796
2026-01-10,SKU-1003,Beverages,210.0,0,1538.0,7,False,False,False,210.0,207.6,207.6,37.96840792026971,0.18289213834426643,,0,0.0,7.408477842003854,1.058353977429122
2026-01-11,SKU-1003,Beverages,140.0,0,1398.0,7,False,False,False,202.0,201.45454545454547,201.45454545454547,41.386866603703254,0.20544022231080133,,0,0.0,6.939530685920577,0.9913615265600824
2026-01-12,SKU-1003,Beverages,135.0,0,1263.0,7,False,False,False,193.57142857142858,195.91666666666666,195.91666666666666,43.876807568740034,0.2239564826988007,0.9717441193344809,0,0.0,6.44661846022969,0.9209454943185271
2026-01-13,SKU-1003,Beverages,222.0,0,1041.0,7,False,False,False,188.28571428571428,197.92307692307693,197.92307692307693,42.62718525866942,0.2153724867324922,0.9001707455890723,0,0.0,5.259619121647882,0.7513741602354117
2026-01-14,SKU-1003,Beverages,250.0,2198,2989.0,7,False,False,False,185.0,201.64285714285714,201.64285714285714,43.255248045947944,0.21451415963275636,0.8475130890052356,0,0.0,14.823237690400283,2.1176053843428977
2026-01-15,SKU-1003,Beverages,188.0,0,2801.0,7,False,False,False,186.71428571428572,203.0,200.73333333333332,41.83038312496017,0.20838782692607194,0.8765928906773978,0,0.0,13.798029556650246,1.9711470795214636
2026-01-16,SKU-1003,Beverages,233.0,0,2568.0,7,False,False,False,196.85714285714286,202.5,202.75,41.20922226880775,0.2032514045317275,0.9494717501148369,0,0.0,12.681481481481482,1.8116402116402117
2026-01-17,SKU-1003,Beverages,196.0,0,2372.0,7,False,False,False,194.85714285714286,202.42857142857142,202.35294117647058,39.934229015455195,0.19734938757637743,0.9386182218552162,0,0.0,11.71771347918137,1.6739590684544814
2026-01-18,SKU-1003,Beverages,482.0,0,1890.0,7,False,False,False,243.71428571428572,222.85714285714286,217.88888888888889,76.45597648234754,0.3508943336772707,1.209773078906653,0,0.0,8.48076923076923,1.2115384615384615
2026-01-19,SKU-1003,Beverages,157.0,0,1733.0,7,False,False,False,246.85714285714286,220.21428571428572,214.68421052631578,75.60353653660722,0.35216160681430186,1.2600109375949444,0,0.0,7.8696075251378526,1.1242296464482646
2026-01-20,SKU-1003,Beverages,257.0,0,1476.0,7,False,False,False,251.85714285714286,220.07142857142858,216.8,74.19292064398199,0.34221826865305344,1.2725001388040642,0,0.0,6.706913339824732,0.9581304771178188
2026-01-21,SKU-1003,Beverages,249.0,1542,2769.0,7,False,False,False,251.71428571428572,218.35714285714286,218.33333333333334,72.65489201239882,0.33277049776671214,1.2483173928444917,0,0.0,12.681059862610402,1.8115799803729147
2026-01-22,SKU-1003,Beverages,251.0,0,2518.0,7,False,False,False,260.7142857142857,223.71428571428572,219.8181818181818,71.24514109656974,0.3241094094550319,1.2843068261787474,0,0.0,11.255427841634738,1.6079182630906768
2026-01-23,SKU-1003,Beverages,201.0,0,2317.0,7,False,False,False,256.14285714285717,226.5,219.0,69.71761222636253,0.3183452613075915,1.2649029982363318,0,0.0,10.229580573951434,1.4613686534216335
2026-01-24,SKU-1003,Beverages,171.0,0,2146.0,7,False,False,False,252.57142857142858,223.71428571428572,217.0,68.8855383321082,0.3174448771064894,1.2477064220183487,0,0.0,9.592592592592592,1.3703703703703702
2026-01-25,SKU-1003,Beverages,200.0,0,1946.0,7,False,False,False,212.28571428571428,228.0,216.32,67.52081160649657,0.3121339293939375,0.9525641025641025,0,0.0,8.535087719298245,1.2192982456140349
2026-01-26,SKU-1003,Beverages,247.0,0,1699.0,7,False,False,False,225.14285714285714,236.0,217.5,66.42966204941885,0.3054237335605464,1.0223807979240997,0,0.0,7.1991525423728815,1.028450363196126
2026-01-27,SKU-1003,Beverages,252.0,0,1447.0,7,False,True,False,224.42857142857142,238.14285714285714,218.77777777777777,65.4771441821985,0.2992860831080683,1.0197987666342097,0,0.0,6.07618476304739,0.8680263947210557
2026-01-28,SKU-1003,Beverages,331.0,0,1116.0,7,False,False,False,236.14285714285714,243.92857142857142,222.78571428571428,67.66275694389549,0.3037122786837245,1.0814524043179587,0,0.0,4.5751098096632505,0.6535871156661787
2026-01-29,SKU-1003,Beverages,215.0,0,901.0,7,False,False,False,231.0,245.85714285714286,224.42857142857142,66.86217364512063,0.29792184310365655,1.0325670498084292,0,0.0,3.6647298082510167,0.5235328297501453
2026-01-30,SKU-1003,Beverages,227.0,0,674.0,7,False,False,False,234.71428571428572,245.42857142857142,223.96428571428572,66.7951440588406,0.2982401584512098,1.0362661620939766,0,0.0,2.7462165308498254,0.3923166472642608
2026-01-31,SKU-1003,Beverages,177.0,0,497.0,7,False,False,False,235.57142857142858,244.07142857142858,223.25,67.19988150342286,0.30100730796605984,1.053001277139208,0,0.0,2.036289142522681,0.29089844893181155
2026-02-01,SKU-1003,Beverages,164.0,0,333.0,7,False,False,False,230.42857142857142,221.35714285714286,222.10714285714286,67.94842231603391,0.3059263265555474,1.0106516290726817,0,0.0,1.5043562439496612,0.2149080348499516
2026-02-02,SKU-1003,Beverages,188.0,0,145.0,7,False,False,False,222.0,223.57142857142858,221.89285714285714,68.04973088128911,0.3066783300621431,0.940677966101695,0,0.0,0.6485623003194888,0.0926517571884984
2026-02-03,SKU-1003,Beverages,234.0,2204,2115.0,7,False,False,False,219.42857142857142,221.92857142857142,221.0,67.70797863154954,0.3063709440341608,0.9214157168566286,0,0.0,9.530093337624718,1.3614419053749598
2026-02-04,SKU-1003,Beverages,224.0,0,1891.0,7,False,False,False,204.14285714285714,220.14285714285714,219.25,66.94310740942363,0.30532774189018763,0.836896046852123,0,0.0,8.589876703439325,1.227125243348475
2026-02-05,SKU-1003,Beverages,148.0,0,1743.0,7,False,False,False,194.57142857142858,212.78571428571428,218.25,67.81654173823178,0.3107287135772361,0.7914003486345148,0,0.0,8.191339375629406,1.1701913393756294
2026-02-06,SKU-1003,Beverages,326.0,0,1417.0,7,False,False,False,208.71428571428572,221.71428571428572,224.10714285714286,69.83066252421946,0.31159498815587966,0.850407450523865,0,0.0,6.391108247422681,0.9130154639175257
2026-02-07,SKU-1003,Beverages,183.0,0,1234.0,7,False,False,False,209.57142857142858,222.57142857142858,223.14285714285714,70.21802780320327,0.31467746134598135,0.858647936786655,0,0.0,5.544287548138639,0.7920410783055198
2026-02-08,SKU-1003,Beverages,202.0,0,1032.0,7,False,False,False,215.0,222.71428571428572,225.35714285714286,68.4544802990708,0.3037599759705202,0.9712810584059374,0,0.0,4.6337395766517,0.6619627966645286
2026-02-09,SKU-1003,Beverages,234.0,1740,2476.0,7,True,False,False,221.57142857142858,221.78571428571428,228.89285714285714,66.13193282887276,0.2889209110950909,0.9910543130990416,0,0.0,11.163929146537843,1.5948470209339776
2026-02-10,SKU-1003,Beverages,265.0,0,2211.0,7,False,False,False,226.0,222.71428571428572,230.42857142857142,66.46437562719765,0.2884380839370016,1.0183456710653365,0,0.0,9.927517639512507,1.4182168056446438
2026-02-11,SKU-1003,Beverages,232.0,0,1979.0,7,False,False,False,227.14285714285714,215.64285714285714,229.78571428571428,66.35502556694118,0.2887691507420505,1.0317975340687866,0,0.0,9.17721099701888,1.3110301424312687
2026-02-12,SKU-1003,Beverages,193.0,0,1786.0,7,False,False,False,233.57142857142858,214.07142857142858,229.96428571428572,66.24504573668949,0.2880666688348044,1.0976837865055389,0,0.0,8.343009676343009,1.1918585251918583
2026-02-13,SKU-1003,Beverages,149.0,0,1637.0,7,False,False,False,208.28571428571428,208.5,226.96428571428572,67.98174163528907,0.2995261629878983,0.9394329896907215,0,0.0,7.851318944844125,1.1216169921205892
2026-02-14,SKU-1003,Beverages,137.0,0,1500.0,7,False,False,False,201.71428571428572,205.64285714285714,224.85714285714286,69.86532774677309,0.3107098438547723,0.9062901155327343,0,0.0,7.294199374782911,1.0420284821118444
2026-02-15,SKU-1003,Beverages,457.0,1528,2571.0,7,False,False,False,238.14285714285714,226.57142857142858,223.96428571428572,66.53792131968787,0.2970916595361601,1.069275176395125,0,0.0,11.347414880201764,1.621059268600252
2026-02-16,SKU-1003,Beverages,259.0,0,2312.0,7,False,False,False,241.71428571428572,231.64285714285714,227.60714285714286,65.52033288349519,0.28786589059122314,1.0898550724637681,0,0.0,9.980881899475794,1.4258402713536849
2026-02-17,SKU-1003,Beverages,257.0,0,2055.0,7,False,False,False,240.57142857142858,233.28571428571428,227.60714285714286,65.52033288349519,0.28786589059122314,1.0801796023091725,0,0.0,8.808940600122474,1.258420085731782
2026-02-18,SKU-1003,Beverages,223.0,0,1832.0,7,False,False,False,239.28571428571428,233.21428571428572,226.67857142857142,65.39002844551928,0.28847026886316995,1.1096389532957933,0,0.0,7.855436447166921,1.1222052067381316
2026-02-19,SKU-1003,Beverages,183.0,0,1649.0,7,False,False,False,237.85714285714286,235.71428571428572,224.25,65.7152245734635,0.2930444797032932,1.1111111111111112,0,0.0,6.995757575757575,0.9993939393939393
2026-02-20,SKU-1003,Beverages,200.0,0,1449.0,7,False,False,False,245.14285714285714,226.71428571428572,224.21428571428572,65.72859862532198,0.29315080622953416,1.1757451181911613,0,0.0,6.391304347826087,0.9130434782608695
2026-02-21,SKU-1003,Beverages,414.0,0,1035.0,7,False,False,False,284.7142857142857,243.21428571428572,232.89285714285714,73.96813091821635,0.3176058374037813,1.3845085098992707,0,0.0,4.255506607929515,0.6079295154185022
2026-02-22,SKU-1003,Beverages,198.0,1880,2717.0,7,False,False,False,247.71428571428572,242.92857142857142,232.82142857142858,74.00202878671817,0.3178488734511595,1.0933165195460277,0,0.0,11.184357541899441,1.5977653631284916
2026-02-23,SKU-1003,Beverages,73.0,0,2644.0,7,False,False,False,221.14285714285714,231.42857142857142,226.60714285714286,79.84259481686418,0.35233926790735964,0.9546716003700277,0,0.0,11.424691358024692,1.6320987654320989
2026-02-24,SKU-1003,Beverages,220.0,0,2424.0,7,False,False,False,215.85714285714286,228.21428571428572,225.46428571428572,79.69454748896501,0.35346860917012835,0.9252908756889161,0,0.0,10.621596244131455,1.5173708920187792
2026-02-25,SKU-1003,Beverages,162.0,0,2262.0,7,False,False,False,207.14285714285714,223.21428571428572,219.42857142857142,77.7824261649495,0.35447720257463966,0.888208269525268,0,0.0,10.133759999999999,1.4476799999999999
2026-02-26,SKU-1003,Beverages,259.0,0,2003.0,7,False,False,False,218.0,227.92857142857142,221.0,78.13331437239057,0.35354440892484423,0.9248484848484848,0,0.0,8.787840802256346,1.2554058288937637
2026-02-27,SKU-1003,Beverages,168.0,0,1835.0,7,False,False,False,213.42857142857142,229.28571428571428,218.89285714285714,78.75858061928251,0.35980425148309847,0.9413988657844989,0,0.0,8.003115264797508,1.1433021806853583
2026-02-28,SKU-1003,Beverages,147.0,0,1688.0,7,False,False,False,175.28571428571428,230.0,217.82142857142858,79.54968332056463,0.36520595720213306,0.720704845814978,0,0.0,7.339130434782609,1.0484472049689442
2026-03-01,SKU-1003,Beverages,213.0,0,1475.0,7,False,False,False,177.42857142857142,212.57142857142858,219.57142857142858,78.8577850598802,0.3591441089259345,0.7303734195824757,0,0.0,6.938844086021505,0.991263440860215
2026-03-02,SKU-1003,Beverages,214.0,0,1261.0,7,False,False,False,197.57142857142858,209.35714285714286,220.5,78.624988959547,0.3565759136487392,0.8537037037037039,0,0.0,6.023200272944387,0.8604571818491982
2026-03-03,SKU-1003,Beverages,233.0,0,1028.0,7,False,False,False,199.42857142857142,207.64285714285714,220.46428571428572,78.6188565369314,0.3566058614991219,0.8738654147104851,0,0.0,4.950808393532852,0.7072583419332645
2026-03-04,SKU-1003,Beverages,266.0,0,762.0,7,False,False,False,214.28571428571428,210.71428571428572,221.96428571428572,79.08808129658098,0.3563099398719658,0.96,0,0.0,3.616271186440678,0.5166101694915254
2026-03-05,SKU-1003,Beverages,253.0,0,509.0,7,False,False,False,213.42857142857142,215.71428571428572,225.71428571428572,77.93200129213174,0.34526836015501405,0.9363835788154183,0,0.0,2.3596026490066224,0.33708609271523177
2026-03-06,SKU-1003,Beverages,234.0,0,275.0,7,False,False,False,222.85714285714286,218.14285714285714,222.42857142857142,75.44702756407285,0.3391966557151638,0.9719626168224299,0,0.0,1.260641781270465,0.18009168303863785
2026-03-07,SKU-1003,Beverages,220.0,0,55.0,7,False,False,False,233.28571428571428,204.28571428571428,223.75,75.05386954270467,0.3354362884590153,1.0142857142857142,0,0.0,0.2692307692307692,0.03846153846153846
2026-03-08,SKU-1003,Beverages,149.0,0,0.0,7,False,False,False,224.14285714285714,200.78571428571428,221.85714285714286,76.28101763082118,0.34382944199339877,1.0544354838709677,1,0.03571428571428571,0.0,0.0
2026-03-09,SKU-1003,Beverages,185.0,1859,1674.0,7,False,False,False,220.0,208.78571428571428,220.10714285714286,76.55370387329131,0.3478019971527108,1.050835892186967,0,0.03571428571428571,8.017789941840576,1.1453985631200823
2026-03-10,SKU-1003,Beverages,220.0,0,1454.0,7,False,False,False,218.14285714285714,208.78571428571428,218.5,76.04701274966789,0.3480412482822329,1.0505675954592364,0,0.03571428571428571,6.964078002052686,0.9948682860075265
2026-03-11,SKU-1003,Beverages,242.0,2045,3257.0,7,False,False,False,214.71428571428572,214.5,218.85714285714286,76.13619097853254,0.34788076817867347,1.0189830508474575,0,0.03571428571428571,15.184149184149184,2.169164169164169
2026-03-12,SKU-1003,Beverages,154.0,0,3103.0,7,False,False,False,200.57142857142858,207.0,217.46428571428572,76.97882447783559,0.3539837551945141,0.9298013245033113,0,0.03571428571428571,14.990338164251208,2.1414768806073154
2026-03-13,SKU-1003,Beverages,182.0,0,2921.0,7,False,True,False,193.14285714285714,208.0,218.64285714285714,76.13983932393826,0.34823840265767253,0.885396201702685,0,0.03571428571428571,14.04326923076923,2.0061813186813184
2026-03-14,SKU-1003,Beverages,187.0,0,2734.0,7,False,False,False,188.42857142857142,210.85714285714286,220.42857142857142,74.72737044871776,0.33900945764162305,0.9223776223776223,0,0.03571428571428571,12.966124661246612,1.8523035230352303
2026-03-15,SKU-1003,Beverages,211.0,0,2523.0,7,False,False,False,197.28571428571428,210.71428571428572,211.64285714285714,58.605532721821305,0.2769076807645961,0.9825684809676272,0,0.03571428571428571,11.973559322033898,1.710508474576271
2026-03-16,SKU-1003,Beverages,154.0,0,2369.0,7,False,False,False,192.85714285714286,206.42857142857142,207.89285714285714,58.82197830977069,0.28294371975151683,0.9237085186452275,0,0.03571428571428571,11.476124567474049,1.639446366782007
2026-03-17,SKU-1003,Beverages,170.0,0,2199.0,7,False,False,False,185.71428571428572,201.92857142857142,204.78571428571428,58.428403254567115,0.2853148397502405,0.8894970920287377,0,0.03571428571428571,10.889989388043864,1.555712769720552
2026-03-18,SKU-1003,Beverages,283.0,0,1916.0,7,False,False,False,191.57142857142858,203.14285714285714,206.92857142857142,60.19470173031941,0.29089603873816766,0.8931068931068932,0,0.03571428571428571,9.431786216596343,1.3473980309423348
2026-03-19,SKU-1003,Beverages,222.0,0,1694.0,7,False,False,False,201.28571428571428,200.92857142857142,208.32142857142858,60.071595291340174,0.2883601351204397,0.9723947550034506,0,0.03571428571428571,8.430856736580164,1.2044081052257378
2026-03-20,SKU-1003,Beverages,154.0,0,1540.0,7,False,False,False,197.28571428571428,195.21428571428572,206.67857142857142,60.93047256318048,0.2948078852201579,0.948489010989011,0,0.03571428571428571,7.888766922795463,1.1269667032564947
2026-03-21,SKU-1003,Beverages,155.0,1813,3198.0,7,False,False,False,192.71428571428572,190.57142857142858,197.42857142857142,46.160291233618636,0.23380755328171524,0.9139566395663957,0,0.03571428571428571,16.78110944527736,2.397301349325337
2026-03-22,SKU-1003,Beverages,178.0,0,3020.0,7,False,False,False,188.0,192.64285714285714,196.71428571428572,46.30563292097024,0.23539537432591986,0.8922033898305084,0,0.03571428571428571,15.67667779013719,2.239525398591027
2026-03-23,SKU-1003,Beverages,277.0,0,2743.0,7,False,False,False,205.57142857142858,199.21428571428572,204.0,41.96471180691033,0.2057093716025016,0.9958477508650521,0,0.03571428571428571,13.769092864826103,1.967013266403729
2026-03-24,SKU-1003,Beverages,290.0,0,2453.0,7,False,False,False,222.71428571428572,204.21428571428572,206.5,44.93328387732197,0.217594595047564,1.1029359745313054,0,0.03571428571428571,12.011892270024484,1.7159846100034977
2026-03-25,SKU-1003,Beverages,266.0,0,2187.0,7,False,False,False,220.28571428571428,205.92857142857142,210.21428571428572,45.41443492405143,0.21603876620343865,1.0843881856540085,0,0.03571428571428571,10.62018730489074,1.5171696149843914
2026-03-26,SKU-1003,Beverages,162.0,0,2025.0,7,False,False,False,211.71428571428572,206.5,206.75,45.254527090913506,0.21888525799716327,1.0536793458940634,0,0.03571428571428571,9.806295399515738,1.4008993427879626
2026-03-27,SKU-1003,Beverages,199.0,0,1826.0,7,False,False,False,218.14285714285714,207.71428571428572,207.85714285714286,44.646524717072566,0.21479427698935255,1.1174533479692645,0,0.03571428571428571,8.790921595598348,1.2558459422283355
2026-03-28,SKU-1003,Beverages,195.0,0,1658.0,7,True,False,False,223.85714285714286,208.28571428571428,209.57142857142858,43.118637863653966,0.20574673827237747,1.1746626686656672,0,0.03571428571428571,7.960219478737997,1.1371742112482852
2026-03-29,SKU-1003,Beverages,191.0,1827,3294.0,7,False,False,False,225.71428571428572,206.85714285714286,208.78571428571428,43.2540789280658,0.207169724595594,1.171672228401928,0,0.03571428571428571,15.92403314917127,2.2748618784530388
2026-03-30,SKU-1003,Beverages,201.0,0,3093.0,7,False,False,False,214.85714285714286,210.21428571428572,208.32142857142858,43.2658051373125,0.20768773252953024,1.0785227680172105,0,0.03571428571428571,14.713557594291538,2.1019367991845055
2026-03-31,SKU-1003,Beverages,234.0,0,2859.0,7,False,False,False,206.85714285714286,214.78571428571428,208.35714285714286,43.287338227172775,0.20775548000699995,1.012941587967821,0,0.03571428571428571,13.310941137346193,1.9015630196208846
2026-04-01,SKU-1003,Beverages,248.0,0,2611.0,7,False,False,False,204.28571428571428,212.28571428571428,207.71428571428572,42.526555662408626,0.20473582505973892,0.9920221990981617,0,0.03571428571428571,12.299461641991925,1.7570659488559894
2026-04-02,SKU-1003,Beverages,188.0,0,2423.0,7,False,False,False,208.0,209.85714285714286,205.39285714285714,41.72958741239204,0.20316961355363888,1.0072639225181599,0,0.03571428571428571,11.545949625595643,1.649421375085092
2026-04-03,SKU-1003,Beverages,227.0,0,2196.0,7,False,False,False,212.0,215.07142857142858,205.14285714285714,41.57252857687556,0.2026516016978614,1.0206327372764787,0,0.03571428571428571,10.210561275323812,1.4586516107605445
2026-04-04,SKU-1003,Beverages,168.0,0,2028.0,7,False,False,False,208.14285714285714,216.0,203.28571428571428,42.04306182497952,0.20681759154944246,0.9993141289437586,0,0.03571428571428571,9.38888888888889,1.3412698412698414
2026-04-05,SKU-1003,Beverages,216.0,0,1812.0,7,False,False,False,211.71428571428572,218.71428571428572,205.67857142857142,40.72496147048502,0.1980029382138532,1.0234806629834254,0,0.0,8.284781188765512,1.1835401698236445
2026-04-06,SKU-1003,Beverages,195.0,0,1617.0,7,False,False,False,210.85714285714286,212.85714285714286,206.03571428571428,40.58049352862108,0.196958540267185,1.003058103975535,0,0.0,7.5966442953020135,1.085234899328859
2026-04-07,SKU-1003,Beverages,300.0,0,1317.0,7,False,False,False,220.28571428571428,213.57142857142858,208.89285714285714,44.25041475906423,0.21183306774727276,1.0256069171932158,0,0.0,6.166555183946488,0.8809364548494983
2026-04-08,SKU-1003,Beverages,231.0,0,1086.0,7,False,False,False,217.85714285714286,211.07142857142858,208.5,43.99368641571706,0.21100089408017775,1.0262449528936743,0,0.0,5.145177664974619,0.7350253807106598
2026-04-09,SKU-1003,Beverages,198.0,1640,2528.0,7,False,False,False,219.28571428571428,213.64285714285714,210.07142857142858,42.742925402429755,0.20346853302754728,1.044928522804629,0,0.0,11.832831828819794,1.6904045469742564
2026-04-10,SKU-1003,Beverages,83.0,0,2445.0,7,False,False,False,198.71428571428572,205.35714285714286,206.53571428571428,48.8144500030527,0.23634871175609123,0.9239455330454999,0,0.0,11.906086956521738,1.7008695652173913
2026-04-11,SKU-1003,Beverages,85.0,0,2360.0,7,False,False,False,186.85714285714286,197.5,202.89285714285714,53.870447671011,0.2655117998219166,0.8650793650793651,0,0.0,11.949367088607595,1.7070524412296564
2026-04-12,SKU-1003,Beverages,150.0,0,2164.0,7,True,False,False,177.42857142857142,194.57142857142858,200.71428571428572,54.756604298346666,0.27280870468927165,0.8112344872632266,0,0.0,11.12187958883994,1.5888399412628487
2026-04-13,SKU-1003,Beverages,214.0,0,1950.0,7,False,False,False,180.14285714285714,195.5,202.85714285714286,54.02997404439593,0.2663449424723743,0.8463087248322148,0,0.0,9.974424552429667,1.4249177932042383
2026-04-14,SKU-1003,Beverages,199.0,0,1751.0,7,False,False,False,165.71428571428572,193.0,203.89285714285714,53.653441631845034,0.2631452733739115,0.7759197324414716,0,0.0,9.072538860103627,1.296076980014804
2026-04-15,SKU-1003,Beverages,197.0,0,1554.0,7,False,False,False,160.85714285714286,189.35714285714286,200.82142857142858,51.37015531554153,0.2558001687418038,0.7620981387478849,0,0.0,8.206714447378348,1.1723877781969068
2026-04-16,SKU-1003,Beverages,217.0,1742,3079.0,7,False,False,False,163.57142857142858,191.42857142857142,200.64285714285714,51.302454122018396,0.25569040858250536,0.7656302240053494,0,0.0,16.084328358208957,2.297761194029851
2026-04-17,SKU-1003,Beverages,193.0,0,2886.0,7,False,False,False,179.28571428571428,189.0,202.03571428571428,50.51254493457243,0.25001789962312676,0.8730434782608695,0,0.0,15.26984126984127,2.18140589569161
2026-04-18,SKU-1003,Beverages,173.0,0,2713.0,7,False,False,False,191.85714285714286,189.35714285714286,202.67857142857142,50.0037432461245,0.24671450412184778,0.9714285714285714,0,0.0,14.327423613730668,2.046774801961524
2026-04-19,SKU-1003,Beverages,168.0,0,2545.0,7,False,False,False,194.42857142857142,185.92857142857142,202.32142857142858,50.22177008505568,0.24822763678403512,0.9992657856093978,0,0.0,13.688052247406839,1.955436035343834
2026-04-20,SKU-1003,Beverages,193.0,0,2352.0,7,False,False,False,191.42857142857142,185.78571428571428,199.32142857142858,48.057876813375,0.2411074271231858,0.9791742784070149,0,0.0,12.659746251441753,1.8085351787773933
2026-04-21,SKU-1003,Beverages,213.0,0,2139.0,7,False,False,False,193.42857142857142,179.57142857142858,196.57142857142858,44.76724047901347,0.22774032220428364,1.002220577350111,0,0.0,11.911694510739856,1.701670644391408
2026-04-22,SKU-1003,Beverages,198.0,0,1941.0,7,False,False,False,193.57142857142858,177.21428571428572,194.14285714285714,42.6560006509564,0.21971449930588285,1.022255752546209,0,0.0,10.952841596130591,1.5646916565900846
2026-04-23,SKU-1003,Beverages,204.0,0,1737.0,7,False,False,False,191.71428571428572,177.64285714285714,195.64285714285714,42.220070956055885,0.21580175004920862,1.001492537313433,0,0.0,9.77804583835947,1.3968636911942098
2026-04-24,SKU-1003,Beverages,209.0,0,1528.0,7,False,False,False,194.0,186.64285714285714,196.0,42.29175561019659,0.21577426331732955,1.0264550264550265,0,0.0,8.186758515116724,1.1695369307309604
2026-04-25,SKU-1003,Beverages,178.0,0,1350.0,7,False,False,False,194.71428571428572,193.28571428571428,195.39285714285714,42.42844895142035,0.2171443192542076,1.028291210863825,0,0.0,6.984478935698448,0.9977827050997783
2026-04-26,SKU-1003,Beverages,181.0,0,1169.0,7,False,False,False,196.57142857142858,195.5,195.03571428571428,42.50880705511129,0.21795396402547448,1.057241644256627,0,0.0,5.979539641943734,0.8542199488491048
2026-04-27,SKU-1003,Beverages,267.0,0,902.0,7,False,False,False,207.14285714285714,199.28571428571428,197.39285714285714,44.62878931787013,0.22609120696587004,1.114955786236063,0,0.0,4.526164874551972,0.6465949820788531
2026-04-28,SKU-1003,Beverages,173.0,0,729.0,7,False,False,False,201.42857142857142,197.42857142857142,195.21428571428572,44.2629827306254,0.22674048965560029,1.1217183770883052,0,0.0,3.6924746743849495,0.5274963820549928
2026-04-29,SKU-1003,Beverages,230.0,0,499.0,7,False,False,False,206.0,199.78571428571428,194.57142857142858,43.59360178285477,0.22404934837003185,1.162434502216848,0,0.0,2.49767608151591,0.3568108687879871
2026-04-30,SKU-1003,Beverages,254.0,1583,1828.0,7,False,False,False,213.14285714285714,202.42857142857142,196.92857142857142,44.987182183890596,0.22844416052755473,1.199839163650985,0,0.0,9.030345800988004,1.2900494001411433
2026-05-01,SKU-1003,Beverages,173.0,0,1655.0,7,False,False,False,208.0,201.0,195.0,44.807406795123796,0.22978157330832716,1.1144278606965174,0,0.0,8.233830845771145,1.176261549395878
2026-05-02,SKU-1003,Beverages,359.0,2008,3304.0,7,False,False,False,233.85714285714286,214.28571428571428,201.82142857142858,54.11650913396544,0.2681405513627733,1.2099039172209904,0,0.0,15.418666666666667,2.2026666666666666
2026-05-03,SKU-1003,Beverages,155.0,0,3149.0,7,False,False,False,230.14285714285714,213.35714285714286,199.64285714285714,54.74872857357771,0.2742333452701567,1.1772013153087322,0,0.0,14.759290257783729,2.108470036826247
2026-05-04,SKU-1003,Beverages,233.0,0,2916.0,7,False,False,False,225.28571428571428,216.21428571428572,201.0,55.09923707208594,0.27412555757256685,1.1304659498207885,0,0.0,13.486620416253716,1.9266600594648167
2026-05-05,SKU-1003,Beverages,251.0,0,2665.0,7,False,False,False,236.42857142857142,218.92857142857142,199.25,52.557992661369745,0.2637791350633362,1.1975397973950797,0,0.0,12.172920065252855,1.738988580750408
2026-05-06,SKU-1003,Beverages,198.0,0,2467.0,7,False,False,False,231.85714285714286,218.92857142857142,198.07142857142858,52.18835443491528,0.2634824962455153,1.1605291383625314,0,0.0,11.268515497553018,1.6097879282218597
2026-05-07,SKU-1003,Beverages,206.0,0,2261.0,7,False,False,False,225.0,219.07142857142858,198.35714285714286,52.209843179880636,0.2632113087930605,1.1115031757233593,0,0.0,10.320834691881316,1.4744049559830452
2026-05-08,SKU-1003,Beverages,61.0,0,2200.0,7,False,True,False,209.0,208.5,197.57142857142858,54.140030080734725,0.27402762875281494,1.0398009950248757,0,0.0,10.551558752997602,1.5073655361425147
2026-05-09,SKU-1003,Beverages,201.0,0,1999.0,7,False,False,False,186.42857142857142,210.14285714285714,201.71428571428572,49.441216231337464,0.24510517961711206,0.87,0,0.0,9.512576478585997,1.3589394969408566
2026-05-10,SKU-1003,Beverages,214.0,0,1785.0,7,False,False,False,194.85714285714286,212.5,204.0,48.43093593515987,0.2374065487017641,0.913290927351858,0,0.0,8.4,1.2
2026-05-11,SKU-1003,Beverages,178.0,0,1607.0,7,False,False,False,187.0,206.14285714285714,202.71428571428572,48.633060804093006,0.23990939085880975,0.8648827221671622,0,0.0,7.795564795564796,1.1136521136521138
2026-05-12,SKU-1003,Beverages,205.0,0,1402.0,7,False,False,False,180.42857142857142,208.42857142857142,202.92857142857142,48.62930725200112,0.23963755773601397,0.8241435562805872,0,0.0,6.726525017135025,0.9609321453050035
2026-05-13,SKU-1003,Beverages,122.0,0,1280.0,7,False,False,False,169.57142857142858,200.71428571428572,200.25,50.97684659616454,0.25456602544901147,0.7745513866231649,0,0.0,6.377224199288256,0.9110320284697508
2026-05-14,SKU-1003,Beverages,208.0,0,1072.0,7,False,False,False,169.85714285714286,197.42857142857142,199.92857142857142,50.895629275656695,0.25456906390110534,0.77535050537985,0,0.0,5.429811866859624,0.7756874095513748
2026-05-15,SKU-1003,Beverages,223.0,0,849.0,7,False,False,False,193.0,201.0,201.0,51.059877703644325,0.25402924230668816,0.9256594724220624,0,0.0,4.223880597014926,0.6034115138592752
2026-05-16,SKU-1003,Beverages,165.0,1986,2670.0,7,False,False,False,187.85714285714286,187.14285714285714,200.71428571428572,51.24440865098769,0.25531022103694934,0.893949694085656,0,0.0,14.267175572519085,2.0381679389312977
2026-05-17,SKU-1003,Beverages,135.0,0,2535.0,7,False,False,False,176.57142857142858,185.71428571428572,199.53571428571428,52.391321123832455,0.2625661341448557,0.8309243697478992,0,0.0,13.649999999999999,1.9499999999999997
2026-05-18,SKU-1003,Beverages,222.0,0,2313.0,7,False,False,False,182.85714285714286,184.92857142857142,200.57142857142858,52.543758533688525,0.2619703060796436,0.8870408870408871,0,0.0,12.507531865585168,1.7867902665121669
2026-05-19,SKU-1003,Beverages,175.0,0,2138.0,7,False,False,False,178.57142857142858,179.5,199.21428571428572,52.701364901052294,0.26454611280556906,0.8567511994516793,0,0.0,11.910863509749303,1.7015519299641861
2026-05-20,SKU-1003,Beverages,276.0,0,1862.0,7,False,False,False,200.57142857142858,185.07142857142858,202.0,54.659891179032805,0.2705935206882812,0.9992882562277581,0,0.0,10.060980316480123,1.4372829023543032
2026-05-21,SKU-1003,Beverages,189.0,0,1673.0,7,False,False,False,197.85714285714286,183.85714285714286,201.46428571428572,54.71304410985739,0.27157688974933647,1.0021707670043416,0,0.0,9.099456099456098,1.2999222999222997
2026-05-22,SKU-1003,Beverages,181.0,0,1492.0,7,False,False,False,191.85714285714286,192.42857142857142,200.46428571428572,54.82597528669755,0.27349497737885825,0.9545131485429993,0,0.0,7.753526354862658,1.1076466221232368
2026-05-23,SKU-1003,Beverages,167.0,0,1325.0,7,False,False,False,192.14285714285714,190.0,200.07142857142858,55.03192916401561,0.2750614096023629,1.0267175572519085,0,0.0,6.973684210526316,0.9962406015037594
2026-05-24,SKU-1003,Beverages,50.0,0,1275.0,7,False,False,False,180.0,178.28571428571428,195.39285714285714,61.85846406692927,0.31658508387388407,0.9692307692307692,0,0.0,7.151442307692308,1.0216346153846154
2026-05-25,SKU-1003,Beverages,258.0,0,1017.0,7,False,False,False,185.14285714285714,184.0,195.07142857142858,61.49491311177162,0.3152430551317476,1.0011587485515643,0,0.0,5.5271739130434785,0.7895962732919255
2026-05-26,SKU-1003,Beverages,221.0,1496,2292.0,7,False,False,False,191.71428571428572,185.14285714285714,196.78571428571428,61.5258796152795,0.3126541976820011,1.0680461599681657,0,0.0,12.37962962962963,1.7685185185185186
2026-05-27,SKU-1003,Beverages,241.0,0,2051.0,7,False,False,False,186.71428571428572,193.64285714285714,197.17857142857142,61.78040776062251,0.3133221186918005,1.0088768815129294,0,0.0,10.591663592770196,1.5130947989671708
2026-05-28,SKU-1003,Beverages,403.0,0,1648.0,7,False,False,False,217.28571428571428,207.57142857142858,202.5,72.36609601085206,0.35736343709062746,1.1818181818181817,0,0.0,7.939435650378527,1.1342050929112182
2026-05-29,SKU-1003,Beverages,35.0,0,1613.0,7,False,False,False,196.42857142857142,194.14285714285714,197.57142857142858,78.85778505988023,0.39913557152506257,1.0207869339272457,0,0.0,8.30831493745401,1.1869021339220016
2026-05-30,SKU-1003,Beverages,179.0,2150,3584.0,7,False,False,False,198.14285714285714,195.14285714285714,191.14285714285714,72.27248556201849,0.3781071740912776,1.042857142857143,0,0.0,18.366032210834554,2.623718887262079
2026-05-31,SKU-1003,Beverages,195.0,0,3389.0,7,False,False,False,218.85714285714286,199.42857142857142,192.57142857142858,71.92610846810135,0.3735035306207043,1.2275641025641026,0,0.0,16.99355300859599,2.427650429799427
2026-06-01,SKU-1003,Beverages,216.0,0,3173.0,7,False,False,False,212.85714285714286,199.0,191.96428571428572,71.64339784674131,0.3732121190155826,1.156832298136646,0,0.0,15.944723618090451,2.2778176597272073
2026-06-02,SKU-1003,Beverages,188.0,0,2985.0,7,False,False,False,208.14285714285714,199.92857142857142,189.71428571428572,70.70379378100199,0.3726856599902213,1.1242283950617284,0,0.0,14.930332261521974,2.1329046087888535
2026-06-03,SKU-1003,Beverages,190.0,0,2795.0,7,False,False,False,200.85714285714286,193.78571428571428,189.42857142857142,70.6852326614415,0.3731497953469763,1.0372556252305423,0,0.0,14.42314780685588,2.060449686693697
2026-06-04,SKU-1003,Beverages,222.0,0,2573.0,7,False,False,False,175.0,196.14285714285714,190.0,70.88854057734004,0.3730975819860002,0.8430832759807295,0,0.0,13.117989803350328,1.873998543335761
2026-06-05,SKU-1003,Beverages,186.0,0,2387.0,7,False,False,False,196.57142857142858,196.5,194.46428571428572,66.24784113483591,0.34066842089539123,1.0125091979396617,0,0.0,12.147582697201019,1.7353689567430026
2026-06-06,SKU-1003,Beverages,181.0,0,2206.0,7,False,False,False,196.85714285714286,197.5,193.75,66.28257410232068,0.3421036082700422,1.0087847730600292,0,0.0,11.169620253164556,1.595660036166365
2026-06-07,SKU-1003,Beverages,149.0,0,2057.0,7,False,False,False,190.28571428571428,204.57142857142858,191.42857142857142,66.68412469825549,0.34834990514014064,0.9541547277936963,0,0.0,10.055167597765363,1.4364525139664805
2026-06-08,SKU-1003,Beverages,155.0,0,1902.0,7,False,False,False,181.57142857142858,197.21428571428572,190.60714285714286,66.99659432235083,0.3514904704938773,0.912419239052405,0,0.0,9.644331763853677,1.3777616805505253
2026-06-09,SKU-1003,Beverages,265.0,0,1637.0,7,False,False,False,192.57142857142858,200.35714285714286,192.75,68.4184429326869,0.35495949640823293,0.963201143265452,0,0.0,8.170409982174688,1.1672014260249555
2026-06-10,SKU-1003,Beverages,208.0,1593,3022.0,7,False,False,False,195.14285714285714,198.0,195.82142857142858,67.04119992044063,0.34235885423533424,1.0070033173608552,0,0.0,15.262626262626263,2.1803751803751803
2026-06-11,SKU-1003,Beverages,308.0,0,2714.0,7,False,False,False,207.42857142857142,191.21428571428572,199.39285714285714,70.29848493479065,0.3525627043120434,1.057538237436271,0,0.0,14.193500186776241,2.027642883825177
2026-06-12,SKU-1003,Beverages,137.0,0,2577.0,7,False,False,False,200.42857142857142,198.5,196.32142857142858,71.10297882566945,0.36217635203178905,1.019992729916394,0,0.0,12.982367758186397,1.8546239654551997
2026-06-13,SKU-1003,Beverages,176.0,0,2401.0,7,False,False,False,199.71428571428572,198.28571428571428,196.71428571428572,70.95374452721902,0.36069441662348084,1.0112115732368898,0,0.0,12.108789625360231,1.7298270893371759
2026-06-14,SKU-1003,Beverages,170.0,0,2231.0,7,False,False,False,202.71428571428572,196.5,197.96428571428572,70.12976445443022,0.35425462831030957,0.9909217877094972,0,0.0,11.353689567430026,1.6219556524900036
2026-06-15,SKU-1003,Beverages,235.0,0,1996.0,7,False,False,False,214.14285714285714,197.85714285714286,198.42857142857142,70.33750833918616,0.3544726842147611,1.08583846432452,0,0.0,10.088086642599277,1.4411552346570395
2026-06-16,SKU-1003,Beverages,164.0,0,1832.0,7,False,False,False,199.71428571428572,196.14285714285714,198.03571428571428,70.50373362472698,0.356015246436854,0.9967914438502674,0,0.0,9.3401310997815,1.3343044428259285
2026-06-17,SKU-1003,Beverages,207.0,0,1625.0,7,False,False,False,199.57142857142858,197.35714285714286,195.57142857142858,68.864563037371,0.35211975256508177,1.007936507936508,0,0.0,8.233803836409699,1.1762576909156712
2026-06-18,SKU-1003,Beverages,189.0,0,1436.0,7,False,False,False,182.57142857142858,195.0,195.57142857142858,68.864563037371,0.35211975256508177,0.9548001494209937,0,0.0,7.364102564102564,1.052014652014652
2026-06-19,SKU-1003,Beverages,158.0,0,1236.0,7,True,False,False,185.57142857142858,193.0,194.75,69.18125682796098,0.35523110052868284,0.9348686577905722,0,0.0,6.404145077720207,0.9148778682457438
2026-06-20,SKU-1003,Beverages,128.0,1945,3053.0,7,False,False,False,178.71428571428572,189.21428571428572,193.35714285714286,70.14652087975848,0.36278215453144397,0.9012968299711817,0,0.0,16.135145337863342,2.305020762551906
2026-06-21,SKU-1003,Beverages,187.0,0,2866.0,7,False,False,False,181.14285714285714,191.92857142857142,198.25,64.31210069882881,0.32439899469774935,0.9218466012359142,0,0.0,14.932638630442874,2.133234090063268
2026-06-22,SKU-1003,Beverages,205.0,0,2661.0,7,False,False,False,176.85714285714286,195.5,196.35714285714286,63.25973166868203,0.3221666945658597,0.8938628158844766,0,0.0,13.611253196930946,1.9444647424187065
2026-06-23,SKU-1003,Beverages,211.0,0,2450.0,7,False,False,False,183.57142857142858,191.64285714285714,196.0,63.14357537478467,0.3221610988509422,0.935906773488711,0,0.0,12.784196794632875,1.8263138278046964
2026-06-24,SKU-1003,Beverages,239.0,0,2211.0,7,False,False,False,188.14285714285714,193.85714285714286,195.92857142857142,63.0918956886485,0.3220147793077211,0.9533116178067318,0,0.0,11.405305821665438,1.6293294030950627
2026-06-25,SKU-1003,Beverages,161.0,0,2050.0,7,False,False,False,184.14285714285714,183.35714285714286,187.28571428571428,48.582009429537166,0.2594005080143098,0.9443223443223443,0,0.0,11.180366186209582,1.5971951694585118
2026-06-26,SKU-1003,Beverages,321.0,0,1729.0,7,False,False,False,207.42857142857142,196.5,197.5,45.335375770983724,0.22954620643536064,1.074759437453738,0,0.0,8.798982188295165,1.256997455470738
2026-06-27,SKU-1003,Beverages,170.0,0,1559.0,7,False,False,False,213.42857142857142,196.07142857142858,197.17857142857142,45.50299426161413,0.230770483485817,1.1279728199320498,0,0.0,7.951183970856102,1.1358834244080145
2026-06-28,SKU-1003,Beverages,155.0,1802,3206.0,7,False,False,False,208.85714285714286,195.0,195.75,46.19654067536196,0.23599765351398191,1.0882024562709343,0,0.0,16.44102564102564,2.3487179487179484
2026-06-29,SKU-1003,Beverages,159.0,0,3047.0,7,False,False,False,202.28571428571428,189.57142857142858,193.71428571428572,46.52586468466852,0.2401777675462239,1.0347095359883083,0,0.0,16.07309721175584,2.2961567445365487
2026-01-01,SKU-1004,Beverages,286.0,0,1554.0,7,False,False,False,,,,,,,0,,,
2026-01-02,SKU-1004,Beverages,144.0,1625,3035.0,7,False,False,False,,,,,,,0,,,
2026-01-03,SKU-1004,Beverages,159.0,0,2876.0,7,False,False,False,196.33333333333334,,,,,,0,,,
2026-01-04,SKU-1004,Beverages,131.0,0,2745.0,7,False,False,False,180.0,,,,,,0,,,
2026-01-05,SKU-1004,Beverages,186.0,0,2572.0,7,True,False,False,181.2,181.2,,,,,0,0.0,14.194260485651215,2.0277514979501734
2026-01-06,SKU-1004,Beverages,240.0,0,2332.0,7,False,False,False,191.0,191.0,,,,,0,0.0,12.209424083769633,1.744203440538519
2026-01-07,SKU-1004,Beverages,272.0,0,2060.0,7,False,False,False,202.57142857142858,202.57142857142858,202.57142857142858,63.123838980364994,0.3116127453191502,,0,0.0,10.169252468265162,1.4527503526093088
2026-01-08,SKU-1004,Beverages,196.0,0,1864.0,7,False,False,False,189.71428571428572,201.75,201.75,58.48748339846495,0.2899007851225029,,0,0.0,9.23915737298637,1.3198796247123386
2026-01-09,SKU-1004,Beverages,165.0,0,1699.0,7,False,False,False,192.71428571428572,197.66666666666666,197.66666666666666,56.06469477309227,0.2836325199313268,,0,0.0,8.595278246205734,1.2278968923151048
2026-01-10,SKU-1004,Beverages,128.0,0,1571.0,7,False,False,False,188.28571428571428,190.7,190.7,57.26556071885129,0.300291351436032,,0,0.0,8.238070267435763,1.1768671810622517
2026-01-11,SKU-1004,Beverages,131.0,0,1440.0,7,False,False,False,188.28571428571428,185.27272727272728,185.27272727272728,57.23126926618159,0.3089028272463187,,0,0.0,7.772325809617271,1.110332258516753
2026-01-12,SKU-1004,Beverages,192.0,0,1248.0,7,False,False,False,189.14285714285714,185.83333333333334,185.83333333333334,54.6024197488009,0.2938246802626057,1.043834752444024,0,0.0,6.715695067264574,0.9593850096092248
2026-01-13,SKU-1004,Beverages,237.0,0,1011.0,7,False,False,False,188.71428571428572,189.76923076923077,189.76923076923077,54.1697237796075,0.2854505103911218,0.9880329094988781,0,0.0,5.327523307661127,0.7610747582373039
2026-01-14,SKU-1004,Beverages,221.0,0,790.0,7,False,False,False,181.42857142857142,192.0,192.0,52.709654640375824,0.27452945125195743,0.8956276445698166,0,0.0,4.114583333333333,0.587797619047619
2026-01-15,SKU-1004,Beverages,229.0,1522,2083.0,7,False,False,False,186.14285714285714,187.92857142857142,194.46666666666667,51.682916031545766,0.2657674804501839,0.9226411754292795,0,0.0,11.083998479665528,1.5834283542379326
2026-01-16,SKU-1004,Beverages,160.0,0,1923.0,7,False,False,False,185.42857142857142,189.07142857142858,192.3125,50.66848955054151,0.2634695589238428,0.9380872079017104,0,0.0,10.170759350207781,1.4529656214582545
2026-01-17,SKU-1004,Beverages,171.0,0,1752.0,7,False,False,False,191.57142857142858,189.92857142857142,191.05882352941177,49.33111415252459,0.25819856545348463,1.0045696306839464,0,0.0,9.224520496427228,1.3177886423467469
2026-01-18,SKU-1004,Beverages,193.0,0,1559.0,7,False,False,False,200.42857142857142,194.35714285714286,191.16666666666666,47.86039748120385,0.2503595334675005,1.0818028879854198,0,0.0,8.021315692760014,1.1459022418228593
2026-01-19,SKU-1004,Beverages,339.0,1457,2677.0,7,False,False,False,221.42857142857142,205.28571428571428,198.94736842105263,57.563948675664214,0.28934259916339156,1.1915438821268416,0,0.0,13.040361864996521,1.8629088378566458
2026-01-20,SKU-1004,Beverages,206.0,0,2471.0,7,False,False,False,217.0,202.85714285714286,199.3,56.05082280254328,0.28123844858275604,1.1434941224158897,0,0.0,12.180985915492958,1.7401408450704225
2026-01-21,SKU-1004,Beverages,202.0,0,2269.0,7,False,False,False,214.28571428571428,197.85714285714286,199.42857142857142,54.6347613050258,0.27395653949511506,1.1160714285714286,0,0.0,11.467870036101083,1.6382671480144404
2026-01-22,SKU-1004,Beverages,244.0,0,2025.0,7,False,False,False,216.42857142857142,201.28571428571428,201.45454545454547,54.158257755552704,0.26883611701763527,1.1516533637400228,0,0.0,10.060326472675657,1.4371894960965224
2026-01-23,SKU-1004,Beverages,152.0,0,1873.0,7,False,False,False,215.28571428571428,200.35714285714286,199.30434782608697,53.90853767987599,0.270483500575294,1.1386475255005666,0,0.0,9.348306595365418,1.3354723707664884
2026-01-24,SKU-1004,Beverages,130.0,0,1743.0,7,False,False,False,209.42857142857142,200.5,196.41666666666666,54.588513417214884,0.27792200297266806,1.1026701767581797,0,0.0,8.693266832917706,1.2418952618453865
2026-01-25,SKU-1004,Beverages,164.0,0,1579.0,7,False,False,False,205.28571428571428,202.85714285714286,195.12,53.83100098146669,0.27588663889640574,1.0562293274531422,0,0.0,7.783802816901408,1.1119718309859155
2026-01-26,SKU-1004,Beverages,171.0,0,1408.0,7,False,False,False,181.28571428571428,201.35714285714286,194.19230769230768,52.95508982582825,0.2726940652548098,0.8830897703549061,0,0.0,6.992550549840368,0.9989357928343383
2026-01-27,SKU-1004,Beverages,178.0,0,1230.0,7,False,False,False,177.28571428571428,197.14285714285714,193.59259259259258,52.02015826674182,0.26870944580103867,0.8739436619718309,0,0.0,6.239130434782608,0.8913043478260869
2026-01-28,SKU-1004,Beverages,230.0,1702,2702.0,7,False,False,False,181.28571428571428,197.78571428571428,194.89285714285714,51.509322626688835,0.26429558980159196,0.9162454873646209,0,0.0,13.661249548573492,1.9516070783676418
2026-01-29,SKU-1004,Beverages,219.0,0,2483.0,7,False,False,False,177.71428571428572,197.07142857142858,192.5,48.593933472917904,0.25243601804113197,0.8828956706884316,0,0.0,12.599492569771655,1.7999275099673793
2026-01-30,SKU-1004,Beverages,183.0,0,2300.0,7,False,False,False,182.14285714285714,198.71428571428572,193.89285714285714,47.70304694493517,0.24602787151559857,0.9090909090909091,0,0.0,11.574406901509704,1.653486700215672
2026-01-31,SKU-1004,Beverages,139.0,0,2161.0,7,False,False,False,183.42857142857142,196.42857142857142,193.17857142857142,48.38966339839041,0.25049187930392525,0.9148557178482365,0,0.0,11.001454545454546,1.5716363636363637
2026-02-01,SKU-1004,Beverages,155.0,0,2006.0,7,False,False,False,182.14285714285714,193.71428571428572,194.03571428571428,47.45093539479775,0.24454743071127133,0.8978873239436619,0,0.0,10.355457227138643,1.4793510324483776
2026-02-02,SKU-1004,Beverages,197.0,0,1809.0,7,False,False,False,185.85714285714286,183.57142857142858,194.42857142857142,47.427471779181744,0.2439326248745571,0.9230223483504789,0,0.0,9.854474708171205,1.407782101167315
2026-02-03,SKU-1004,Beverages,192.0,0,1617.0,7,False,False,False,187.85714285714286,182.57142857142858,192.71428571428572,46.57916967507094,0.24170065806189517,0.9528985507246377,0,0.0,8.856807511737088,1.2652582159624413
2026-02-04,SKU-1004,Beverages,265.0,0,1352.0,7,False,False,False,192.85714285714286,187.07142857142858,192.46428571428572,46.1547173808695,0.23980925712828835,0.9750812567713977,0,0.0,7.227185948835433,1.032455135547919
2026-02-05,SKU-1004,Beverages,156.0,1850,3046.0,7,False,False,False,183.85714285714286,180.78571428571428,191.03571428571428,46.65752461473502,0.24423456519210704,0.9329467198260238,0,0.0,16.848676412485183,2.406953773212169
2026-02-06,SKU-1004,Beverages,170.0,0,2876.0,7,False,False,False,182.0,182.07142857142858,191.21428571428572,46.563661831675184,0.24351560165986275,0.9158878504672897,0,0.0,15.795998430757159,2.2565712043938797
2026-02-07,SKU-1004,Beverages,137.0,0,2739.0,7,False,False,False,181.71428571428572,182.57142857142858,191.53571428571428,46.14027094821404,0.24089643605258124,0.9250909090909092,0,0.0,15.002347417840374,2.1431924882629105
2026-02-08,SKU-1004,Beverages,181.0,0,2558.0,7,False,False,False,185.42857142857142,183.78571428571428,193.32142857142858,44.654271556638,0.23098459330978457,0.9572271386430677,0,0.0,13.918383210260396,1.988340458608628
2026-02-09,SKU-1004,Beverages,184.0,0,2374.0,7,False,False,False,183.57142857142858,184.71428571428572,193.03571428571428,44.688619930836445,0.23150441407278827,1.0,0,0.0,12.852281515854601,1.8360402165506573
2026-02-10,SKU-1004,Beverages,192.0,0,2182.0,7,False,False,False,183.57142857142858,185.71428571428572,191.42857142857142,43.850274353150425,0.22906859736720372,1.0054773082942097,0,0.0,11.749230769230769,1.6784615384615384
2026-02-11,SKU-1004,Beverages,223.0,0,1959.0,7,False,False,False,177.57142857142858,185.21428571428572,191.5,43.901826503807015,0.22925235772222985,0.949217258495609,0,0.0,10.576937909757037,1.510991129965291
2026-02-12,SKU-1004,Beverages,205.0,0,1754.0,7,False,False,False,184.57142857142858,184.21428571428572,190.64285714285714,43.373668651327314,0.2275126868185022,1.0209403397866457,0,0.0,9.521519968980224,1.3602171384257462
2026-02-13,SKU-1004,Beverages,168.0,0,1586.0,7,False,False,False,184.28571428571428,183.14285714285714,190.92857142857142,43.19030118443396,0.22621182812647794,1.012161632012554,0,0.0,8.65990639625585,1.2371294851794072
2026-02-14,SKU-1004,Beverages,130.0,0,1456.0,7,False,False,False,183.28571428571428,182.5,189.46428571428572,44.56412952377329,0.23521123971077323,1.0039123630672926,0,0.0,7.978082191780822,1.1397260273972603
2026-02-15,SKU-1004,Beverages,150.0,1438,2744.0,7,False,False,False,178.85714285714286,182.14285714285714,187.92857142857142,45.17449999430488,0.24038122383894656,0.9731830547998446,0,0.0,15.065098039215687,2.152156862745098
2026-02-16,SKU-1004,Beverages,158.0,0,2586.0,7,False,False,False,175.14285714285714,179.35714285714286,181.46428571428572,34.428113127863625,0.18972390623502883,0.9481825212683681,0,0.0,14.41816009557945,2.0597371565113503
2026-02-17,SKU-1004,Beverages,205.0,0,2381.0,7,False,False,False,177.0,180.28571428571428,181.42857142857142,34.402227071996805,0.18961857441258081,0.953076923076923,0,0.0,13.206814580031697,1.8866877971473852
2026-02-18,SKU-1004,Beverages,189.0,0,2192.0,7,False,False,False,172.14285714285714,174.85714285714286,180.96428571428572,34.2014534484928,0.1889955982944145,0.9294253760123409,0,0.0,12.5359477124183,1.7908496732026145
2026-02-19,SKU-1004,Beverages,213.0,0,1979.0,7,False,False,False,173.28571428571428,178.92857142857142,179.85714285714286,32.5470762022055,0.18096070962306474,0.9406746801085691,0,0.0,11.060279441117766,1.5800399201596809
2026-02-20,SKU-1004,Beverages,166.0,0,1813.0,7,False,False,False,173.0,178.64285714285714,180.35714285714286,32.20905587599989,0.17858486426296966,0.9446177847113885,0,0.0,10.14874050379848,1.4498200719712115
2026-02-21,SKU-1004,Beverages,140.0,0,1673.0,7,False,False,False,174.42857142857142,178.85714285714286,180.71428571428572,31.681116168675686,0.17531052425354135,0.9557729941291584,0,0.0,9.353833865814696,1.3362619808306708
2026-02-22,SKU-1004,Beverages,156.0,0,1517.0,7,False,False,False,175.28571428571428,177.07142857142858,180.42857142857142,31.872928919125087,0.17665122916379702,0.9623529411764705,0,0.0,8.567164179104477,1.2238805970149254
2026-02-23,SKU-1004,Beverages,69.0,0,1448.0,7,False,False,False,162.57142857142858,168.85714285714286,176.78571428571428,38.19284123619405,0.2160403140633199,0.9064117881322182,0,0.0,8.575296108291031,1.225042301184433
2026-02-24,SKU-1004,Beverages,216.0,1717,2949.0,7,False,False,False,164.14285714285714,170.57142857142858,178.14285714285714,38.90607330073985,0.21839816608274173,0.910459587955626,0,0.0,17.28894472361809,2.469849246231156
2026-02-25,SKU-1004,Beverages,199.0,0,2750.0,7,False,False,False,165.57142857142858,168.85714285714286,177.03571428571428,37.80111907304605,0.21352256083221496,0.9468954248366014,0,0.0,16.28595600676819,2.326565143824027
2026-02-26,SKU-1004,Beverages,202.0,0,2548.0,7,False,False,False,164.0,168.64285714285714,176.42857142857142,37.23442112349968,0.2110453019145731,0.9165668662674651,0,0.0,15.108852181279119,2.1584074544684455
2026-02-27,SKU-1004,Beverages,150.0,0,2398.0,7,False,False,False,161.71428571428572,167.35714285714286,175.25,37.53973203795525,0.21420674486707703,0.9052379048380649,0,0.0,14.328638497652582,2.0469483568075115
2026-02-28,SKU-1004,Beverages,128.0,0,2270.0,7,False,False,False,160.0,167.21428571428572,174.85714285714286,37.988023732354776,0.21725176971117927,0.8945686900958466,0,0.0,13.575395130286202,1.9393421614694575
2026-03-01,SKU-1004,Beverages,154.0,0,2116.0,7,False,False,False,159.71428571428572,167.5,174.82142857142858,38.007848674274676,0.217409553192991,0.9019766034691408,0,0.0,12.632835820895522,1.8046908315565031
2026-03-02,SKU-1004,Beverages,214.0,0,1902.0,7,False,False,False,180.42857142857142,171.5,175.42857142857142,38.50774676408064,0.21950669979524798,1.0685279187817258,0,0.0,11.090379008746355,1.5843398583923365
2026-03-03,SKU-1004,Beverages,206.0,0,1704.0,7,True,False,False,179.0,171.57142857142858,175.92857142857142,38.82050677195944,0.220660615025348,1.0494137353433834,0,0.0,9.931723563696918,1.4188176519567026
2026-03-04,SKU-1004,Beverages,199.0,0,1505.0,7,False,False,False,179.0,172.28571428571428,173.57142857142858,35.030598869315085,0.20182238031704164,1.060067681895093,0,0.0,8.735489220563847,1.247927031509121
2026-03-05,SKU-1004,Beverages,228.0,0,1277.0,7,False,False,False,182.71428571428572,173.35714285714286,176.14285714285714,36.31213885977292,0.20615163991760785,1.083439220669208,0,0.0,7.366295838483724,1.0523279769262464
2026-03-06,SKU-1004,Beverages,198.0,1843,2922.0,7,False,False,False,189.57142857142858,175.64285714285714,177.14285714285714,36.521646838973325,0.20617058699420426,1.1327358087921469,0,0.0,16.636030906872712,2.376575843838959
2026-03-07,SKU-1004,Beverages,124.0,0,2798.0,7,False,False,False,189.0,174.5,176.67857142857142,37.128459256646906,0.210146929287672,1.1302862024775737,0,0.0,16.034383954154727,2.290626279164961
2026-03-08,SKU-1004,Beverages,149.0,0,2649.0,7,False,False,False,188.28571428571428,174.0,175.53571428571428,37.4813357432807,0.21352541216924917,1.12409381663113,0,0.0,15.224137931034482,2.17487684729064
2026-03-09,SKU-1004,Beverages,169.0,0,2480.0,7,False,False,False,181.85714285714286,181.14285714285714,175.0,37.463068233681604,0.21407467562103774,1.0603915035401916,0,0.0,13.690851735015773,1.9558359621451105
2026-03-10,SKU-1004,Beverages,227.0,0,2253.0,7,False,False,False,184.85714285714286,181.92857142857142,176.25,38.61742554282404,0.2191059605266612,1.077435470441299,0,0.0,12.383981154299176,1.7691401648998824
2026-03-11,SKU-1004,Beverages,198.0,0,2055.0,7,False,False,False,184.71428571428572,181.85714285714286,175.35714285714286,37.776353848047755,0.21542523579334769,1.0721393034825872,0,0.0,11.300078554595444,1.6142969363707778
2026-03-12,SKU-1004,Beverages,232.0,0,1823.0,7,False,False,False,185.28571428571428,184.0,176.32142857142858,38.889257367868844,0.2205588831882373,1.068809229501442,0,0.0,9.907608695652174,1.4153726708074534
2026-03-13,SKU-1004,Beverages,160.0,0,1663.0,7,False,False,False,179.85714285714286,184.71428571428572,176.03571428571428,38.98193517311926,0.22144333228795687,1.0239934932899553,0,0.0,9.0030935808198,1.2861562258313999
2026-03-14,SKU-1004,Beverages,142.0,0,1521.0,7,False,False,False,182.42857142857142,185.71428571428572,176.46428571428572,38.52029974005258,0.21828949458034247,1.0454359394187474,0,0.0,8.19,1.17
2026-03-15,SKU-1004,Beverages,150.0,0,1371.0,7,False,False,False,182.57142857142858,185.42857142857142,176.46428571428572,38.52029974005258,0.21828949458034247,1.0492610837438425,0,0.0,7.393682588597843,1.0562403697996918
2026-03-16,SKU-1004,Beverages,160.0,1936,3147.0,7,False,False,False,181.28571428571428,181.57142857142858,176.53571428571428,38.486632737496045,0.21801046260365958,1.000788643533123,0,0.0,17.33202202989772,2.4760031471282455
2026-03-17,SKU-1004,Beverages,224.0,0,2923.0,7,False,False,False,180.85714285714286,182.85714285714286,177.21428571428572,39.16854098858683,0.22102360896421425,0.994110718492344,0,0.0,15.98515625,2.28359375
2026-03-18,SKU-1004,Beverages,212.0,0,2711.0,7,False,False,False,182.85714285714286,183.78571428571428,178.03571428571428,39.66291498864939,0.2227806659342393,1.0054988216810683,0,0.0,14.750874465604353,2.1072677808006217
2026-03-19,SKU-1004,Beverages,210.0,0,2501.0,7,False,False,False,179.71428571428572,182.5,177.92857142857142,39.56890714561644,0.22238647131217593,0.9767080745341615,0,0.0,13.704109589041096,1.9577299412915852
2026-03-20,SKU-1004,Beverages,134.0,0,2367.0,7,False,False,False,176.0,177.92857142857142,176.78571428571428,40.38000710184406,0.22841216138416842,0.9528228924980665,0,0.0,13.30309112806102,1.900441589723003
2026-03-21,SKU-1004,Beverages,121.0,0,2246.0,7,False,False,False,173.0,177.71428571428572,176.10714285714286,41.172931854075195,0.2337947864356328,0.9315384615384615,0,0.0,12.638263665594854,1.805466237942122
2026-03-22,SKU-1004,Beverages,138.0,0,2108.0,7,False,False,False,171.28571428571428,176.92857142857142,175.46428571428572,41.63641759134991,0.23729283382002797,0.923728813559322,0,0.0,11.914412595882116,1.7020589422688737
2026-03-23,SKU-1004,Beverages,202.0,0,1906.0,7,False,False,False,177.28571428571428,179.28571428571428,180.21428571428572,36.283204095985006,0.20133367314458583,0.9763965381589299,0,0.0,10.631075697211156,1.5187250996015937
2026-03-24,SKU-1004,Beverages,200.0,0,1706.0,7,False,False,False,173.85714285714286,177.35714285714286,179.64285714285714,35.82179585393593,0.19940562304377854,0.95078125,0,0.0,9.619009262988321,1.374144180426903
2026-03-25,SKU-1004,Beverages,250.0,0,1456.0,7,False,False,False,179.28571428571428,181.07142857142858,181.46428571428572,38.06863406363437,0.20978582046482233,0.9755149630781189,0,0.0,8.04102564102564,1.1487179487179486
2026-03-26,SKU-1004,Beverages,214.0,0,1242.0,7,False,False,False,179.85714285714286,179.78571428571428,181.89285714285714,38.37470162578113,0.21097420882031645,0.9855185909980431,0,0.0,6.908224076281288,0.9868891537544696
2026-03-27,SKU-1004,Beverages,154.0,0,1088.0,7,False,False,False,182.71428571428572,179.35714285714286,182.03571428571428,38.25884757790572,0.21017220564672556,1.0268968285828985,0,0.0,6.066109119872561,0.8665870171246516
2026-03-28,SKU-1004,Beverages,136.0,1722,2674.0,7,False,False,False,184.85714285714286,178.92857142857142,182.32142857142858,37.86824485309521,0.20770046148612456,1.040192926045016,0,0.0,14.944510978043914,2.134930139720559
2026-03-29,SKU-1004,Beverages,103.0,0,2571.0,7,False,False,False,179.85714285714286,175.57142857142858,180.5,40.421391476406306,0.22394122701610142,1.0165522809850627,0,0.0,14.64361269324654,2.0919446704637914
2026-03-30,SKU-1004,Beverages,370.0,0,2201.0,7,False,False,False,203.85714285714286,190.57142857142858,186.07142857142858,53.760048894535636,0.28892156795527785,1.1370517928286854,0,0.0,11.549475262368816,1.6499250374812593
2026-03-31,SKU-1004,Beverages,185.0,0,2016.0,7,False,False,False,201.71428571428572,187.78571428571428,185.32142857142858,53.61802735221487,0.2893244875432677,1.1373338703181635,0,0.0,10.735640928109548,1.5336629897299354
2026-04-01,SKU-1004,Beverages,234.0,0,1782.0,7,False,False,False,199.42857142857142,189.35714285714286,186.57142857142858,54.35168645134965,0.29131838067339016,1.1013806706114397,0,0.0,9.410788381742739,1.3443983402489628
2026-04-02,SKU-1004,Beverages,101.0,0,1681.0,7,False,False,False,183.28571428571428,181.57142857142858,182.03571428571428,56.03932623306679,0.3078479761675241,1.0194676201827573,0,0.0,9.258064516129032,1.3225806451612903
2026-04-03,SKU-1004,Beverages,189.0,1910,3402.0,7,False,False,False,188.28571428571428,185.5,181.71428571428572,55.970135649791736,0.30801175278973436,1.0497809637594584,0,0.0,18.339622641509433,2.6199460916442048
2026-04-04,SKU-1004,Beverages,107.0,0,3295.0,7,False,False,False,184.14285714285714,184.5,181.10714285714286,56.70674353112481,0.3131115793475635,1.0291417165668664,0,0.0,17.85907859078591,2.551296941540844
2026-04-05,SKU-1004,Beverages,152.0,0,3143.0,7,False,False,False,191.14285714285714,185.5,181.21428571428572,56.646635114905756,0.31259475428012634,1.0886899918633035,0,0.0,16.943396226415093,2.420485175202156
2026-04-06,SKU-1004,Beverages,186.0,0,2957.0,7,False,False,False,164.85714285714286,184.35714285714286,181.82142857142858,56.601958853309576,0.31130521467151206,0.8650674662668665,0,0.0,16.039519566059667,2.2913599380085237
2026-04-07,SKU-1004,Beverages,220.0,0,2737.0,7,False,False,False,169.85714285714286,185.78571428571428,181.57142857142858,56.410157065069626,0.3106774976046321,0.9045264359071891,0,0.0,14.73202614379085,2.104575163398693
2026-04-08,SKU-1004,Beverages,207.0,0,2530.0,7,False,False,False,166.0,182.71428571428572,181.89285714285714,56.5327432396577,0.3108024368172817,0.8766503206337231,0,0.0,13.846755277560593,1.9781078967943704
2026-04-09,SKU-1004,Beverages,197.0,0,2333.0,7,False,False,False,179.71428571428572,181.5,180.64285714285714,55.76552385474071,0.30870594462885326,0.989771833202203,0,0.0,12.853994490358128,1.8362849271940183
2026-04-10,SKU-1004,Beverages,149.0,0,2287.0,7,True,False,False,174.0,181.14285714285714,180.25,55.95476016555865,0.3104286278255681,0.9380053908355795,0,0.0,12.625394321766562,1.803627760252366
2026-04-11,SKU-1004,Beverages,101.0,0,2186.0,7,False,False,False,173.14285714285714,178.64285714285714,178.78571428571428,57.507717448509204,0.3216572290368074,0.9384436701509872,0,0.0,12.23670531787285,1.7481007596961216
2026-04-12,SKU-1004,Beverages,126.0,0,2060.0,7,False,False,False,169.42857142857142,180.28571428571428,177.92857142857142,58.12816527195402,0.32669382328677493,0.9133615710435117,0,0.0,11.426307448494454,1.6323296354992076
2026-04-13,SKU-1004,Beverages,185.0,0,1875.0,7,False,False,False,169.28571428571428,167.07142857142858,178.82142857142858,58.034506702943304,0.3245388831001423,0.9182487407981402,0,0.0,11.22274476271911,1.6032492518170156
2026-04-14,SKU-1004,Beverages,213.0,0,1662.0,7,False,False,False,168.28571428571428,169.07142857142858,178.42857142857142,57.75390227087024,0.3236807973547572,0.9058054594386774,0,0.0,9.830164765525982,1.4043092522179974
2026-04-15,SKU-1004,Beverages,190.0,1752,3224.0,7,False,False,False,165.85714285714286,165.92857142857142,177.64285714285714,57.42899918238128,0.3232834694625404,0.9077404222048475,0,0.0,19.430047352561346,2.7757210503659064
2026-04-16,SKU-1004,Beverages,154.0,0,3070.0,7,False,False,False,159.71428571428572,169.71428571428572,175.64285714285714,57.23519655655711,0.3258612248034972,0.8799685163321528,0,0.0,18.089225589225588,2.584175084175084
2026-04-17,SKU-1004,Beverages,144.0,0,2926.0,7,False,False,False,159.0,166.5,176.0,56.996426138772904,0.323843330333937,0.8777602523659306,0,0.0,17.573573573573572,2.5105105105105103
2026-04-18,SKU-1004,Beverages,119.0,0,2807.0,7,False,False,False,161.57142857142858,167.35714285714286,175.92857142857142,57.0691124679857,0.3243879718034104,0.904438224710116,0,0.0,16.77251387110542,2.3960734101579173
2026-04-19,SKU-1004,Beverages,148.0,0,2659.0,7,False,False,False,164.71428571428572,167.07142857142858,176.28571428571428,56.853845853730874,0.3225096604344539,0.9136291600633916,0,0.0,15.91534843950406,2.2736212056434373
2026-04-20,SKU-1004,Beverages,201.0,0,2458.0,7,False,False,False,167.0,168.14285714285714,176.25,56.837406175341464,0.32248173716505796,0.9995724668661821,0,0.0,14.618521665250638,2.0883602378929482
2026-04-21,SKU-1004,Beverages,185.0,0,2273.0,7,False,False,False,163.0,165.64285714285714,175.71428571428572,56.67572289911766,0.32254476446652325,0.9640895648500211,0,0.0,13.722294092281157,1.9603277274687367
2026-04-22,SKU-1004,Beverages,184.0,0,2024.0,7,True,False,False,162.14285714285714,164.0,173.35714285714286,54.81363326339894,0.31618906703237953,0.9771846749892381,0,0.0,12.341463414634147,1.7630662020905923
2026-04-23,SKU-1004,Beverages,182.0,0,1842.0,7,False,False,False,166.14285714285714,162.92857142857142,172.21428571428572,54.265709207262724,0.3151057357534957,0.9789562289562289,0,0.0,11.305567733450243,1.615081104778606
2026-04-24,SKU-1004,Beverages,155.0,0,1687.0,7,False,False,False,167.71428571428572,163.35714285714286,172.25,54.2536054442809,0.3149701332033724,1.0072930072930073,0,0.0,10.327066025360734,1.475295146480105
2026-04-25,SKU-1004,Beverages,138.0,0,1549.0,7,False,False,False,170.42857142857142,166.0,172.32142857142858,54.20540739147887,0.3145598770904473,1.0183525394793,0,0.0,9.331325301204819,1.3330464716006885
2026-04-26,SKU-1004,Beverages,140.0,0,1409.0,7,False,False,False,169.28571428571428,167.0,173.64285714285714,52.88787180561331,0.3045784472556916,1.0132535271483538,0,0.0,8.437125748502995,1.2053036783575706
2026-04-27,SKU-1004,Beverages,181.0,0,1228.0,7,False,False,False,166.42857142857142,166.71428571428572,166.89285714285714,36.38512036708116,0.21801484491296222,0.989804587935429,0,0.0,7.365895458440445,1.0522707797772064
2026-04-28,SKU-1004,Beverages,231.0,0,997.0,7,False,False,False,173.0,168.0,168.53571428571428,38.224950299468354,0.2268062319103865,1.044415696420871,0,0.0,5.934523809523809,0.8477891156462585
2026-04-29,SKU-1004,Beverages,217.0,0,780.0,7,False,False,False,177.71428571428572,169.92857142857142,167.92857142857142,37.269716205409274,0.22193791019809864,1.083623693379791,0,0.0,4.59016393442623,0.6557377049180328
2026-04-30,SKU-1004,Beverages,199.0,1519,2100.0,7,False,False,False,180.14285714285714,173.14285714285714,171.42857142857142,35.30127326570383,0.205924094049939,1.1056554142919772,0,0.0,12.12871287128713,1.7326732673267329
2026-05-01,SKU-1004,Beverages,170.0,0,1930.0,7,False,False,False,182.28571428571428,175.0,170.75,35.13321210183598,0.205758196789669,1.1158723218189768,0,0.0,11.028571428571428,1.5755102040816327
2026-05-02,SKU-1004,Beverages,56.0,0,1874.0,7,False,False,False,170.57142857142858,170.5,168.92857142857142,39.59884825432154,0.23441178670634316,1.027538726333907,0,0.0,10.991202346041055,1.5701717637201507
2026-05-03,SKU-1004,Beverages,126.0,0,1748.0,7,False,False,False,168.57142857142858,168.92857142857142,168.0,40.30899173651973,0.23993447462214124,1.009409751924722,0,0.0,10.34756871035941,1.4782241014799156
2026-05-04,SKU-1004,Beverages,158.0,0,1590.0,7,False,False,False,165.28571428571428,165.85714285714286,167.0,40.19305265193827,0.2406769619876543,0.9914310197086545,0,0.0,9.58656330749354,1.3695090439276485
2026-05-05,SKU-1004,Beverages,204.0,0,1386.0,7,False,False,False,161.42857142857142,167.21428571428572,166.42857142857142,39.51973587727433,0.23745764046430928,0.9608843537414965,0,0.0,8.28876548483554,1.1841093549765058
2026-05-06,SKU-1004,Beverages,234.0,0,1152.0,7,False,False,False,163.85714285714286,170.78571428571428,167.39285714285714,40.85325073036533,0.24405611701519722,0.9642707019756201,0,0.0,6.7452948557089085,0.9636135508155583
2026-05-07,SKU-1004,Beverages,185.0,0,967.0,7,False,False,False,161.85714285714286,171.0,166.96428571428572,40.59326904874123,0.2431254616823004,0.9348184818481848,0,0.0,5.654970760233918,0.8078529657477026
2026-05-08,SKU-1004,Beverages,143.0,0,824.0,7,False,False,False,158.0,170.14285714285714,166.75,40.707288454689945,0.24412166989319306,0.9028571428571428,0,0.0,4.842989084802687,0.691855583543241
2026-05-09,SKU-1004,Beverages,129.0,0,695.0,7,False,False,False,168.42857142857142,169.5,167.75,39.353690588850284,0.23459726133442793,0.9878508588186007,0,0.0,4.100294985250738,0.5857564264643911
2026-05-10,SKU-1004,Beverages,133.0,0,562.0,7,False,False,False,169.42857142857142,169.0,168.0,39.100061570473464,0.23273846172900872,1.0029598308668075,0,0.0,3.3254437869822486,0.4750633981403212
2026-05-11,SKU-1004,Beverages,171.0,0,391.0,7,False,False,False,171.28571428571428,168.28571428571428,167.5,38.963895918981024,0.2326202741431703,1.032730404823428,0,0.0,2.3234295415959254,0.33191850594227507
2026-05-12,SKU-1004,Beverages,187.0,0,204.0,7,False,False,False,168.85714285714286,165.14285714285714,166.57142857142858,38.14050881541059,0.2289738951182454,1.00982486117044,0,0.0,1.2352941176470589,0.17647058823529413
2026-05-13,SKU-1004,Beverages,189.0,0,15.0,7,False,False,False,162.42857142857142,163.14285714285714,166.53571428571428,38.11821975445178,0.22888916000957535,0.9510664993726474,0,0.0,0.09194395796847636,0.013134851138353765
2026-05-14,SKU-1004,Beverages,215.0,0,0.0,7,False,False,False,166.71428571428572,164.28571428571428,168.71428571428572,39.105609281133546,0.23178599912610906,0.974937343358396,1,0.03571428571428571,0.0,0.0
2026-05-15,SKU-1004,Beverages,175.0,0,0.0,7,False,False,False,171.28571428571428,164.64285714285714,169.82142857142858,38.81776375667182,0.22857989173224205,1.0067170445004199,1,0.07142857142857142,0.0,0.0
2026-05-16,SKU-1004,Beverages,125.0,0,0.0,7,False,False,False,170.71428571428572,169.57142857142858,170.03571428571428,38.542407757782826,0.22667242537658458,1.0071639275179098,1,0.10714285714285714,0.0,0.0
2026-05-17,SKU-1004,Beverages,158.0,0,0.0,7,False,False,False,174.28571428571428,171.85714285714286,170.39285714285714,38.37663186127562,0.22522441670838764,1.0312764158918004,1,0.14285714285714285,0.0,0.0
2026-05-18,SKU-1004,Beverages,136.0,0,0.0,7,False,False,False,169.28571428571428,170.28571428571428,168.07142857142858,38.42253252052766,0.22860835328830736,1.0059422750424447,1,0.17857142857142858,0.0,0.0
2026-05-19,SKU-1004,Beverages,242.0,0,0.0,7,False,False,False,177.14285714285714,173.0,170.10714285714286,40.789740254786025,0.23978852133823403,1.0726643598615917,1,0.21428571428571427,0.0,0.0
2026-05-20,SKU-1004,Beverages,236.0,0,0.0,7,False,False,False,183.85714285714286,173.14285714285714,171.96428571428572,42.58975893495487,0.2476663032562277,1.1269702276707532,1,0.25,0.0,0.0
2026-05-21,SKU-1004,Beverages,227.0,0,0.0,7,False,False,False,185.57142857142858,176.14285714285714,173.57142857142858,43.81394042609474,0.25242599422441414,1.1295652173913044,1,0.2857142857142857,0.0,0.0
2026-05-22,SKU-1004,Beverages,159.0,1765,1606.0,7,False,False,False,183.28571428571428,177.28571428571428,173.71428571428572,43.75762972020036,0.25189425003404814,1.113232104121475,0,0.2857142857142857,9.058823529411764,1.2941176470588236
2026-05-23,SKU-1004,Beverages,138.0,0,1468.0,7,False,False,False,185.14285714285714,177.92857142857142,173.71428571428572,43.75762972020036,0.25189425003404814,1.0918281381634372,0,0.2857142857142857,8.250501806503413,1.1786431152147734
2026-05-24,SKU-1004,Beverages,144.0,1474,2798.0,7,False,False,False,183.14285714285714,178.71428571428572,173.85714285714286,43.64988166435475,0.2510675198442755,1.0656691604322526,0,0.2857142857142857,15.656274980015986,2.2366107114308553
2026-05-25,SKU-1004,Beverages,137.0,0,2661.0,7,False,False,False,183.28571428571428,176.28571428571428,172.28571428571428,44.17210209141745,0.25638865227190893,1.0763422818791946,0,0.2857142857142857,15.094813614262561,2.1564019448946516
2026-05-26,SKU-1004,Beverages,191.0,0,2470.0,7,False,False,False,176.0,176.57142857142858,170.85714285714286,42.829303127055525,0.2506731788372815,1.0173410404624277,0,0.2857142857142857,13.988673139158575,1.9983818770226536
2026-05-27,SKU-1004,Beverages,212.0,0,2258.0,7,False,False,False,172.57142857142858,178.21428571428572,170.67857142857142,42.63979498546068,0.24982512232536078,0.9966996699669968,0,0.2857142857142857,12.670140280561121,1.81002004008016
2026-05-28,SKU-1004,Beverages,192.0,0,2066.0,7,False,False,False,167.57142857142858,176.57142857142858,170.42857142857142,42.48784451130621,0.249300009705904,0.951338199513382,0,0.2857142857142857,11.700647249190938,1.6715210355987054
2026-05-29,SKU-1004,Beverages,180.0,0,1886.0,7,False,False,False,170.57142857142858,176.92857142857142,170.78571428571428,42.52612020242267,0.24900279499536485,0.9621273166800968,0,0.2857142857142857,10.6596689543803,1.522809850625757
2026-05-30,SKU-1004,Beverages,119.0,0,1767.0,7,False,False,False,167.85714285714286,176.5,173.03571428571428,37.610560123511,0.2173572102081131,0.9433962264150945,0,0.2857142857142857,10.011331444759207,1.4301902063941725
2026-05-31,SKU-1004,Beverages,285.0,0,1482.0,7,False,False,False,188.0,185.57142857142858,178.71428571428572,41.99370071178421,0.234976742591918,1.0519584332533973,0,0.2857142857142857,7.986143187066974,1.1408775981524248
2026-06-01,SKU-1004,Beverages,184.0,0,1298.0,7,False,False,False,194.71428571428572,189.0,179.64285714285714,41.80573617004709,0.23271582758674325,1.1045380875202595,0,0.2857142857142857,6.867724867724868,0.981103552532124
2026-06-02,SKU-1004,Beverages,191.0,1341,2448.0,7,False,False,False,194.71428571428572,185.35714285714286,179.17857142857142,41.59687806254541,0.23215319628289247,1.1027508090614886,0,0.2857142857142857,13.206936416184972,1.886705202312139
2026-06-03,SKU-1004,Beverages,202.0,0,2246.0,7,False,False,False,193.28571428571428,182.92857142857142,178.03571428571428,40.458924889010696,0.22725173458220652,1.084569138276553,0,0.2857142857142857,12.278016399843812,1.7540023428348304
2026-06-04,SKU-1004,Beverages,80.0,0,2166.0,7,False,False,False,177.28571428571428,172.42857142857142,174.28571428571428,44.4579344606555,0.25508650920048237,1.0040453074433655,0,0.2857142857142857,12.561723280861642,1.794531897265949
2026-06-05,SKU-1004,Beverages,142.0,0,2024.0,7,False,False,False,171.85714285714286,171.21428571428572,174.25,44.48439176959841,0.2552906270852133,0.9713362939039161,0,0.2857142857142857,11.821443471005423,1.6887776387150606
2026-06-06,SKU-1004,Beverages,119.0,0,1905.0,7,False,False,False,171.85714285714286,169.85714285714286,173.89285714285714,44.89934362773092,0.25820119564108973,0.9736948603804129,0,0.2857142857142857,11.215306980656013,1.6021867115222876
2026-06-07,SKU-1004,Beverages,133.0,0,1772.0,7,False,False,False,150.14285714285714,169.07142857142858,173.89285714285714,44.89934362773092,0.25820119564108973,0.8090839107005388,0,0.2857142857142857,10.48077735530207,1.4972539079002958
2026-06-08,SKU-1004,Beverages,193.0,0,1579.0,7,False,False,False,151.42857142857142,173.07142857142858,174.67857142857142,45.03912173624715,0.2578399935830955,0.801209372637944,0,0.2857142857142857,9.123400742880726,1.303342963268675
2026-06-09,SKU-1004,Beverages,233.0,0,1346.0,7,False,False,False,157.42857142857142,176.07142857142858,176.32142857142858,46.32578161594304,0.26273483598266256,0.8493256262042388,0,0.2857142857142857,7.644624746450304,1.0920892494929004
2026-06-10,SKU-1004,Beverages,147.0,0,1199.0,7,False,False,False,149.57142857142858,171.42857142857142,174.82142857142858,46.57932586334415,0.26643945335518615,0.8176493557204219,0,0.2857142857142857,6.9941666666666675,0.9991666666666668
2026-06-11,SKU-1004,Beverages,154.0,0,1045.0,7,False,False,False,160.14285714285714,168.71428571428572,172.64285714285714,46.0540859857064,0.26675928994616865,0.9287489643744822,0,0.25,6.193903471634208,0.8848433530906011
2026-06-12,SKU-1004,Beverages,141.0,0,904.0,7,False,False,False,160.0,165.92857142857142,171.42857142857142,46.43627937645354,0.27087829636264565,0.9345014601585314,0,0.21428571428571427,5.448127421437796,0.7783039173482565
2026-06-13,SKU-1004,Beverages,141.0,0,763.0,7,False,False,False,163.14285714285714,167.5,172.0,45.93957383829814,0.2670905455715008,0.9604709840201849,0,0.17857142857142858,4.555223880597015,0.6507462686567164
2026-06-14,SKU-1004,Beverages,157.0,1358,1964.0,7,False,False,False,166.57142857142858,158.35714285714286,171.96428571428572,45.95124803274878,0.26721390340954637,0.9852133502323617,0,0.14285714285714285,12.40234551195309,1.7717636445647271
2026-06-15,SKU-1004,Beverages,170.0,0,1794.0,7,False,False,False,163.28571428571428,157.35714285714286,173.17857142857142,45.41174066776337,0.26222494095635684,0.9434585224927774,0,0.10714285714285714,11.400817067635042,1.6286881525192918
2026-06-16,SKU-1004,Beverages,189.0,0,1605.0,7,False,False,False,157.0,157.21428571428572,171.28571428571428,43.50126191686616,0.2539690020167332,0.891683569979716,0,0.07142857142857142,10.208995910949568,1.4584279872785098
2026-06-17,SKU-1004,Beverages,173.0,0,1432.0,7,False,False,False,160.71428571428572,155.14285714285714,169.03571428571428,41.61862309543396,0.24621201070613796,0.9375000000000001,0,0.03571428571428571,9.230202578268877,1.3186003683241252
2026-06-18,SKU-1004,Beverages,183.0,1822,3071.0,7,False,False,False,164.85714285714286,162.5,167.46428571428572,40.15385424317335,0.23977562781165573,0.9771380186282811,0,0.0,18.89846153846154,2.69978021978022
2026-06-19,SKU-1004,Beverages,162.0,0,2909.0,7,False,False,False,167.85714285714286,163.92857142857142,167.57142857142858,40.13443019120225,0.23950640352806113,1.0116229014205769,0,0.0,17.745533769063183,2.5350762527233117
2026-06-20,SKU-1004,Beverages,121.0,0,2788.0,7,False,False,False,165.0,164.07142857142858,166.96428571428572,40.72262283524982,0.24390020093839465,0.9850746268656716,0,0.0,16.992599042228992,2.427514148889856
2026-06-21,SKU-1004,Beverages,136.0,0,2652.0,7,False,False,False,162.0,164.28571428571428,166.67857142857142,40.91730917932153,0.24548632033876214,1.0230040595399188,0,0.0,16.142608695652175,2.3060869565217392
2026-06-22,SKU-1004,Beverages,177.0,0,2475.0,7,False,False,False,163.0,163.14285714285714,168.10714285714286,40.53927157316149,0.24115139240461478,1.0358601906491147,0,0.0,15.1707530647986,2.1672504378283715
2026-06-23,SKU-1004,Beverages,225.0,0,2250.0,7,False,False,False,168.14285714285714,162.57142857142858,169.32142857142858,41.74175773280683,0.24652377484045374,1.0695138573375738,0,0.0,13.84007029876977,1.977152899824253
2026-06-24,SKU-1004,Beverages,204.0,0,2046.0,7,False,False,False,172.57142857142858,166.64285714285714,169.03571428571428,41.46527520249983,0.24530481843862145,1.1123388581952118,0,0.0,12.277753964852122,1.7539648521217317
2026-06-25,SKU-1004,Beverages,182.0,0,1864.0,7,False,False,False,172.42857142857142,168.64285714285714,168.67857142857142,41.30290418578207,0.24486159585049713,1.061098901098901,0,0.0,11.052943667937315,1.5789919525624736
2026-06-26,SKU-1004,Beverages,171.0,0,1693.0,7,False,False,False,173.71428571428572,170.78571428571428,168.35714285714286,41.24651660777104,0.24499415889214873,1.059694989106754,0,0.0,9.913007109995817,1.4161438728565454
2026-06-27,SKU-1004,Beverages,144.0,0,1549.0,7,False,False,False,177.0,171.0,169.25,40.40042629038021,0.2387026664128816,1.0787984327383542,0,0.0,9.058479532163743,1.2940685045948204
2026-06-28,SKU-1004,Beverages,155.0,0,1394.0,7,False,False,False,179.71428571428572,170.85714285714286,164.60714285714286,33.48337264055461,0.20341384984498354,1.093913043478261,0,0.0,8.158862876254181,1.165551839464883
2026-06-29,SKU-1004,Beverages,144.0,1645,2895.0,7,False,False,False,175.0,169.0,163.17857142857142,33.478631738301075,0.2051656136293347,1.0726795096322241,0,0.0,17.130177514792898,2.4471682163989854
2026-01-01,SKU-1005,Pasta,83.0,1105,1803.0,10,False,False,False,,,,,,,0,,,
2026-01-02,SKU-1005,Pasta,91.0,0,1712.0,10,False,True,False,,,,,,,0,,,
2026-01-03,SKU-1005,Pasta,105.0,0,1607.0,10,False,False,False,93.0,,,,,,0,,,
2026-01-04,SKU-1005,Pasta,81.0,0,1526.0,10,False,False,False,90.0,,,,,,0,,,
2026-01-05,SKU-1005,Pasta,108.0,0,1418.0,10,False,False,False,93.6,93.6,,,,,0,0.0,15.14957264957265,1.5149572649572651
2026-01-06,SKU-1005,Pasta,100.0,0,1318.0,10,False,False,False,94.66666666666667,94.66666666666667,,,,,0,0.0,13.922535211267604,1.3922535211267604
2026-01-07,SKU-1005,Pasta,121.0,0,1197.0,10,False,False,False,98.42857142857143,98.42857142857143,98.42857142857143,14.397420403867992,0.14627277623668497,,0,0.0,12.1611030478955,1.21611030478955
2026-01-08,SKU-1005,Pasta,104.0,0,1093.0,10,False,False,False,101.42857142857143,99.125,99.125,13.474181660812338,0.13593121473707276,,0,0.0,11.026481715006305,1.1026481715006304
2026-01-09,SKU-1005,Pasta,94.0,0,999.0,10,False,False,False,101.85714285714286,98.55555555555556,98.55555555555556,12.719189352225944,0.12905603626835796,,0,0.0,10.13641488162345,1.013641488162345
2026-01-10,SKU-1005,Pasta,74.0,0,925.0,10,False,False,False,97.42857142857143,96.1,96.1,14.286357128393508,0.14866136449941217,,0,0.0,9.625390218522373,0.9625390218522373
2026-01-11,SKU-1005,Pasta,110.0,0,815.0,10,False,False,False,101.57142857142857,97.36363636363636,97.36363636363636,14.186421164428522,0.1457055395039344,,0,0.0,8.370681605975724,0.8370681605975724
2026-01-12,SKU-1005,Pasta,95.0,0,720.0,10,False,False,False,99.71428571428571,97.16666666666667,97.16666666666667,13.543420632330756,0.13938340273410726,1.0653235653235653,0,0.0,7.409948542024013,0.7409948542024013
2026-01-13,SKU-1005,Pasta,100.0,0,620.0,10,False,False,False,99.71428571428571,97.38461538461539,97.38461538461539,12.99062778530777,0.1333950720450245,1.0533199195171026,0,0.0,6.36650868878357,0.636650868878357
2026-01-14,SKU-1005,Pasta,115.0,0,505.0,10,False,False,False,98.85714285714286,98.64285714285714,98.64285714285714,13.339398803527859,0.13522924203431574,1.0043541364296082,0,0.0,5.1194786386676325,0.5119478638667633
2026-01-15,SKU-1005,Pasta,112.0,0,393.0,10,False,False,False,100.0,100.71428571428571,99.53333333333333,13.30878692908597,0.133711857961346,1.008827238335435,0,0.0,3.9021276595744685,0.39021276595744686
2026-01-16,SKU-1005,Pasta,91.0,1460,1762.0,10,False,False,False,99.57142857142857,100.71428571428571,99.0,13.033290707517681,0.13164940108603718,1.0103076179739088,0,0.0,17.49503546099291,1.749503546099291
2026-01-17,SKU-1005,Pasta,94.0,0,1668.0,10,False,False,False,102.42857142857143,99.92857142857143,98.70588235294117,12.677562393271593,0.12843775964577894,1.065854021108964,0,0.0,16.69192280200143,1.6691922802001429
2026-01-18,SKU-1005,Pasta,80.0,0,1588.0,10,False,False,False,98.14285714285714,99.85714285714286,97.66666666666667,13.065446121466394,0.1337758988546047,1.0080032012805122,0,0.0,15.902718168812589,1.5902718168812588
2026-01-19,SKU-1005,Pasta,76.0,0,1512.0,10,False,False,False,95.42857142857143,97.57142857142857,96.52631578947368,13.635608697869102,0.14126312173364938,0.9821122273952463,0,0.0,15.496339677891655,1.5496339677891655
2026-01-20,SKU-1005,Pasta,113.0,0,1399.0,10,False,False,False,97.28571428571429,98.5,97.35,13.7736399653373,0.1414857726280154,0.9989844278943806,0,0.0,14.203045685279188,1.4203045685279188
2026-01-21,SKU-1005,Pasta,94.0,0,1305.0,10,False,False,False,94.28571428571429,96.57142857142857,97.19047619047619,13.444772395317996,0.13833425786461437,0.9558291093410574,0,0.0,13.513313609467456,1.3513313609467457
2026-01-22,SKU-1005,Pasta,93.0,0,1212.0,10,False,False,False,91.57142857142857,95.78571428571429,97.0,13.151136108807519,0.13557872277121152,0.9092198581560283,0,0.0,12.65324384787472,1.265324384787472
2026-01-23,SKU-1005,Pasta,96.0,0,1116.0,10,False,False,False,92.28571428571429,95.92857142857143,96.95652173913044,12.850462534546322,0.13253840282267507,0.9163120567375888,0,0.0,11.633655994043187,1.1633655994043186
2026-01-24,SKU-1005,Pasta,96.0,0,1020.0,10,False,False,False,92.57142857142857,97.5,96.91666666666667,12.569516841278682,0.12969406886959947,0.9263759828448892,0,0.0,10.461538461538462,1.0461538461538462
2026-01-25,SKU-1005,Pasta,97.0,1098,2021.0,10,False,False,False,95.0,96.57142857142857,96.92,12.304877081872863,0.12695911145143277,0.9513590844062947,0,0.0,20.92751479289941,2.092751479289941
2026-01-26,SKU-1005,Pasta,103.0,0,1918.0,10,False,False,False,98.85714285714286,97.14285714285714,97.15384615384616,12.115089129485785,0.12470004646343245,1.013177159590044,0,0.0,19.744117647058825,1.9744117647058825
2026-01-27,SKU-1005,Pasta,107.0,0,1811.0,10,False,True,False,98.0,97.64285714285714,97.51851851851852,12.029995748993336,0.12336114136833273,0.9949238578680203,0,0.0,18.547183613752743,1.8547183613752742
2026-01-28,SKU-1005,Pasta,109.0,0,1702.0,10,False,False,False,100.14285714285714,97.21428571428571,97.92857142857143,12.002865619042108,0.12256755555549928,1.03698224852071,0,0.0,17.507714915503307,1.7507714915503307
2026-01-29,SKU-1005,Pasta,93.0,0,1609.0,10,False,False,False,100.14285714285714,95.85714285714286,98.28571428571429,11.6868306474429,0.11890670716875043,1.0454884414615957,0,0.0,16.785394932935915,1.6785394932935915
2026-01-30,SKU-1005,Pasta,92.0,0,1517.0,10,False,False,False,99.57142857142857,95.92857142857143,98.32142857142857,11.665249347015362,0.11864401805900114,1.0379746835443038,0,0.0,15.813849590469099,1.5813849590469098
2026-01-31,SKU-1005,Pasta,85.0,0,1432.0,10,False,False,False,98.0,95.28571428571429,97.60714285714286,11.851986193021688,0.12142539824537403,1.005128205128205,0,0.0,15.02848575712144,1.502848575712144
2026-02-01,SKU-1005,Pasta,85.0,0,1347.0,10,False,False,False,96.28571428571429,95.64285714285714,97.75,11.66706348531499,0.11935614818736563,0.9970414201183433,0,0.0,14.083644510828977,1.4083644510828977
2026-02-02,SKU-1005,Pasta,97.0,0,1250.0,10,False,False,False,95.42857142857143,97.14285714285714,97.35714285714286,11.493039071105043,0.11805029126593587,0.9823529411764707,0,0.0,12.86764705882353,1.286764705882353
2026-02-03,SKU-1005,Pasta,89.0,0,1161.0,10,False,False,False,92.85714285714286,95.42857142857143,96.96428571428571,11.586972706791732,0.11949732441626833,0.9509875640087784,0,0.0,12.166167664670658,1.2166167664670657
2026-02-04,SKU-1005,Pasta,100.0,0,1061.0,10,False,False,False,91.57142857142857,95.85714285714286,96.21428571428571,10.612212192518937,0.11029767683390136,0.9419544452608376,0,0.0,11.068554396423249,1.106855439642325
2026-02-05,SKU-1005,Pasta,105.0,0,956.0,10,False,False,False,93.28571428571429,96.71428571428571,96.25,10.641028215425493,0.110556137303122,0.9731743666169896,0,0.0,9.884785819793207,0.9884785819793207
2026-02-06,SKU-1005,Pasta,100.0,0,856.0,10,False,False,False,94.42857142857143,97.0,96.46428571428571,10.654444883108447,0.11044963225732563,0.9843633655994043,0,0.0,8.824742268041238,0.8824742268041238
2026-02-07,SKU-1005,Pasta,130.0,1002,1728.0,10,False,False,False,100.85714285714286,99.42857142857143,98.46428571428571,11.503565124865013,0.11682982353870888,1.0584707646176912,0,0.0,17.379310344827587,1.7379310344827588
2026-02-08,SKU-1005,Pasta,77.0,0,1651.0,10,False,False,False,99.71428571428571,98.0,97.28571428571429,11.95936683217197,0.12293034922937413,1.042569081404033,0,0.0,16.846938775510203,1.6846938775510203
2026-02-09,SKU-1005,Pasta,94.0,0,1557.0,10,False,False,False,99.28571428571429,97.35714285714286,97.25,11.967935556372346,0.12306360469277476,1.022058823529412,0,0.0,15.99266324284666,1.599266324284666
2026-02-10,SKU-1005,Pasta,94.0,0,1463.0,10,False,False,False,100.0,96.42857142857143,97.03571428571429,11.970587852940788,0.12336270146571293,1.0479041916167664,0,0.0,15.171851851851851,1.5171851851851852
2026-02-11,SKU-1005,Pasta,98.0,0,1365.0,10,False,False,False,99.71428571428571,95.64285714285714,96.42857142857143,11.445292001286337,0.11869191705037682,1.0402384500745154,0,0.0,14.271844660194175,1.4271844660194175
2026-02-12,SKU-1005,Pasta,104.0,0,1261.0,10,False,False,False,99.57142857142857,96.42857142857143,96.14285714285714,11.137904203794808,0.11584744342728627,1.0295420974889218,0,0.0,13.077037037037037,1.3077037037037038
2026-02-13,SKU-1005,Pasta,90.0,0,1171.0,10,False,False,False,98.14285714285714,96.28571428571429,96.10714285714286,11.156593419121121,0.11608495568019003,1.011782032400589,0,0.0,12.161721068249257,1.2161721068249256
2026-02-14,SKU-1005,Pasta,92.0,0,1079.0,10,False,False,False,92.71428571428571,96.78571428571429,96.03571428571429,11.176967530354698,0.11638344769428469,0.932471264367816,0,0.0,11.148339483394833,1.1148339483394833
2026-02-15,SKU-1005,Pasta,105.0,0,974.0,10,False,False,False,96.71428571428571,98.21428571428571,96.92857142857143,10.842059977248999,0.11185618252136034,0.9868804664723031,0,0.0,9.91709090909091,0.9917090909090909
2026-02-16,SKU-1005,Pasta,96.0,0,878.0,10,False,False,False,97.0,98.14285714285714,97.64285714285714,10.041448492657214,0.10283853613547989,0.9963316214233309,0,0.0,8.946142649199418,0.8946142649199418
2026-02-17,SKU-1005,Pasta,105.0,0,773.0,10,False,False,False,98.57142857142857,99.28571428571429,97.35714285714286,9.69617826856917,0.09959390738075449,1.0222222222222221,0,0.0,7.785611510791367,0.7785611510791367
2026-02-18,SKU-1005,Pasta,94.0,1344,2023.0,10,False,False,False,98.0,98.85714285714286,97.35714285714286,9.69617826856917,0.09959390738075449,1.0246452576549665,0,0.0,20.46387283236994,2.046387283236994
2026-02-19,SKU-1005,Pasta,111.0,0,1912.0,10,False,True,False,99.0,99.28571428571429,98.0,9.98888270918113,0.10192737458348092,1.0266666666666666,0,0.0,19.25755395683453,1.9257553956834532
2026-02-20,SKU-1005,Pasta,88.0,0,1824.0,10,False,False,False,98.71428571428571,98.42857142857143,97.71428571428571,10.161135627904848,0.10398823011013734,1.0252225519287832,0,0.0,18.531204644412192,1.8531204644412191
2026-02-21,SKU-1005,Pasta,88.0,0,1736.0,10,False,False,False,98.14285714285714,95.42857142857143,97.42857142857143,10.322318758412013,0.10594755323883298,1.014022140221402,0,0.0,18.191616766467064,1.8191616766467065
2026-02-22,SKU-1005,Pasta,98.0,0,1638.0,10,False,False,False,97.14285714285714,96.92857142857143,97.46428571428571,10.32251097380055,0.10591070255273559,0.9890909090909091,0,0.0,16.899042004421517,1.6899042004421516
2026-02-23,SKU-1005,Pasta,95.0,0,1543.0,10,False,False,False,97.0,97.0,97.17857142857143,10.274216457206057,0.10572512341116119,0.9883551673944687,0,0.0,15.907216494845361,1.5907216494845362
2026-02-24,SKU-1005,Pasta,104.0,0,1439.0,10,False,False,False,96.85714285714286,97.71428571428571,97.07142857142857,10.183241757830004,0.10490462443680652,0.9755395683453237,0,0.0,14.726608187134504,1.4726608187134504
2026-02-25,SKU-1005,Pasta,70.0,0,1369.0,10,False,False,False,93.42857142857143,95.71428571428571,95.67857142857143,11.115733165631669,0.11617787556464604,0.9450867052023121,0,0.0,14.302985074626866,1.4302985074626866
2026-02-26,SKU-1005,Pasta,105.0,0,1264.0,10,False,False,False,92.57142857142857,95.78571428571429,96.10714285714286,11.23928060738002,0.11694532032948368,0.9323741007194244,0,0.0,13.196122296793437,1.3196122296793438
2026-02-27,SKU-1005,Pasta,110.0,1095,2249.0,10,False,False,False,95.71428571428571,97.21428571428571,96.75,11.507244095206579,0.11893792346466749,0.9724238026124817,0,0.0,23.13445995591477,2.313445995591477
2026-02-28,SKU-1005,Pasta,81.0,0,2168.0,10,False,False,False,94.71428571428571,96.42857142857143,96.60714285714286,11.682019376784853,0.12092293624768054,0.9925149700598802,0,0.0,22.48296296296296,2.2482962962962962
2026-03-01,SKU-1005,Pasta,109.0,0,2059.0,10,False,False,False,96.28571428571429,96.71428571428571,97.46428571428571,11.679301548298367,0.11983160254758311,0.993367722918202,0,0.0,21.289512555391433,2.1289512555391434
2026-03-02,SKU-1005,Pasta,109.0,0,1950.0,10,False,False,False,98.28571428571429,97.64285714285714,97.89285714285714,11.88007758334277,0.12135796144968901,1.0132547864506627,0,0.0,19.970738844184346,1.9970738844184346
2026-03-03,SKU-1005,Pasta,90.0,0,1860.0,10,False,False,False,96.28571428571429,96.57142857142857,97.92857142857143,11.853827546966738,0.1210456496407982,0.9853801169590645,0,0.0,19.2603550295858,1.9260355029585798
2026-03-04,SKU-1005,Pasta,118.0,0,1742.0,10,False,False,False,103.14285714285714,98.28571428571429,98.57142857142857,12.443735807488073,0.12624079804698046,1.0776119402985076,0,0.0,17.723837209302324,1.7723837209302324
2026-03-05,SKU-1005,Pasta,97.0,0,1645.0,10,False,False,False,102.0,97.28571428571429,98.28571428571429,12.38235645274159,0.1259832778621964,1.064876957494407,0,0.0,16.908957415565343,1.6908957415565342
2026-03-06,SKU-1005,Pasta,74.0,0,1571.0,10,False,False,False,96.85714285714286,96.28571428571429,97.35714285714286,13.197121699977655,0.13555370785010062,0.9963262307127113,0,0.0,16.316023738872403,1.6316023738872403
2026-03-07,SKU-1005,Pasta,90.0,0,1481.0,10,False,False,False,98.14285714285714,96.42857142857143,95.92857142857143,11.601176732870742,0.1209355727923979,1.0177777777777777,0,0.0,15.358518518518519,1.5358518518518518
2026-03-08,SKU-1005,Pasta,101.0,0,1380.0,10,False,False,False,97.0,96.64285714285714,96.78571428571429,11.023063843956292,0.11389143455010191,1.0029542097488922,0,0.0,14.279379157427938,1.4279379157427938
2026-03-09,SKU-1005,Pasta,98.0,0,1282.0,10,False,False,False,95.42857142857143,96.85714285714286,96.92857142857143,11.011537960428969,0.11360466576713749,0.9773226042428677,0,0.0,13.23598820058997,1.323598820058997
2026-03-10,SKU-1005,Pasta,105.0,0,1177.0,10,False,False,False,97.57142857142857,96.92857142857143,97.32142857142857,11.099060926004208,0.11404539667086892,1.0103550295857988,0,0.0,12.142962417096536,1.2142962417096537
2026-03-11,SKU-1005,Pasta,118.0,1399,2458.0,10,False,False,False,97.57142857142857,100.35714285714286,98.03571428571429,11.767759290967787,0.12003543174757669,0.9927325581395348,0,0.0,24.492526690391458,2.449252669039146
2026-03-12,SKU-1005,Pasta,98.0,0,2360.0,10,False,False,False,97.71428571428571,99.85714285714286,97.82142857142857,11.709614825649874,0.11970398507418638,1.0044052863436121,0,0.0,23.633762517882687,2.3633762517882686
2026-03-13,SKU-1005,Pasta,95.0,0,2265.0,10,False,False,False,100.71428571428571,98.78571428571429,98.0,11.623730516108461,0.11860949506233123,1.045994065281899,0,0.0,22.928416485900215,2.2928416485900214
2026-03-14,SKU-1005,Pasta,105.0,0,2160.0,10,False,False,False,102.85714285714286,100.5,98.46428571428571,11.634820480740025,0.11816284855303617,1.0666666666666667,0,0.0,21.492537313432837,2.1492537313432836
2026-03-15,SKU-1005,Pasta,97.0,0,2063.0,10,False,False,False,102.28571428571429,99.64285714285714,98.17857142857143,11.566405925426704,0.11780988210692896,1.058388765705839,0,0.0,20.70394265232975,2.070394265232975
2026-03-16,SKU-1005,Pasta,99.0,0,1964.0,10,False,False,False,102.42857142857143,98.92857142857143,98.28571428571429,11.55937055462137,0.1176098748289965,1.0575221238938053,0,0.0,19.852707581227435,1.9852707581227436
2026-03-17,SKU-1005,Pasta,88.0,0,1876.0,10,False,False,False,100.0,98.78571428571429,97.67857142857143,11.639821722666102,0.11916453683168221,1.0316875460574797,0,0.0,18.990600144613158,1.8990600144613157
2026-03-18,SKU-1005,Pasta,82.0,0,1794.0,10,False,False,False,94.85714285714286,96.21428571428571,97.25,11.995755422154458,0.12334967015068851,0.9451957295373665,0,0.0,18.645879732739424,1.8645879732739423
2026-03-19,SKU-1005,Pasta,90.0,0,1704.0,10,False,False,False,93.71428571428571,95.71428571428571,96.5,11.758369753467495,0.12184839122764243,0.938483547925608,0,0.0,17.802985074626868,1.7802985074626867
2026-03-20,SKU-1005,Pasta,84.0,0,1605.0,10,True,False,False,92.14285714285714,96.42857142857143,96.35714285714286,11.88903723390613,0.12338511584483752,0.932754880694143,0,0.0,16.644444444444446,1.6644444444444446
2026-03-21,SKU-1005,Pasta,77.0,0,1528.0,10,False,False,False,88.14285714285714,95.5,95.96428571428571,12.348285659562574,0.1286758460989029,0.8770433546552949,0,0.0,16.0,1.6
2026-03-22,SKU-1005,Pasta,90.0,0,1438.0,10,False,False,False,87.14285714285714,94.71428571428571,95.67857142857143,12.391913645983973,0.12951608140632745,0.8745519713261649,0,0.0,15.182503770739066,1.5182503770739066
2026-03-23,SKU-1005,Pasta,111.0,0,1327.0,10,False,False,False,88.85714285714286,95.64285714285714,96.25,12.723920313651295,0.13219657468728618,0.8981949458483754,0,0.0,13.874533233756535,1.3874533233756536
2026-03-24,SKU-1005,Pasta,85.0,0,1242.0,10,False,False,False,88.42857142857143,94.21428571428571,95.57142857142857,12.801702929048068,0.13394905904833554,0.8951554591467823,0,0.0,13.182714177407128,1.3182714177407129
2026-03-25,SKU-1005,Pasta,71.0,0,1171.0,10,False,False,False,86.85714285714286,90.85714285714286,95.60714285714286,12.72890931207903,0.1331376394240616,0.9027468448403861,0,0.0,12.888364779874212,1.2888364779874213
2026-03-26,SKU-1005,Pasta,91.0,1452,2532.0,10,False,False,False,87.0,90.35714285714286,95.10714285714286,12.620792032768449,0.13270077991645382,0.908955223880597,0,0.0,28.022134387351777,2.8022134387351776
2026-03-27,SKU-1005,Pasta,71.0,0,2461.0,10,False,False,False,85.14285714285714,88.64285714285714,93.71428571428571,13.060704827152732,0.13936727711900782,0.882962962962963,0,0.0,27.763094278807415,2.7763094278807414
2026-03-28,SKU-1005,Pasta,90.0,0,2371.0,10,False,False,False,87.0,87.57142857142857,94.03571428571429,12.845181090536533,0.13659896336309263,0.9109947643979057,0,0.0,27.075040783034257,2.7075040783034257
2026-03-29,SKU-1005,Pasta,86.0,0,2285.0,10,False,False,False,86.42857142857143,86.78571428571429,93.21428571428571,12.585580058019792,0.13501771709753035,0.9125188536953244,0,0.0,26.32921810699588,2.632921810699588
2026-03-30,SKU-1005,Pasta,115.0,0,2170.0,10,False,False,False,87.0,87.92857142857143,93.42857142857143,12.911173947337739,0.1381929933201287,0.9096340552651233,0,0.0,24.679122664500404,2.4679122664500404
2026-03-31,SKU-1005,Pasta,107.0,0,2063.0,10,False,False,False,90.14285714285714,89.28571428571429,94.03571428571429,13.141627789295399,0.1397514538930008,0.9567854435178166,0,0.0,23.1056,2.3105599999999997
2026-04-01,SKU-1005,Pasta,105.0,0,1958.0,10,False,False,False,95.0,90.92857142857143,93.57142857142857,12.476432809957169,0.1333359231598476,1.0455974842767295,0,0.0,21.53338570306363,2.1533385703063628
2026-04-02,SKU-1005,Pasta,105.0,0,1853.0,10,False,False,False,97.0,92.0,93.85714285714286,12.648274031615385,0.1347609105347149,1.0735177865612648,0,0.0,20.141304347826086,2.014130434782609
2026-04-03,SKU-1005,Pasta,98.0,0,1755.0,10,False,False,False,100.85714285714286,93.0,94.71428571428571,12.051915916097215,0.12724496442334918,1.137792103142627,0,0.0,18.870967741935484,1.8870967741935485
2026-04-04,SKU-1005,Pasta,94.0,0,1661.0,10,False,False,False,101.42857142857143,94.21428571428571,94.85714285714286,12.017623742790441,0.12669181656556186,1.1582381729200653,0,0.0,17.630022744503414,1.7630022744503413
2026-04-05,SKU-1005,Pasta,80.0,0,1581.0,10,False,False,False,100.57142857142857,93.5,94.10714285714286,12.272641315858824,0.13041136882127022,1.1588477366255143,0,0.0,16.90909090909091,1.690909090909091
2026-04-06,SKU-1005,Pasta,78.0,0,1503.0,10,False,False,False,95.28571428571429,91.14285714285714,93.39285714285714,12.614921457791306,0.13507372880235433,1.0836718115353372,0,0.0,16.49059561128527,1.6490595611285268
2026-04-07,SKU-1005,Pasta,97.0,0,1406.0,10,False,False,False,93.85714285714286,92.0,93.10714285714286,12.431558663082072,0.13351885023640123,1.0512,0,0.0,15.282608695652174,1.5282608695652173
2026-04-08,SKU-1005,Pasta,99.0,0,1307.0,10,False,False,False,93.0,94.0,92.42857142857143,11.506611855890357,0.12449193661705177,1.0227808326787118,0,0.0,13.904255319148936,1.3904255319148935
2026-04-09,SKU-1005,Pasta,101.0,0,1206.0,10,False,False,False,92.42857142857143,94.71428571428571,92.53571428571429,11.574179893696154,0.1250779764660333,1.0046583850931676,0,0.0,12.733031674208146,1.2733031674208146
2026-04-10,SKU-1005,Pasta,104.0,1428,2530.0,10,False,False,False,93.28571428571429,97.07142857142857,92.85714285714286,11.768489898765882,0.12673758352517103,1.0030721966205838,0,0.0,26.06328182487123,2.6063281824871227
2026-04-11,SKU-1005,Pasta,103.0,0,2427.0,10,False,False,False,94.57142857142857,98.0,92.78571428571429,11.697917329220186,0.12607455166211132,1.0037907505686126,0,0.0,24.76530612244898,2.476530612244898
2026-04-12,SKU-1005,Pasta,105.0,0,2322.0,10,False,False,False,98.14285714285714,99.35714285714286,93.07142857142857,11.90060244795778,0.12786526037713655,1.0496562261268143,0,0.0,23.37023723939612,2.3370237239396117
2026-04-13,SKU-1005,Pasta,113.0,0,2209.0,10,False,False,False,103.14285714285714,99.21428571428571,93.57142857142857,12.440759091489829,0.13295467731363175,1.1316614420062696,0,0.0,22.26493880489561,2.226493880489561
2026-04-14,SKU-1005,Pasta,96.0,0,2113.0,10,False,False,False,103.0,98.42857142857143,93.85714285714286,12.399863457176204,0.1321142225269915,1.1195652173913044,0,0.0,21.46734397677794,2.146734397677794
2026-04-15,SKU-1005,Pasta,100.0,0,2013.0,10,False,False,False,103.14285714285714,98.07142857142857,94.5,12.227776515725113,0.12939446048386363,1.0972644376899696,0,0.0,20.52585579024035,2.052585579024035
2026-04-16,SKU-1005,Pasta,112.0,0,1901.0,10,False,False,False,104.71428571428571,98.57142857142857,95.28571428571429,12.628178786780758,0.13252961245497047,1.105580693815988,0,0.0,19.285507246376813,1.9285507246376814
2026-04-17,SKU-1005,Pasta,117.0,0,1784.0,10,False,False,False,106.57142857142857,99.92857142857143,96.46428571428571,13.068146579620807,0.13547134551254447,1.0978660779985283,0,0.0,17.852751965689777,1.7852751965689777
2026-04-18,SKU-1005,Pasta,63.0,0,1721.0,10,False,False,False,100.85714285714286,97.71428571428571,95.96428571428571,14.069884157719288,0.1466158378921251,1.0291545189504374,0,0.0,17.612573099415204,1.7612573099415205
2026-04-19,SKU-1005,Pasta,106.0,0,1615.0,10,False,False,False,101.0,99.57142857142857,96.53571428571429,14.143398258046552,0.14650948990947224,1.0165348670021568,0,0.0,16.21951219512195,1.621951219512195
2026-04-20,SKU-1005,Pasta,89.0,0,1526.0,10,False,False,False,97.57142857142857,100.35714285714286,95.75,13.919410907075054,0.14537243767180213,0.9834413246940246,0,0.0,15.205693950177935,1.5205693950177934
2026-04-21,SKU-1005,Pasta,116.0,0,1410.0,10,False,False,False,100.42857142857143,101.71428571428571,96.85714285714286,14.26135489307532,0.14724112721464194,1.0203193033381712,0,0.0,13.862359550561798,1.3862359550561798
2026-04-22,SKU-1005,Pasta,97.0,0,1313.0,10,False,False,False,100.0,101.57142857142857,97.78571428571429,13.331547499452517,0.13633430605722077,1.0196649672250546,0,0.0,12.926863572433193,1.2926863572433194
2026-04-23,SKU-1005,Pasta,113.0,0,1200.0,10,False,False,False,100.14285714285714,102.42857142857143,98.57142857142857,13.563099644169538,0.1375966630567924,1.0159420289855072,0,0.0,11.715481171548117,1.1715481171548117
2026-04-24,SKU-1005,Pasta,104.0,1142,2238.0,10,False,False,False,98.28571428571429,102.42857142857143,99.75,12.46810746279096,0.12499355852422014,0.9835596854896355,0,0.0,21.849372384937237,2.1849372384937236
2026-04-25,SKU-1005,Pasta,67.0,0,2171.0,10,False,False,False,98.85714285714286,99.85714285714286,98.92857142857143,13.818743501406772,0.13968404983371466,1.0116959064327486,0,0.0,21.741058655221746,2.1741058655221748
2026-04-26,SKU-1005,Pasta,103.0,0,2068.0,10,False,False,False,98.42857142857143,99.71428571428571,99.53571428571429,13.601421883342827,0.13664865903609585,0.9885222381635581,0,0.0,20.73925501432665,2.0739255014326647
2026-04-27,SKU-1005,Pasta,188.0,0,1880.0,10,False,False,False,112.57142857142857,105.07142857142857,102.14285714285714,21.42292694619012,0.20973494912353965,1.1217081850533808,0,0.0,17.89259007477906,1.7892590074779062
2026-04-28,SKU-1005,Pasta,99.0,0,1781.0,10,False,False,False,110.14285714285714,105.28571428571429,101.85714285714286,21.409091675015222,0.21018743579958843,1.0828651685393258,0,0.0,16.91587516960651,1.6915875169606511
2026-04-29,SKU-1005,Pasta,108.0,0,1673.0,10,False,False,False,111.71428571428571,105.85714285714286,101.96428571428571,21.432896388940236,0.21020003463759251,1.09985935302391,0,0.0,15.804318488529015,1.5804318488529014
2026-04-30,SKU-1005,Pasta,95.0,0,1578.0,10,False,False,False,109.14285714285714,104.64285714285714,101.60714285714286,21.463732176436572,0.2112423553392703,1.0655509065550905,0,0.0,15.079863481228669,1.5079863481228668
2026-05-01,SKU-1005,Pasta,73.0,0,1505.0,10,False,False,False,104.71428571428571,101.5,100.71428571428571,22.129010861155127,0.2197206752171431,1.02231520223152,0,0.0,14.827586206896552,1.4827586206896552
2026-05-02,SKU-1005,Pasta,233.0,0,1272.0,10,False,False,False,128.42857142857142,113.64285714285714,105.67857142857143,33.325614185586446,0.31534883311808737,1.2861230329041486,0,0.0,11.192960402262727,1.1192960402262728
2026-05-03,SKU-1005,Pasta,91.0,0,1181.0,10,False,False,False,126.71428571428571,112.57142857142857,106.07142857142857,33.07559083364511,0.3118237519670246,1.2707736389684814,0,0.0,10.491116751269036,1.0491116751269036
2026-05-04,SKU-1005,Pasta,90.0,1437,2528.0,10,False,False,False,112.71428571428571,112.64285714285714,106.5,32.7747644565935,0.30774426719806103,1.0727396329027872,0,0.0,22.4426125554851,2.2442612555485097
2026-05-05,SKU-1005,Pasta,110.0,0,2418.0,10,False,False,False,114.28571428571429,112.21428571428571,106.96428571428571,32.72724784216893,0.30596425361627044,1.0854816824966078,0,0.0,21.548058561425844,2.1548058561425845
2026-05-06,SKU-1005,Pasta,78.0,0,2340.0,10,False,False,False,110.0,110.85714285714286,106.21428571428571,33.1543608023385,0.31214596585927307,1.039136302294197,0,0.0,21.10824742268041,2.110824742268041
2026-05-07,SKU-1005,Pasta,91.0,0,2249.0,10,False,False,False,109.42857142857143,109.28571428571429,105.85714285714286,33.26628176766231,0.314256372973868,1.0457337883959046,0,0.0,20.57908496732026,2.057908496732026
2026-05-08,SKU-1005,Pasta,85.0,0,2164.0,10,False,False,False,111.14285714285714,107.92857142857143,105.17857142857143,33.49853901892015,0.31849205179278917,1.0950035186488387,0,0.0,20.050297816015885,2.0050297816015883
2026-05-09,SKU-1005,Pasta,97.0,0,2067.0,10,False,False,False,91.71428571428571,110.07142857142857,104.96428571428571,33.53216492647148,0.3194626124332091,0.8070395977372722,0,0.0,18.778715120051913,1.8778715120051914
2026-05-10,SKU-1005,Pasta,87.0,0,1980.0,10,False,False,False,91.14285714285714,108.92857142857143,104.32142857142857,33.7035590728916,0.32307417118827964,0.8096446700507614,0,0.0,18.17704918032787,1.817704918032787
2026-05-11,SKU-1005,Pasta,65.0,0,1915.0,10,False,False,False,87.57142857142857,100.14285714285714,102.60714285714286,34.45806822223882,0.3358252385042419,0.777425491439442,0,0.0,19.122681883024253,1.9122681883024253
2026-05-12,SKU-1005,Pasta,97.0,0,1818.0,10,False,False,False,85.71428571428571,100.0,102.64285714285714,34.45148417564563,0.3356442438824209,0.7638446849140674,0,0.0,18.18,1.818
2026-05-13,SKU-1005,Pasta,100.0,0,1701.0,10,True,False,False,88.85714285714286,99.42857142857143,102.64285714285714,34.45148417564563,0.3356442438824209,0.8015463917525774,0,0.0,17.107758620689655,1.7107758620689655
2026-05-14,SKU-1005,Pasta,102.0,0,1599.0,10,False,False,False,90.42857142857143,99.92857142857143,102.28571428571429,34.40268846391184,0.3363391330270711,0.8274509803921568,0,0.0,16.00142959256612,1.6001429592566119
2026-05-15,SKU-1005,Pasta,81.0,0,1518.0,10,False,False,False,89.85714285714286,100.5,101.0,34.50496475280901,0.3416333143842476,0.8325612177365983,0,0.0,15.104477611940299,1.51044776119403
2026-05-16,SKU-1005,Pasta,72.0,0,1446.0,10,False,False,False,86.28571428571429,89.0,101.32142857142857,34.1782403935913,0.33732489637665014,0.7839065541855939,0,0.0,16.247191011235955,1.6247191011235955
2026-05-17,SKU-1005,Pasta,81.0,0,1365.0,10,False,False,False,85.42857142857143,88.28571428571429,100.42857142857143,34.377456622174996,0.3423075339334637,0.7842622950819672,0,0.0,15.461165048543688,1.5461165048543688
2026-05-18,SKU-1005,Pasta,102.0,0,1263.0,10,False,False,False,90.71428571428571,89.14285714285714,100.89285714285714,34.30510089024585,0.3400151592661536,0.905848787446505,0,0.0,14.168269230769232,1.4168269230769233
2026-05-19,SKU-1005,Pasta,90.0,0,1173.0,10,False,False,False,89.71428571428571,87.71428571428571,99.96428571428571,34.232843383767666,0.34245073767255974,0.8971428571428571,0,0.0,13.372964169381108,1.3372964169381107
2026-05-20,SKU-1005,Pasta,93.0,0,1080.0,10,False,False,False,88.71428571428571,88.78571428571429,99.82142857142857,34.25401146708661,0.3431528876845886,0.8922413793103448,0,0.0,12.164119066773933,1.2164119066773933
2026-05-21,SKU-1005,Pasta,86.0,0,994.0,10,False,False,False,86.42857142857143,88.42857142857143,98.85714285714286,34.24931930733621,0.3464526519528229,0.864903502501787,0,0.0,11.24071082390953,1.124071082390953
2026-05-22,SKU-1005,Pasta,89.0,0,905.0,10,False,False,False,87.57142857142857,88.71428571428571,98.32142857142857,34.283192698278576,0.3486848512719942,0.8713574982231699,0,0.0,10.201288244766506,1.0201288244766507
2026-05-23,SKU-1005,Pasta,97.0,0,808.0,10,False,False,False,91.14285714285714,88.71428571428571,99.39285714285714,33.732432229635975,0.3393848733129024,1.0240770465489566,0,0.0,9.107890499194848,0.9107890499194848
2026-05-24,SKU-1005,Pasta,108.0,0,700.0,10,False,False,False,95.0,90.21428571428571,99.57142857142857,33.76545305642765,0.3391078499210812,1.076051779935275,0,0.0,7.759303246239114,0.7759303246239113
2026-05-25,SKU-1005,Pasta,94.0,0,597.0,10,True,False,False,93.85714285714286,92.28571428571429,96.21428571428571,28.98193197411761,0.3012227525149566,1.0528846153846154,0,0.0,6.469040247678018,0.6469040247678018
2026-05-26,SKU-1005,Pasta,80.0,0,517.0,10,False,False,False,92.42857142857143,91.07142857142857,95.53571428571429,29.136310733766603,0.30497820581138874,1.0537459283387622,0,0.0,5.676862745098039,0.5676862745098039
2026-05-27,SKU-1005,Pasta,91.0,0,426.0,10,False,False,False,92.14285714285714,90.42857142857143,94.92857142857143,29.043936794970897,0.3059556923473232,1.0378117457763474,0,0.0,4.710900473933649,0.4710900473933649
2026-05-28,SKU-1005,Pasta,91.0,0,335.0,10,False,False,False,92.85714285714286,89.64285714285714,94.78571428571429,29.05340821832318,0.3065167408112468,1.050080775444265,0,0.0,3.7370517928286855,0.37370517928286856
2026-05-29,SKU-1005,Pasta,101.0,0,234.0,10,False,False,False,94.57142857142857,91.07142857142857,95.78571428571429,28.756135761178754,0.3002131995947073,1.066022544283414,0,0.0,2.5694117647058823,0.25694117647058823
2026-05-30,SKU-1005,Pasta,93.0,0,141.0,10,False,False,False,94.0,92.57142857142857,90.78571428571429,10.195704043977573,0.11230515862760504,1.0595813204508857,0,0.0,1.5231481481481481,0.15231481481481482
2026-05-31,SKU-1005,Pasta,74.0,0,67.0,10,False,False,False,89.14285714285714,92.07142857142857,90.17857142857143,10.67726408093234,0.11840134426380415,0.98812351543943,0,0.0,0.7276958882854927,0.07276958882854927
2026-06-01,SKU-1005,Pasta,90.0,0,0.0,10,False,False,False,88.57142857142857,91.21428571428571,90.17857142857143,10.67726408093234,0.11840134426380415,0.959752321981424,1,0.03571428571428571,0.0,0.0
2026-06-02,SKU-1005,Pasta,103.0,0,0.0,10,False,False,False,91.85714285714286,92.14285714285714,89.92857142857143,10.2701601972019,0.11420352880129198,1.0086274509803923,1,0.07142857142857142,0.0,0.0
2026-06-03,SKU-1005,Pasta,91.0,0,0.0,10,False,False,False,91.85714285714286,92.0,90.39285714285714,10.00125653481261,0.11064211101333588,1.0157977883096367,1,0.10714285714285714,0.0,0.0
2026-06-04,SKU-1005,Pasta,147.0,1302,1155.0,10,False,False,False,99.85714285714286,96.35714285714286,92.39285714285714,14.647308653594028,0.15853291159668836,1.1139442231075698,0,0.10714285714285714,11.986656782802076,1.1986656782802076
2026-06-05,SKU-1005,Pasta,72.0,1136,2219.0,10,False,False,False,95.71428571428571,95.14285714285714,91.92857142857143,15.089679012438017,0.16414569244299318,1.0509803921568628,0,0.10714285714285714,23.322822822822825,2.3322822822822826
2026-06-06,SKU-1005,Pasta,90.0,0,2129.0,10,False,False,False,95.28571428571429,94.64285714285714,91.67857142857143,15.060504077512903,0.1642750736931676,1.029320987654321,0,0.10714285714285714,22.495094339622643,2.249509433962264
2026-06-07,SKU-1005,Pasta,90.0,0,2039.0,10,False,False,False,97.57142857142857,93.35714285714286,91.78571428571429,15.03663955478513,0.16382331032450725,1.0597362296353763,0,0.10714285714285714,21.840856924254016,2.1840856924254015
2026-06-08,SKU-1005,Pasta,87.0,0,1952.0,10,False,False,False,97.14285714285714,92.85714285714286,92.57142857142857,14.132779264371514,0.1526689118064824,1.0649960845732185,0,0.10714285714285714,21.021538461538462,2.102153846153846
2026-06-09,SKU-1005,Pasta,100.0,0,1852.0,10,False,False,False,96.71428571428571,94.28571428571429,92.67857142857143,14.178892950121494,0.15298998173541495,1.0496124031007752,0,0.10714285714285714,19.64242424242424,1.9642424242424241
2026-06-10,SKU-1005,Pasta,89.0,0,1763.0,10,False,False,False,96.42857142857143,94.14285714285714,92.28571428571429,14.120794078125531,0.15301170053696395,1.048136645962733,0,0.10714285714285714,18.726858877086496,1.8726858877086496
2026-06-11,SKU-1005,Pasta,95.0,0,1668.0,10,False,False,False,89.0,94.42857142857143,92.03571428571429,14.003920463919668,0.15215745944499445,0.9236471460340993,0,0.10714285714285714,17.66414523449319,1.7664145234493192
2026-06-12,SKU-1005,Pasta,93.0,0,1575.0,10,False,False,False,92.0,93.85714285714286,92.46428571428571,13.83629725371356,0.1496393677497025,0.966966966966967,0,0.10714285714285714,16.78082191780822,1.6780821917808217
2026-06-13,SKU-1005,Pasta,90.0,0,1485.0,10,False,False,False,92.0,93.64285714285714,93.10714285714286,13.256275343354774,0.14237656678708618,0.9720754716981133,0,0.10714285714285714,15.858123569794051,1.5858123569794051
2026-06-14,SKU-1005,Pasta,96.0,0,1389.0,10,False,False,False,92.85714285714286,95.21428571428571,93.64285714285714,13.050370466472172,0.13936322389825356,0.9946442234123948,0,0.10714285714285714,14.58814703675919,1.4588147036759191
2026-06-15,SKU-1005,Pasta,184.0,0,1205.0,10,False,False,False,106.71428571428571,101.92857142857143,96.57142857142857,21.47596170645057,0.2223842188537781,1.149230769230769,0,0.10714285714285714,11.822004204625088,1.1822004204625087
2026-06-16,SKU-1005,Pasta,107.0,1401,2499.0,10,False,False,False,107.71428571428571,102.21428571428571,97.17857142857143,21.52355053222464,0.2214845332239213,1.1424242424242423,0,0.10714285714285714,24.448637316561847,2.4448637316561848
2026-06-17,SKU-1005,Pasta,122.0,0,2377.0,10,False,False,False,112.42857142857143,104.42857142857143,98.21428571428571,22.00733403487918,0.22407467380967894,1.1942336874051593,0,0.10714285714285714,22.761969904240765,2.2761969904240766
2026-06-18,SKU-1005,Pasta,95.0,0,2282.0,10,False,False,False,112.42857142857143,100.71428571428571,98.53571428571429,21.88773061152644,0.2221299228426025,1.1906202723146748,0,0.10714285714285714,22.658156028368797,2.26581560283688
2026-06-19,SKU-1005,Pasta,34.0,0,2248.0,10,False,False,False,104.0,98.0,96.57142857142857,25.01914610768465,0.2590739981564979,1.1080669710806696,0,0.10714285714285714,22.93877551020408,2.293877551020408
2026-06-20,SKU-1005,Pasta,155.0,0,2093.0,10,False,False,False,113.28571428571429,102.64285714285714,98.64285714285714,27.348524620933375,0.2772478962295925,1.2097635392829902,0,0.10714285714285714,20.391092553931802,2.03910925539318
2026-06-21,SKU-1005,Pasta,82.0,0,2011.0,10,False,False,False,111.28571428571429,102.07142857142857,97.71428571428571,27.460216533441468,0.2810256077983776,1.1687921980495126,0,0.10714285714285714,19.70188943317005,1.9701889433170048
2026-06-22,SKU-1005,Pasta,86.0,0,1925.0,10,False,False,False,97.28571428571429,102.0,97.42857142857143,27.541791237141144,0.282687006832827,0.9544498948843728,0,0.10714285714285714,18.872549019607842,1.8872549019607843
2026-06-23,SKU-1005,Pasta,100.0,0,1825.0,10,False,False,False,96.28571428571429,102.0,98.14285714285714,27.33159111753052,0.27848782798066035,0.941998602375961,0,0.10714285714285714,17.892156862745097,1.7892156862745097
2026-06-24,SKU-1005,Pasta,97.0,0,1728.0,10,False,False,False,92.71428571428571,102.57142857142857,98.35714285714286,27.297014198021444,0.2775295561164126,0.8878248974008207,0,0.10714285714285714,16.846796657381617,1.6846796657381617
2026-06-25,SKU-1005,Pasta,95.0,0,1633.0,10,False,False,False,92.71428571428571,102.57142857142857,98.5,27.26753598179562,0.2768277764649302,0.9205673758865248,0,0.10714285714285714,15.920612813370473,1.5920612813370474
2026-06-26,SKU-1005,Pasta,106.0,0,1527.0,10,False,False,False,103.0,103.5,98.67857142857143,27.30086631569229,0.2766645880707145,1.0510204081632653,0,0.10714285714285714,14.753623188405797,1.4753623188405798
2026-06-27,SKU-1005,Pasta,64.0,0,1463.0,10,False,False,False,90.0,101.64285714285714,97.64285714285714,28.063703044527614,0.28741173564256517,0.8768267223382046,0,0.10714285714285714,14.393534785664091,1.439353478566409
2026-06-28,SKU-1005,Pasta,77.0,0,1386.0,10,False,False,False,89.28571428571429,100.28571428571429,97.75,27.975683885990865,0.28619625458814185,0.8747375787263821,0,0.10714285714285714,13.82051282051282,1.382051282051282
2026-06-29,SKU-1005,Pasta,83.0,0,1303.0,10,False,False,False,88.85714285714286,93.07142857142857,97.5,28.078593401511544,0.28798557334883634,0.8711484593837535,0,0.07142857142857142,14.0,1.4
2026-01-01,SKU-1006,Sugar,579.0,0,4148.0,10,False,False,False,,,,,,,0,,,
2026-01-02,SKU-1006,Sugar,473.0,5912,9587.0,10,False,False,False,,,,,,,0,,,
2026-01-03,SKU-1006,Sugar,469.0,0,9118.0,10,False,False,False,507.0,,,,,,0,,,
2026-01-04,SKU-1006,Sugar,436.0,0,8682.0,10,False,False,False,489.25,,,,,,0,,,
2026-01-05,SKU-1006,Sugar,722.0,0,7960.0,10,False,False,False,535.8,535.8,,,,,0,0.0,14.856289660321016,1.4856289660321016
2026-01-06,SKU-1006,Sugar,489.0,0,7471.0,10,False,False,False,528.0,528.0,,,,,0,0.0,14.149621212121213,1.4149621212121213
2026-01-07,SKU-1006,Sugar,708.0,0,6763.0,10,False,False,False,553.7142857142857,553.7142857142857,553.7142857142857,118.67281953016072,0.21432139750029028,,0,0.0,12.21388028895769,1.221388028895769
2026-01-08,SKU-1006,Sugar,756.0,0,6007.0,10,False,False,False,579.0,579.0,579.0,131.09647483546505,0.2264187820992488,,0,0.0,10.374784110535407,1.0374784110535407
2026-01-09,SKU-1006,Sugar,610.0,0,5397.0,10,False,False,False,598.5714285714286,582.4444444444445,582.4444444444445,123.06412059482561,0.2112890281101546,,0,0.0,9.266119801602441,0.9266119801602442
2026-01-10,SKU-1006,Sugar,389.0,0,5008.0,10,False,False,False,587.1428571428571,563.1,563.1,131.16440065810542,0.23293269518399115,,0,0.0,8.893624578227667,0.8893624578227668
2026-01-11,SKU-1006,Sugar,534.0,0,4474.0,10,False,False,False,601.1428571428571,560.4545454545455,560.4545454545455,124.7424255306619,0.2225736708576287,,0,0.0,7.982806163828061,0.7982806163828061
2026-01-12,SKU-1006,Sugar,537.0,0,3937.0,10,False,False,False,574.7142857142857,558.5,558.5,119.12979934050546,0.21330313221218525,1.0726283794592866,0,0.0,7.04923903312444,0.704923903312444
2026-01-13,SKU-1006,Sugar,634.0,6694,9997.0,10,False,False,False,595.4285714285714,564.3076923076923,564.3076923076923,115.96435128620679,0.2054984414831909,1.1277056277056277,0,0.0,17.71551254089422,1.771551254089422
2026-01-14,SKU-1006,Sugar,550.0,0,9447.0,10,False,False,False,572.8571428571429,563.2857142857143,563.2857142857143,111.48054578226683,0.19791118957034434,1.0345717234262128,0,0.0,16.771240172457517,1.6771240172457518
2026-01-15,SKU-1006,Sugar,427.0,0,9020.0,10,False,False,False,525.8571428571429,552.4285714285714,554.2,113.04183801963387,0.20397300256159123,0.9082161361954109,0,0.0,16.327902767002843,1.6327902767002844
2026-01-16,SKU-1006,Sugar,581.0,0,8439.0,10,False,False,False,521.7142857142857,560.1428571428571,555.875,109.41412157486802,0.19683224029659188,0.895732272306099,0,0.0,15.065799540933437,1.5065799540933438
2026-01-17,SKU-1006,Sugar,351.0,0,8088.0,10,False,False,False,516.2857142857143,551.7142857142857,543.8235294117648,117.01401374093918,0.21516908962638895,0.916863282340107,0,0.0,14.659761781460384,1.4659761781460383
2026-01-18,SKU-1006,Sugar,382.0,0,7706.0,10,False,False,False,494.57142857142856,547.8571428571429,534.8333333333334,119.7567387272559,0.22391412663245103,0.8824469933958984,0,0.0,14.065710560625813,1.4065710560625813
2026-01-19,SKU-1006,Sugar,491.0,0,7215.0,10,False,False,False,488.0,531.3571428571429,532.5263157894736,116.8162699955469,0.21936243624386156,0.873769024171889,0,0.0,13.578437962091678,1.3578437962091678
2026-01-20,SKU-1006,Sugar,328.0,0,6887.0,10,False,False,False,444.2857142857143,519.8571428571429,522.3,122.55357582448754,0.23464211339170504,0.7873111076491666,0,0.0,13.247870294036822,1.3247870294036823
2026-01-21,SKU-1006,Sugar,448.0,0,6439.0,10,False,False,False,429.7142857142857,501.2857142857143,518.7619047619048,120.54580239971224,0.23237211771561933,0.7628709104742581,0,0.0,12.844970076944998,1.2844970076944997
2026-01-22,SKU-1006,Sugar,353.0,0,6086.0,10,False,False,False,419.14285714285717,472.5,511.22727272727275,122.83435684196509,0.24027348186389544,0.7587276958882855,0,0.0,12.88042328042328,1.2880423280423279
2026-01-23,SKU-1006,Sugar,381.0,0,5705.0,10,False,False,False,390.57142857142856,456.14285714285717,505.5652173913044,123.04390424373528,0.24337889556294387,0.697271104310125,0,0.0,12.507046664578766,1.2507046664578767
2026-01-24,SKU-1006,Sugar,537.0,0,5168.0,10,False,False,False,417.14285714285717,466.7142857142857,506.875,120.51026025234097,0.23775143822903275,0.7560849300880373,0,0.0,11.073155800428527,1.1073155800428527
2026-01-25,SKU-1006,Sugar,516.0,0,4728.0,10,True,False,False,436.2857142857143,465.42857142857144,507.24,117.98703318585477,0.23260593246955044,0.7963494132985658,0,0.0,10.158379373848987,1.0158379373848987
2026-01-26,SKU-1006,Sugar,495.0,0,4233.0,10,False,False,False,436.85714285714283,462.42857142857144,506.7692307692308,115.6281307268461,0.2281672282102306,0.822153515257427,0,0.0,9.153846153846153,0.9153846153846154
2026-01-27,SKU-1006,Sugar,528.0,4981,8686.0,10,False,False,False,465.42857142857144,454.85714285714283,507.55555555555554,113.45630583327367,0.22353475317413815,0.8953009068425392,0,0.0,19.09610552763819,1.909610552763819
2026-01-28,SKU-1006,Sugar,469.0,0,8217.0,10,False,False,False,468.42857142857144,449.07142857142856,506.17857142857144,111.5736108357197,0.22042341800607856,0.9344542604730693,0,0.0,18.29775727692063,1.8297757276920632
2026-01-29,SKU-1006,Sugar,546.0,0,7671.0,10,False,False,False,496.0,457.57142857142856,505.0,110.94843647188343,0.21969987420174936,1.0497354497354496,0,0.0,16.76459569153918,1.6764595691539181
2026-01-30,SKU-1006,Sugar,529.0,0,7142.0,10,False,False,False,517.1428571428571,453.85714285714283,507.0,110.85492688561393,0.2186487709775423,1.13373003445036,0,0.0,15.73622914699402,1.573622914699402
2026-01-31,SKU-1006,Sugar,474.0,0,6687.0,10,True,False,False,508.14285714285717,462.64285714285717,507.17857142857144,110.79545838112496,0.21845453381251312,1.088766452402816,0,0.0,14.453913849004168,1.4453913849004167
2026-02-01,SKU-1006,Sugar,419.0,0,6268.0,10,False,False,False,494.2857142857143,465.2857142857143,506.57142857142856,111.24561699944542,0.21960499689681837,1.062001227747084,0,0.0,13.471292600552657,1.3471292600552656
2026-02-02,SKU-1006,Sugar,668.0,0,5600.0,10,False,False,False,519.0,477.92857142857144,504.64285714285717,107.78690028484849,0.21359046057860986,1.1223354958294718,0,0.0,11.71723210282469,1.171723210282469
2026-02-03,SKU-1006,Sugar,408.0,0,5192.0,10,False,False,False,501.85714285714283,483.64285714285717,501.75,109.2986479534145,0.21783487384835976,1.1033291457286432,0,0.0,10.735194210604046,1.0735194210604047
2026-02-04,SKU-1006,Sugar,830.0,7116,11478.0,10,False,False,False,553.4285714285714,510.92857142857144,506.10714285714283,119.75664809063737,0.2366231138619608,1.232384285032607,0,0.0,22.464979728785124,2.2464979728785126
2026-02-05,SKU-1006,Sugar,484.0,0,10994.0,10,False,False,False,544.5714285714286,520.2857142857143,496.39285714285717,109.31176592349134,0.22021220561607002,1.19013424914143,0,0.0,21.130697419000548,2.1130697419000546
2026-02-06,SKU-1006,Sugar,479.0,0,10515.0,10,False,False,False,537.4285714285714,527.2857142857143,491.7142857142857,107.04926423635507,0.21770623174157044,1.1841359773371105,0,0.0,19.941750203196964,1.9941750203196964
2026-02-07,SKU-1006,Sugar,199.0,0,10316.0,10,False,False,False,498.14285714285717,503.14285714285717,484.92857142857144,119.14041779949886,0.2456865295614942,1.0767330554268952,0,0.0,20.50312322544009,2.0503123225440087
2026-02-08,SKU-1006,Sugar,355.0,0,9961.0,10,False,False,False,489.0,491.64285714285717,478.5357142857143,121.19451220397639,0.2532611643937114,1.0509671476819158,0,0.0,20.26064216184803,2.026064216184803
2026-02-09,SKU-1006,Sugar,445.0,0,9516.0,10,False,False,False,457.14285714285717,488.07142857142856,475.25,120.79723598751015,0.2541761935560445,0.9565087430877298,0,0.0,19.49714620225377,1.949714620225377
2026-02-10,SKU-1006,Sugar,649.0,0,8867.0,10,False,False,False,491.57142857142856,496.7142857142857,475.7857142857143,121.55820344755355,0.25548939322410297,1.0163934426229508,0,0.0,17.85130859936727,1.7851308599367273
2026-02-11,SKU-1006,Sugar,599.0,0,8268.0,10,False,False,False,458.57142857142856,506.0,477.5357142857143,123.01023207752756,0.25759378492040774,0.8975255137704459,0,0.0,16.3399209486166,1.6339920948616602
2026-02-12,SKU-1006,Sugar,568.0,0,7700.0,10,False,False,False,470.57142857142856,507.57142857142856,482.57142857142856,123.7486785777345,0.25643598284314434,0.9044481054365732,0,0.0,15.170278637770899,1.51702786377709
2026-02-13,SKU-1006,Sugar,477.0,0,7223.0,10,False,False,False,470.2857142857143,503.85714285714283,478.85714285714283,122.23647824506646,0.2552671085070004,0.8918992143050662,0,0.0,14.335412531896797,1.4335412531896796
2026-02-14,SKU-1006,Sugar,423.0,0,6800.0,10,False,False,False,502.2857142857143,500.2142857142857,481.42857142857144,120.18733173256949,0.24964727659584166,0.9982964224872231,0,0.0,13.594173925460517,1.3594173925460518
2026-02-15,SKU-1006,Sugar,495.0,0,6305.0,10,False,False,False,522.2857142857143,505.64285714285717,485.4642857142857,118.61187316211834,0.24432667170891734,1.062327473485399,0,0.0,12.469275321373075,1.2469275321373074
2026-02-16,SKU-1006,Sugar,695.0,0,5610.0,10,False,False,False,558.0,507.57142857142856,492.75,125.05483982222742,0.25378962926885323,1.1432752817210596,0,0.0,11.052631578947368,1.1052631578947367
2026-02-17,SKU-1006,Sugar,654.0,0,4956.0,10,False,False,False,558.7142857142857,525.1428571428571,504.39285714285717,124.32166739602144,0.24647785081700774,1.1248202473396605,0,0.0,9.437431991294886,0.9437431991294887
2026-02-18,SKU-1006,Sugar,592.0,6452,10816.0,10,False,False,False,557.7142857142857,508.14285714285717,509.5357142857143,124.87964046702969,0.24508515687087903,1.1022021456804065,0,0.0,21.285352825414673,2.1285352825414674
2026-02-19,SKU-1006,Sugar,462.0,0,10354.0,10,False,False,False,542.5714285714286,506.57142857142856,513.4285714285714,121.47166368896524,0.23658921697906418,1.0689558119898677,0,0.0,20.439368302312467,2.043936830231247
2026-02-20,SKU-1006,Sugar,408.0,0,9946.0,10,False,False,False,532.7142857142857,501.5,514.3928571428571,120.48461997613491,0.23422685269261803,1.057272469520839,0,0.0,19.832502492522433,1.9832502492522432
2026-02-21,SKU-1006,Sugar,359.0,0,9587.0,10,False,False,False,523.5714285714286,512.9285714285714,508.0357142857143,123.89526106468202,0.24387116413434773,1.0466942738826217,0,0.0,18.690711600055703,1.8690711600055703
2026-02-22,SKU-1006,Sugar,177.0,0,9410.0,10,False,False,False,478.14285714285717,500.2142857142857,495.92857142857144,138.7600990175673,0.27979855771942136,0.9456137872580873,0,0.0,18.811937740968155,1.8811937740968154
2026-02-23,SKU-1006,Sugar,675.0,0,8735.0,10,False,False,False,475.2857142857143,516.6428571428571,502.35714285714283,142.82551237130915,0.28431070285771765,0.93639178159302,0,0.0,16.907230747960735,1.6907230747960735
2026-02-24,SKU-1006,Sugar,741.0,0,7994.0,10,False,False,False,487.7142857142857,523.2142857142857,509.9642857142857,149.7465716278196,0.29364129179767134,0.9287268770402612,0,0.0,15.278634812286692,1.527863481228669
2026-02-25,SKU-1006,Sugar,788.0,0,7206.0,10,False,False,False,515.7142857142857,536.7142857142857,521.3571428571429,158.39945152489082,0.303821389416149,1.014900196795052,0,0.0,13.426137875964868,1.3426137875964868
2026-02-26,SKU-1006,Sugar,542.0,0,6664.0,10,False,False,False,527.1428571428571,534.8571428571429,521.2142857142857,158.3782058386067,0.3038639004714943,1.0406091370558375,0,0.0,12.459401709401709,1.245940170940171
2026-02-27,SKU-1006,Sugar,327.0,0,6337.0,10,False,False,False,515.5714285714286,524.1428571428571,514.0,162.55597326596288,0.31625675732677605,1.0280586810995584,0,0.0,12.090215317525212,1.2090215317525213
2026-02-28,SKU-1006,Sugar,355.0,0,5982.0,10,False,False,False,515.0,519.2857142857143,509.75,165.17501940982794,0.3240314260124138,1.0040384347583902,0,0.0,11.519669876203576,1.1519669876203575
2026-03-01,SKU-1006,Sugar,391.0,0,5591.0,10,False,False,False,545.5714285714286,511.85714285714283,508.75,165.82825229513594,0.32595233866365786,1.0906754248179351,0,0.0,10.922969578565448,1.092296957856545
2026-03-02,SKU-1006,Sugar,416.0,0,5175.0,10,False,False,False,508.57142857142856,491.92857142857144,499.75,163.68977546747564,0.3275433225962494,0.984377160237799,0,0.0,10.519819950631625,1.0519819950631626
2026-03-03,SKU-1006,Sugar,419.0,0,4756.0,10,False,False,False,462.57142857142856,475.14285714285717,500.14285714285717,163.47447740214605,0.3268555674992923,0.8840955631399318,0,0.0,10.009621166566445,1.0009621166566445
2026-03-04,SKU-1006,Sugar,1059.0,0,3697.0,10,False,False,False,501.2857142857143,508.5,508.32142857142856,184.91120062452168,0.36376825809643837,0.933989885546979,0,0.0,7.2704031465093415,0.7270403146509341
2026-03-05,SKU-1006,Sugar,535.0,5651,8813.0,10,False,False,False,500.2857142857143,513.7142857142857,510.14285714285717,184.91393679537518,0.3624748130965069,0.9353632478632478,0,0.0,17.155450500556174,1.7155450500556175
2026-03-06,SKU-1006,Sugar,451.0,0,8362.0,10,False,False,False,518.0,516.7857142857143,509.14285714285717,185.16413425325277,0.3636781536960632,0.988280185336604,0,0.0,16.18078783690394,1.6180787836903938
2026-03-07,SKU-1006,Sugar,428.0,0,7934.0,10,False,False,False,528.4285714285714,521.7142857142857,517.3214285714286,175.77743789223254,0.339783794337764,1.0176066024759285,0,0.0,15.207557502738227,1.5207557502738227
2026-03-08,SKU-1006,Sugar,457.0,0,7477.0,10,False,False,False,537.8571428571429,541.7142857142857,520.9642857142857,173.3287354396279,0.3327075198676617,1.050795422830031,0,0.0,13.802478902953588,1.3802478902953588
2026-03-09,SKU-1006,Sugar,580.0,0,6897.0,10,False,False,False,561.2857142857143,534.9285714285714,525.7857142857143,173.01474078557735,0.3290594173343408,1.1409902715260636,0,0.0,12.893310188276137,1.2893310188276137
2026-03-10,SKU-1006,Sugar,461.0,0,6436.0,10,False,False,False,567.2857142857143,514.9285714285714,519.0714285714286,171.698902813947,0.3307808778581613,1.193926638604931,0,0.0,12.498820918296573,1.2498820918296574
2026-03-11,SKU-1006,Sugar,430.0,0,6006.0,10,False,False,False,477.42857142857144,489.35714285714283,513.0357142857143,171.75552870347911,0.3347827917645259,0.9388959123472398,0,0.0,12.273244781783681,1.227324478178368
2026-03-12,SKU-1006,Sugar,474.0,0,5532.0,10,False,False,False,468.7142857142857,484.5,509.67857142857144,171.5599568170521,0.3366042177056589,0.9124026696329256,0,0.0,11.41795665634675,1.141795665634675
2026-03-13,SKU-1006,Sugar,492.0,0,5040.0,10,False,False,False,474.57142857142856,496.2857142857143,510.2142857142857,171.47753489464725,0.3360892466085764,0.9183137525915687,0,0.0,10.155440414507773,1.0155440414507773
2026-03-14,SKU-1006,Sugar,482.0,0,4558.0,10,False,False,False,482.2857142857143,505.35714285714283,512.3214285714286,170.7269974900211,0.33324196094252984,0.9244249726177438,0,0.0,9.019363957597173,0.9019363957597173
2026-03-15,SKU-1006,Sugar,339.0,6514,10733.0,10,False,False,False,465.42857142857144,501.64285714285717,506.75,173.8304037251805,0.3430299037497395,0.8591772151898736,0,0.0,21.395699843371776,2.139569984337178
2026-03-16,SKU-1006,Sugar,459.0,0,10274.0,10,False,False,False,448.14285714285717,504.7142857142857,498.32142857142856,170.04488591990417,0.3412353476497755,0.8377620510081453,0,0.0,20.356071327483725,2.0356071327483725
2026-03-17,SKU-1006,Sugar,442.0,0,9832.0,10,False,False,False,445.42857142857144,506.35714285714283,490.75,167.55797780447796,0.3414324560458033,0.865029823831322,0,0.0,19.41712512343067,1.941712512343067
2026-03-18,SKU-1006,Sugar,620.0,0,9212.0,10,False,False,False,472.57142857142856,475.0,491.75,168.2666809737624,0.34217932073973034,0.9656984381842068,0,0.0,19.393684210526317,1.9393684210526316
2026-03-19,SKU-1006,Sugar,440.0,0,8772.0,10,False,False,False,467.7142857142857,468.2142857142857,490.9642857142857,168.4619931073271,0.3431247404528376,0.9653545628777828,0,0.0,18.735011441647597,1.8735011441647598
2026-03-20,SKU-1006,Sugar,558.0,0,8214.0,10,False,False,False,477.14285714285717,475.85714285714283,496.32142857142856,168.11064556844445,0.3387132529262751,0.9614277489925159,0,0.0,17.26148303812669,1.726148303812669
2026-03-21,SKU-1006,Sugar,301.0,0,7913.0,10,False,False,False,451.2857142857143,466.7857142857143,494.25,170.20959301859443,0.3443795508722194,0.8930035335689046,0,0.0,16.95210405508799,1.6952104055087989
2026-03-22,SKU-1006,Sugar,315.0,0,7598.0,10,False,False,False,447.85714285714283,456.64285714285717,499.17857142857144,162.5067642059813,0.3255483578570134,0.8927808628791114,0,0.0,16.63882371343657,1.6638823713436568
2026-03-23,SKU-1006,Sugar,507.0,0,7091.0,10,False,False,False,454.7142857142857,451.42857142857144,493.17857142857144,158.83465746712338,0.32206317684694435,0.9009340503821115,0,0.0,15.707911392405062,1.5707911392405063
2026-03-24,SKU-1006,Sugar,687.0,0,6404.0,10,False,False,False,489.7142857142857,467.57142857142856,491.25,156.01700405903054,0.31759186576901893,0.967132176611652,0,0.0,13.696303085853957,1.3696303085853958
2026-03-25,SKU-1006,Sugar,506.0,0,5898.0,10,False,False,False,473.42857142857144,473.0,481.17857142857144,144.85396313156448,0.30103992931669304,0.9966917293233083,0,0.0,12.469344608879492,1.2469344608879491
2026-03-26,SKU-1006,Sugar,591.0,0,5307.0,10,False,False,False,495.0,481.35714285714283,482.92857142857144,145.90812141268867,0.3021318887409616,1.05720823798627,0,0.0,11.02507790473364,1.102507790473364
2026-03-27,SKU-1006,Sugar,512.0,0,4795.0,10,False,False,False,488.42857142857144,482.7857142857143,489.5357142857143,142.7399817183412,0.2915823658067815,1.0264184929450617,0,0.0,9.931942595058441,0.9931942595058441
2026-03-28,SKU-1006,Sugar,145.0,6617,11267.0,10,False,False,False,466.14285714285717,458.7142857142857,482.0357142857143,155.05637735588357,0.32166989449246053,0.9986228003060444,0,0.0,24.562130177514792,2.4562130177514794
2026-03-29,SKU-1006,Sugar,606.0,0,10661.0,10,False,False,False,507.7142857142857,477.7857142857143,489.7142857142857,155.7033878036858,0.3179474080005253,1.1118410761770687,0,0.0,22.31335027657348,2.231335027657348
2026-03-30,SKU-1006,Sugar,399.0,0,10262.0,10,False,False,False,492.2857142857143,473.5,489.10714285714283,156.03426482328103,0.3190185772217502,1.090506329113924,0,0.0,21.672650475184795,2.1672650475184794
2026-03-31,SKU-1006,Sugar,551.0,0,9711.0,10,False,False,False,472.85714285714283,481.2857142857143,493.82142857142856,155.8315932336426,0.3155626390787584,1.0113046135044301,0,0.0,20.177203918076582,2.017720391807658
2026-04-01,SKU-1006,Sugar,571.0,0,9140.0,10,False,False,False,482.14285714285717,477.7857142857143,476.39285714285717,111.16865375059456,0.2333549970025225,1.0193295077016007,0,0.0,19.12991478546868,1.9129914785468682
2026-04-02,SKU-1006,Sugar,529.0,0,8611.0,10,False,False,False,473.2857142857143,484.14285714285717,476.17857142857144,111.0572270136333,0.23322600737881438,0.983231933521294,0,0.0,17.786072587784005,1.7786072587784005
2026-04-03,SKU-1006,Sugar,548.0,0,8063.0,10,False,False,False,478.42857142857144,483.42857142857144,479.64285714285717,111.75343702916118,0.23299301837799796,0.9909749963012281,0,0.0,16.678782505910164,1.6678782505910164
2026-04-04,SKU-1006,Sugar,419.0,0,7644.0,10,False,False,False,517.5714285714286,491.85714285714283,479.32142857142856,111.92029358611477,0.23349737131444853,1.1283089380255371,0,0.0,15.541097879756027,1.5541097879756027
2026-04-05,SKU-1006,Sugar,363.0,0,7281.0,10,False,False,False,482.85714285714283,495.2857142857143,475.9642857142857,114.00502982498989,0.23952433669240766,1.0106144416205711,0,0.0,14.700605710989327,1.4700605710989327
2026-04-06,SKU-1006,Sugar,409.0,0,6872.0,10,False,False,False,484.2857142857143,488.2857142857143,469.85714285714283,112.7993020354406,0.24007148502526127,1.0227786996530397,0,0.0,14.073727325921592,1.4073727325921592
2026-04-07,SKU-1006,Sugar,389.0,0,6483.0,10,False,False,False,461.14285714285717,467.0,467.2857142857143,113.82470510422378,0.24358695681124012,0.9581478183437222,0,0.0,13.882226980728051,1.3882226980728052
2026-04-08,SKU-1006,Sugar,783.0,0,5700.0,10,False,False,False,491.42857142857144,486.7857142857143,479.89285714285717,128.1851494506386,0.2671120179071132,1.028554342951114,0,0.0,11.709464416727807,1.1709464416727806
2026-04-09,SKU-1006,Sugar,373.0,0,5327.0,10,False,False,False,469.14285714285717,471.2142857142857,476.2857142857143,129.7684139913919,0.2724591775464137,0.96901740926527,0,0.0,11.304835531302107,1.1304835531302106
2026-04-10,SKU-1006,Sugar,177.0,0,5150.0,10,False,False,False,416.14285714285717,447.2857142857143,465.0357142857143,141.4811810919552,0.3042372375834994,0.8608156028368794,0,0.0,11.513893324816353,1.1513893324816353
2026-04-11,SKU-1006,Sugar,381.0,0,4769.0,10,False,False,False,410.7142857142857,464.14285714285717,461.42857142857144,142.31770108573303,0.3084284543653657,0.8350275922160907,0,0.0,10.27485380116959,1.027485380116959
2026-04-12,SKU-1006,Sugar,487.0,0,4282.0,10,False,False,False,428.42857142857144,455.64285714285717,466.7142857142857,140.33685853129919,0.3006911569388106,0.8650129795211999,0,0.0,9.39771124000627,0.939771124000627
2026-04-13,SKU-1006,Sugar,543.0,0,3739.0,10,False,False,False,447.57142857142856,465.92857142857144,469.7142857142857,141.06180866001213,0.300314069531656,0.9166179052077238,0,0.0,8.024835198528285,0.8024835198528285
2026-04-14,SKU-1006,Sugar,518.0,6919,10140.0,10,False,True,False,466.0,463.57142857142856,472.42857142857144,141.23986127399877,0.29896553641306056,0.9978586723768736,0,0.0,21.873651771956858,2.187365177195686
2026-04-15,SKU-1006,Sugar,804.0,0,9336.0,10,False,False,False,469.0,480.2142857142857,479.0,152.214273920632,0.3177751021307557,0.9634629493763757,0,0.0,19.4413208389112,1.94413208389112
2026-04-16,SKU-1006,Sugar,524.0,0,8812.0,10,False,False,False,490.57142857142856,479.85714285714283,482.0,152.244929368825,0.31586084931291497,1.0410792784599059,0,0.0,18.363798749627865,1.8363798749627864
2026-04-17,SKU-1006,Sugar,326.0,0,8486.0,10,False,False,False,511.85714285714283,464.0,473.7142857142857,154.2554056061899,0.32562962582730076,1.144362823379112,0,0.0,18.288793103448278,1.8288793103448278
2026-04-18,SKU-1006,Sugar,358.0,0,8128.0,10,False,False,False,508.57142857142856,459.64285714285717,475.75,152.25481200204405,0.3200311340032455,1.0957217605417051,0,0.0,17.683294483294482,1.7683294483294483
2026-04-19,SKU-1006,Sugar,462.0,0,7666.0,10,False,False,False,505.0,466.7142857142857,481.0,149.00633841850112,0.3097844873565512,1.1083241887443172,0,0.0,16.42546678910315,1.6425466789103151
2026-04-20,SKU-1006,Sugar,551.0,0,7115.0,10,False,False,False,506.14285714285717,476.85714285714283,482.57142857142856,149.52181274574116,0.30984389852581057,1.0863099800705198,0,0.0,14.920611144397844,1.4920611144397844
2026-04-21,SKU-1006,Sugar,686.0,0,6429.0,10,False,False,False,530.1428571428571,498.07142857142856,482.5357142857143,149.47128601813574,0.30976212038396866,1.1436055469953774,0,0.0,12.907787179119461,1.290778717911946
2026-04-22,SKU-1006,Sugar,675.0,0,5754.0,10,False,False,False,511.7142857142857,490.35714285714283,488.57142857142856,153.80324818884398,0.31480196997716603,1.0655957161981258,0,0.0,11.734304442825929,1.173430444282593
2026-04-23,SKU-1006,Sugar,716.0,0,5038.0,10,False,False,False,539.1428571428571,514.8571428571429,493.0357142857143,158.6249903581953,0.3217312372350213,1.1235486752009527,0,0.0,9.785238623751386,0.9785238623751387
2026-04-24,SKU-1006,Sugar,360.0,6735,11413.0,10,False,False,False,544.0,527.9285714285714,487.60714285714283,160.54129255041084,0.32924311077503143,1.1724137931034482,0,0.0,21.61845487755378,2.161845487755378
2026-04-25,SKU-1006,Sugar,371.0,0,11042.0,10,False,False,False,545.8571428571429,527.2142857142857,495.67857142857144,147.85855442415937,0.29829523192423535,1.1875679875679876,0,0.0,20.944045522286956,2.0944045522286956
2026-04-26,SKU-1006,Sugar,466.0,0,10576.0,10,False,False,False,546.4285714285714,525.7142857142857,490.67857142857144,146.34916481595658,0.2982587244229408,1.1707988980716253,0,0.0,20.117391304347827,2.0117391304347825
2026-04-27,SKU-1006,Sugar,471.0,0,10105.0,10,False,False,False,535.0,520.5714285714286,493.25,145.30749642918806,0.29459198465116687,1.121929298981426,0,0.0,19.411361141602637,1.9411361141602637
2026-04-28,SKU-1006,Sugar,606.0,0,9499.0,10,False,False,False,523.5714285714286,526.8571428571429,495.2142857142857,146.4840674291303,0.2957993572779207,1.0511974759787752,0,0.0,18.02955531453362,1.802955531453362
2026-04-29,SKU-1006,Sugar,485.0,0,9014.0,10,False,False,False,496.42857142857144,504.07142857142856,492.14285714285717,145.7358631186634,0.2961251209958327,1.01238164603059,0,0.0,17.88238628312314,1.788238628312314
2026-04-30,SKU-1006,Sugar,411.0,0,8603.0,10,False,False,False,452.85714285714283,496.0,487.92857142857144,146.33546659326566,0.29991165748876,0.8795782463928967,0,0.0,17.344758064516128,1.7344758064516128
2026-05-01,SKU-1006,Sugar,421.0,0,8127.0,10,True,False,False,461.57142857142856,502.7857142857143,483.39285714285717,146.3727710171468,0.302802924896942,0.874306589094845,0,0.0,16.163943742008808,1.6163943742008808
2026-05-02,SKU-1006,Sugar,431.0,0,7696.0,10,False,False,False,470.14285714285717,508.0,483.82142857142856,146.19470871800678,0.30216666746173987,0.8917490854897712,0,0.0,15.149606299212598,1.51496062992126
2026-05-03,SKU-1006,Sugar,408.0,0,7288.0,10,False,False,False,461.85714285714283,504.14285714285717,485.42857142857144,145.0602502082365,0.29882923821590807,0.8785326086956522,0,0.0,14.45621989232077,1.445621989232077
2026-05-04,SKU-1006,Sugar,287.0,0,7001.0,10,False,False,False,435.57142857142856,485.2857142857143,481.07142857142856,149.21372406630513,0.3101695823204561,0.8367178924259056,0,0.0,14.42655284074183,1.442655284074183
2026-05-05,SKU-1006,Sugar,597.0,0,6404.0,10,False,False,False,434.2857142857143,478.92857142857144,488.5,149.6372156126152,0.3063197863103689,0.8242950108459869,0,0.0,13.371513795674868,1.3371513795674868
2026-05-06,SKU-1006,Sugar,610.0,0,5794.0,10,False,False,False,452.14285714285717,474.2857142857143,482.32142857142856,140.30761273172666,0.29090064098395757,0.8969817202777385,0,0.0,12.216265060240964,1.2216265060240965
2026-05-07,SKU-1006,Sugar,598.0,0,5196.0,10,False,False,False,478.85714285714283,465.85714285714283,490.35714285714283,140.25775591830237,0.286031840182991,0.9654377880184332,0,0.0,11.153633854645815,1.1153633854645815
2026-05-08,SKU-1006,Sugar,491.0,0,4705.0,10,False,False,False,488.85714285714283,475.2142857142857,501.57142857142856,126.11529955984231,0.2514403579945589,0.9722972013070038,0,0.0,9.900796633097851,0.9900796633097851
2026-05-09,SKU-1006,Sugar,453.0,4969,9221.0,10,False,False,False,492.0,481.07142857142856,504.14285714285717,124.28662044308712,0.2465305591106857,0.968503937007874,0,0.0,19.16763177431329,1.916763177431329
2026-05-10,SKU-1006,Sugar,498.0,0,8723.0,10,False,False,False,504.85714285714283,483.35714285714283,504.5357142857143,124.24780559739143,0.24626166608104766,1.001416831963729,0,0.0,18.046697207034136,1.8046697207034135
2026-05-11,SKU-1006,Sugar,449.0,0,8274.0,10,False,False,False,528.0,481.7857142857143,501.17857142857144,124.4397976031511,0.24829432999987394,1.0880188401530764,0,0.0,17.173610081541884,1.7173610081541884
2026-05-12,SKU-1006,Sugar,670.0,0,7604.0,10,False,False,False,538.4285714285714,486.35714285714283,506.60714285714283,128.45155861278167,0.2535526007161006,1.1242356450410143,0,0.0,15.63460126303422,1.563460126303422
2026-05-13,SKU-1006,Sugar,585.0,0,7019.0,10,False,False,False,534.8571428571429,493.5,498.7857142857143,115.7079200025769,0.23197921810626904,1.1277108433734941,0,0.0,14.22289766970618,1.422289766970618
2026-05-14,SKU-1006,Sugar,706.0,0,6313.0,10,False,False,False,550.2857142857143,514.5714285714286,505.2857142857143,122.1116238416665,0.24166846674912792,1.1812327506899725,0,0.0,12.268461965574682,1.2268461965574682
2026-05-15,SKU-1006,Sugar,390.0,0,5923.0,10,False,False,False,535.8571428571429,512.3571428571429,507.57142857142856,119.19558423694762,0.23483509419044002,1.127611603787765,0,0.0,11.560295552767322,1.1560295552767321
2026-05-16,SKU-1006,Sugar,413.0,0,5510.0,10,False,False,False,530.1428571428571,511.07142857142856,509.5357142857143,117.07372863502688,0.22976550093087214,1.1020044543429843,0,0.0,10.781271837875611,1.078127183787561
2026-05-17,SKU-1006,Sugar,436.0,0,5074.0,10,False,False,False,521.2857142857143,513.0714285714286,508.60714285714283,117.56679402876065,0.23115442966121047,1.0784690409339444,0,0.0,9.889461227899206,0.9889461227899206
2026-05-18,SKU-1006,Sugar,539.0,0,4535.0,10,False,False,False,534.1428571428571,531.0714285714286,508.17857142857144,117.42832441818008,0.2310768911173689,1.1086730911786509,0,0.0,8.539340954942839,0.8539340954942839
2026-05-19,SKU-1006,Sugar,407.0,6716,10844.0,10,False,False,False,496.57142857142856,517.5,498.2142857142857,113.5538237994251,0.22792165350422242,1.0210016155088852,0,0.0,20.954589371980678,2.095458937198068
2026-05-20,SKU-1006,Sugar,663.0,0,10181.0,10,False,False,False,507.7142857142857,521.2857142857143,497.7857142857143,112.88255356551286,0.2267693714904836,1.0288030105659285,0,0.0,19.53055631679912,1.9530556316799121
2026-05-21,SKU-1006,Sugar,526.0,0,9655.0,10,False,False,False,482.0,516.1428571428571,491.0,104.69284881305208,0.21322372467016718,0.9367018323153804,0,0.0,18.70606144478273,1.870606144478273
2026-05-22,SKU-1006,Sugar,418.0,0,9237.0,10,False,False,False,486.0,510.92857142857144,493.07142857142856,102.55691412538026,0.20799605935902124,0.9485570890840652,0,0.0,18.07884803578918,1.807884803578918
2026-05-23,SKU-1006,Sugar,184.0,0,9053.0,10,False,False,False,453.2857142857143,491.7142857142857,486.39285714285717,116.00745163987882,0.23850566458011652,0.886932215234102,0,0.0,18.411098198721675,1.8411098198721674
2026-05-24,SKU-1006,Sugar,482.0,0,8571.0,10,False,False,False,459.85714285714283,490.57142857142856,486.9642857142857,115.94266850884695,0.23809275528036045,0.8962828901573159,0,0.0,17.47146185206756,1.747146185206756
2026-05-25,SKU-1006,Sugar,502.0,0,8069.0,10,False,True,False,454.57142857142856,494.35714285714283,488.07142857142856,115.93258851317462,0.23753201217392722,0.8559515803631472,0,0.0,16.322207773443147,1.6322207773443147
2026-05-26,SKU-1006,Sugar,496.0,0,7573.0,10,False,False,False,467.2857142857143,481.92857142857144,484.14285714285717,113.62925884475555,0.23470192148518407,0.9029675638371291,0,0.0,15.713946939380465,1.5713946939380465
2026-05-27,SKU-1006,Sugar,632.0,0,6941.0,10,False,False,False,462.85714285714283,485.2857142857143,489.39285714285717,117.01577585497516,0.2391039716806031,0.8879144971224991,0,0.0,14.302914336178981,1.430291433617898
2026-05-28,SKU-1006,Sugar,474.0,0,6467.0,10,False,False,False,455.42857142857144,468.7142857142857,491.64285714285717,116.05433410953877,0.23605414463657456,0.8823692222529754,0,0.0,13.797317890886925,1.3797317890886924
2026-05-29,SKU-1006,Sugar,448.0,0,6019.0,10,False,False,False,459.7142857142857,472.85714285714283,492.60714285714283,115.55673267104973,0.23458192668668112,0.8997623374807773,0,0.0,12.729003021148037,1.2729003021148038
2026-05-30,SKU-1006,Sugar,513.0,0,5506.0,10,False,False,False,506.7142857142857,480.0,495.5357142857143,114.97519286152539,0.23202201081965484,1.0305055200464845,0,0.0,11.470833333333333,1.1470833333333332
2026-05-31,SKU-1006,Sugar,389.0,0,5117.0,10,False,False,False,493.42857142857144,476.64285714285717,494.85714285714283,115.56550628706746,0.23353306697733034,1.0058241118229472,0,0.0,10.735501273789898,1.0735501273789898
2026-06-01,SKU-1006,Sugar,256.0,0,4861.0,10,False,False,False,458.2857142857143,456.42857142857144,493.75,117.7582662035207,0.23849775433624446,0.9270336656552521,0,0.0,10.650078247261346,1.0650078247261345
2026-06-02,SKU-1006,Sugar,479.0,0,4382.0,10,False,False,False,455.85714285714283,461.57142857142856,489.5357142857143,116.02505544951694,0.23701039998442214,0.9459018823180672,0,0.0,9.493655215103683,0.9493655215103682
2026-06-03,SKU-1006,Sugar,633.0,6079,9828.0,10,False,False,False,456.0,459.42857142857144,490.35714285714283,116.98693003469144,0.23857494835916682,0.9396526346776568,0,0.0,21.39179104477612,2.139179104477612
2026-06-04,SKU-1006,Sugar,398.0,0,9430.0,10,False,False,False,445.14285714285717,450.2857142857143,483.2142857142857,116.27469300240801,0.2406275982311474,0.9497104541298385,0,0.0,20.94225888324873,2.094225888324873
2026-06-05,SKU-1006,Sugar,313.0,0,9117.0,10,False,False,False,425.85714285714283,442.7857142857143,476.85714285714283,120.61807317611893,0.2529438323046233,0.9006042296072507,0,0.0,20.590095176641395,2.0590095176641396
2026-06-06,SKU-1006,Sugar,381.0,0,8736.0,10,False,False,False,407.0,456.85714285714283,474.2857142857143,121.90611358377616,0.25703096237543166,0.8479166666666667,0,0.0,19.121951219512198,1.9121951219512199
2026-06-07,SKU-1006,Sugar,371.0,0,8365.0,10,False,False,False,404.42857142857144,448.92857142857144,469.75,123.34523215875149,0.2625763324294869,0.8484939307657725,0,0.0,18.633253778838505,1.8633253778838506
2026-06-08,SKU-1006,Sugar,254.0,0,8111.0,10,False,False,False,404.14285714285717,431.2142857142857,462.7857142857143,129.89150947157495,0.2806731181667,0.8854460093896713,0,0.0,18.809673678979625,1.8809673678979624
2026-06-09,SKU-1006,Sugar,559.0,0,7552.0,10,False,False,False,415.57142857142856,435.7142857142857,458.82142857142856,124.93229383281192,0.2722895794596975,0.9003404518724853,0,0.0,17.332459016393443,1.7332459016393442
2026-06-10,SKU-1006,Sugar,610.0,0,6942.0,10,False,False,False,412.2857142857143,434.14285714285717,459.7142857142857,125.95262399832528,0.2739802262238275,0.8973880597014925,0,0.0,15.990128331688055,1.5990128331688056
2026-06-11,SKU-1006,Sugar,522.0,0,6420.0,10,False,False,False,430.0,437.57142857142856,453.14285714285717,117.1171348711336,0.2584552156676971,0.9549492385786802,0,0.0,14.671890303623899,1.4671890303623898
2026-06-12,SKU-1006,Sugar,679.0,0,5741.0,10,False,False,False,482.2857142857143,454.07142857142856,463.4642857142857,123.88539570845822,0.26730300376333743,1.0892079367639942,0,0.0,12.643385244612238,1.2643385244612237
2026-06-13,SKU-1006,Sugar,487.0,0,5254.0,10,False,False,False,497.42857142857144,452.2142857142857,466.10714285714283,123.5578554799073,0.2650846642738031,1.0888055034396498,0,0.0,11.618385721055125,1.1618385721055124
2026-06-14,SKU-1006,Sugar,323.0,6184,11115.0,10,False,False,False,490.57142857142856,447.5,462.07142857142856,126.39061397741256,0.27353046772047857,1.0927605409705647,0,0.0,24.837988826815643,2.4837988826815645
2026-06-15,SKU-1006,Sugar,408.0,0,10707.0,10,False,False,False,512.5714285714286,458.35714285714283,457.39285714285717,125.86098718521998,0.2751704256411462,1.1886698691403015,0,0.0,23.359513791491352,2.3359513791491353
2026-06-16,SKU-1006,Sugar,655.0,0,10052.0,10,False,False,False,526.2857142857143,470.92857142857144,466.25,130.8121709707246,0.2805622969881493,1.2078688524590164,0,0.0,21.345062945548307,2.1345062945548308
2026-06-17,SKU-1006,Sugar,541.0,0,9511.0,10,False,False,False,516.4285714285714,464.35714285714283,461.89285714285717,125.95776461023941,0.27269909604010695,1.1895360315893386,0,0.0,20.482079680049225,2.0482079680049226
2026-06-18,SKU-1006,Sugar,416.0,0,9095.0,10,False,False,False,501.2857142857143,465.64285714285717,457.9642857142857,125.59915137212052,0.27425534106054544,1.1456088801828272,0,0.0,19.53213683080227,1.953213683080227
2026-06-19,SKU-1006,Sugar,350.0,0,8745.0,10,False,False,False,454.2857142857143,468.2857142857143,455.5357142857143,127.04956225757446,0.2789014302792697,1.0004719207173196,0,0.0,18.674496644295303,1.8674496644295302
2026-06-20,SKU-1006,Sugar,322.0,0,8423.0,10,False,False,False,430.7142857142857,464.07142857142856,460.4642857142857,118.51597240155324,0.2573836366434104,0.9524561680619176,0,0.0,18.1502231799292,1.81502231799292
2026-06-21,SKU-1006,Sugar,432.0,0,7991.0,10,False,True,False,446.2857142857143,468.42857142857144,458.67857142857144,118.55614502761777,0.2584732586446545,0.9972865123703112,0,0.0,17.059164379383958,1.7059164379383958
2026-06-22,SKU-1006,Sugar,407.0,0,7584.0,10,False,False,False,446.14285714285717,479.35714285714283,455.2857142857143,118.62978738506814,0.2605611897381478,0.9733520336605892,0,0.0,15.821189092534645,1.5821189092534644
2026-06-23,SKU-1006,Sugar,565.0,0,7019.0,10,False,False,False,433.2857142857143,479.7857142857143,457.75,120.21296688547132,0.26261707675690077,0.9200667374488093,0,0.0,14.629447670090814,1.4629447670090814
2026-06-24,SKU-1006,Sugar,749.0,0,6270.0,10,False,False,False,463.0,489.7142857142857,461.92857142857144,128.25839906694978,0.27765851042791045,0.9970773727118906,0,0.0,12.80338389731622,1.280338389731622
2026-06-25,SKU-1006,Sugar,530.0,0,5740.0,10,False,False,False,479.2857142857143,490.2857142857143,463.92857142857144,128.88867679238163,0.2778200885440097,1.0292989722350052,0,0.0,11.707459207459207,1.1707459207459208
2026-06-26,SKU-1006,Sugar,426.0,0,5354.0,10,True,False,False,490.14285714285717,472.2142857142857,463.14285714285717,129.05632255544245,0.2786533799778214,1.046674801708359,0,0.0,11.338072908788384,1.1338072908788384
2026-06-27,SKU-1006,Sugar,322.0,6512,11544.0,10,False,False,False,490.14285714285717,460.42857142857144,456.32142857142856,131.3508317647476,0.28784716986874326,1.056179775280899,0,0.0,25.072292894818492,2.5072292894818493
2026-06-28,SKU-1006,Sugar,367.0,0,11177.0,10,False,False,False,480.85714285714283,463.57142857142856,455.5357142857143,131.83336343386577,0.2894029146333392,1.0265324794144555,0,0.0,24.110631741140217,2.411063174114022
2026-06-29,SKU-1006,Sugar,398.0,0,10779.0,10,False,False,False,479.57142857142856,462.85714285714283,460.60714285714283,126.49647609956762,0.2746298620444982,1.0004470272686634,0,0.0,23.287962962962965,2.3287962962962965
2026-01-01,SKU-1007,Sugar,614.0,0,1748.0,14,False,False,False,,,,,,,0,,,
2026-01-02,SKU-1007,Sugar,563.0,0,1185.0,14,False,False,False,,,,,,,0,,,
2026-01-03,SKU-1007,Sugar,385.0,0,800.0,14,False,False,False,520.6666666666666,,,,,,0,,,
2026-01-04,SKU-1007,Sugar,655.0,0,145.0,14,False,False,False,554.25,,,,,,0,,,
2026-01-05,SKU-1007,Sugar,560.0,0,0.0,14,False,False,False,555.4,555.4,,,,,1,0.2,0.0,0.0
2026-01-06,SKU-1007,Sugar,597.0,0,0.0,14,False,False,False,562.3333333333334,562.3333333333334,,,,,1,0.3333333333333333,0.0,0.0
2026-01-07,SKU-1007,Sugar,680.0,8270,7590.0,14,False,False,False,579.1428571428571,579.1428571428571,579.1428571428571,96.41823577765875,0.16648437356773835,,0,0.2857142857142857,13.105574740996547,0.9361124814997533
2026-01-08,SKU-1007,Sugar,558.0,0,7032.0,14,False,False,False,571.1428571428571,576.5,576.5,89.57837749304079,0.15538313528714795,,0,0.25,12.19774501300954,0.8712675009292529
2026-01-09,SKU-1007,Sugar,528.0,0,6504.0,14,False,False,False,566.1428571428571,571.1111111111111,571.1111111111111,85.33821600614296,0.14942489183954993,,0,0.2222222222222222,11.388326848249028,0.8134519177320734
2026-01-10,SKU-1007,Sugar,432.0,0,6072.0,14,False,False,False,572.8571428571429,557.2,557.2,91.69853991325174,0.16457024392184444,,0,0.2,10.897343862167983,0.7783817044405702
2026-01-11,SKU-1007,Sugar,422.0,0,5650.0,14,False,False,False,539.5714285714286,544.9090909090909,544.9090909090909,96.07023945578001,0.17630507741300971,,0,0.18181818181818182,10.368702035368702,0.7406215739549074
2026-01-12,SKU-1007,Sugar,339.0,0,5311.0,14,False,False,False,508.0,527.75,527.75,109.19550856564152,0.20690764294768643,0.9146561037090386,0,0.16666666666666666,10.063477025106584,0.7188197875076131
2026-01-13,SKU-1007,Sugar,547.0,0,4764.0,14,False,False,False,500.85714285714283,529.2307692307693,529.2307692307693,104.6829768444977,0.19780213647942876,0.8906766025912438,0,0.15384615384615385,9.00174418604651,0.6429817275747507
2026-01-14,SKU-1007,Sugar,458.0,0,4306.0,14,False,False,False,469.14285714285717,524.1428571428571,524.1428571428571,102.36199500780562,0.19529407605741056,0.8100641341884559,0,0.14285714285714285,8.21531752521123,0.586808394657945
2026-01-15,SKU-1007,Sugar,533.0,0,3773.0,14,False,False,False,465.57142857142856,518.3571428571429,524.7333333333333,98.66499355080785,0.18802882775531923,0.8075827035063808,0,0.13333333333333333,7.278765330026181,0.5199118092875844
2026-01-16,SKU-1007,Sugar,315.0,0,3458.0,14,False,False,False,435.14285714285717,500.64285714285717,511.625,108.78901598966692,0.21263428485642202,0.7619232907170651,0,0.125,6.907119417891282,0.49336567270652015
2026-01-17,SKU-1007,Sugar,436.0,8330,11352.0,14,False,False,False,435.7142857142857,504.2857142857143,507.1764705882353,106.91949967973433,0.21081320976055248,0.7819710798892421,0,0.11764705882352941,22.51104815864023,1.6079320113314448
2026-01-18,SKU-1007,Sugar,344.0,0,11008.0,14,False,False,False,424.57142857142856,482.07142857142856,498.1111111111111,110.62809391559948,0.2220952141959392,0.7791601124934459,0,0.1111111111111111,22.834790339309528,1.6310564528078235
2026-01-19,SKU-1007,Sugar,520.0,0,10488.0,14,False,False,False,450.42857142857144,479.2142857142857,499.2631578947368,107.62839469688863,0.21557447809834326,0.853488529471476,0,0.10526315789473684,21.885825011179012,1.5632732150842152
2026-01-20,SKU-1007,Sugar,600.0,0,9888.0,14,False,False,False,458.0,479.42857142857144,504.3,107.1521790430984,0.2124770554096736,0.865406976744186,0,0.1,20.62455303933254,1.4731823599523242
2026-01-21,SKU-1007,Sugar,854.0,0,9034.0,14,False,False,False,514.5714285714286,491.85714285714283,520.952380952381,129.3477777893676,0.2482909811313272,0.9817388934314527,0,0.09523809523809523,18.36712169619518,1.3119372640139415
2026-01-22,SKU-1007,Sugar,515.0,0,8519.0,14,False,False,False,512.0,488.7857142857143,520.6818181818181,126.23688479303934,0.24244534835852166,0.9877359790547058,0,0.09090909090909091,17.42890545082566,1.2449218179161186
2026-01-23,SKU-1007,Sugar,493.0,0,8026.0,14,False,False,False,537.4285714285714,486.2857142857143,519.4782608695652,123.46949183915743,0.23767980518083534,1.0734769581966044,0,0.08695652173913043,16.50470035252644,1.1789071680376029
2026-01-24,SKU-1007,Sugar,391.0,0,7635.0,14,False,False,False,531.0,483.35714285714283,514.125,123.57054401363656,0.24035116754415087,1.0529745042492917,0,0.08333333333333333,15.795773607211467,1.1282695433722476
2026-01-25,SKU-1007,Sugar,534.0,0,7101.0,14,False,False,False,558.1428571428571,491.35714285714283,514.92,121.03405856755089,0.23505410271022856,1.1578011557267742,0,0.08,14.451809856083734,1.0322721325774096
2026-01-26,SKU-1007,Sugar,523.0,0,6578.0,14,False,False,False,558.5714285714286,504.5,515.2307692307693,118.59926060218343,0.230186680774617,1.1655984498434937,0,0.07692307692307693,13.038652130822596,0.9313322950587569
2026-01-27,SKU-1007,Sugar,324.0,0,6254.0,14,False,False,False,519.1428571428571,488.57142857142856,508.14814814814815,121.98035898130478,0.24004881140635778,1.0828367103694874,0,0.07407407407407407,12.800584795321639,0.914327485380117
2026-01-28,SKU-1007,Sugar,463.0,0,5791.0,14,False,False,False,463.2857142857143,488.92857142857144,506.5357142857143,120.00385245138843,0.2369109404666767,0.9419111240197503,0,0.07142857142857142,11.844265887509131,0.8460189919649379
2026-01-29,SKU-1007,Sugar,556.0,9357,14592.0,14,False,False,False,469.14285714285717,490.57142857142856,504.4642857142857,118.57221026707333,0.235045797343579,0.9598129475376298,0,0.07142857142857142,29.744903902154924,2.124635993011066
2026-01-30,SKU-1007,Sugar,579.0,0,14013.0,14,False,False,False,481.42857142857144,509.42857142857144,505.0357142857143,118.90284927678381,0.23543453643659903,0.9900117508813161,0,0.07142857142857142,27.507291082445317,1.9648065058889512
2026-01-31,SKU-1007,Sugar,403.0,0,13610.0,14,False,False,False,483.14285714285717,507.07142857142856,505.67857142857144,118.2768420937141,0.23389727937170665,0.9995566720851191,0,0.07142857142857142,26.840400056345967,1.9171714325961404
2026-02-01,SKU-1007,Sugar,372.0,0,13238.0,14,False,False,False,460.0,509.07142857142856,495.57142857142856,117.1303258234742,0.23635407344027656,0.9361825846780055,0,0.07142857142857142,26.004209344745334,1.8574435246246668
2026-02-02,SKU-1007,Sugar,360.0,0,12878.0,14,False,False,False,436.7142857142857,497.64285714285717,488.42857142857144,119.1368427548225,0.24391866021753655,0.8656378309500212,0,0.03571428571428571,25.87799626812114,1.8484283048657957
2026-02-03,SKU-1007,Sugar,400.0,0,12278.0,14,True,False,False,447.57142857142856,483.35714285714283,481.39285714285717,118.30166690091221,0.24574869598824406,0.9160818713450293,0,0.0,25.401507314910596,1.814393379636471
2026-02-04,SKU-1007,Sugar,440.0,0,11838.0,14,False,False,False,444.2857142857143,453.7857142857143,472.82142857142856,111.90010544178944,0.2366646236400109,0.9086924762600438,0,0.0,26.087202896269478,1.8633716354478198
2026-02-05,SKU-1007,Sugar,476.0,0,11362.0,14,False,False,False,432.85714285714283,451.0,469.89285714285717,110.65439667110158,0.23548856933881918,0.8823529411764706,0,0.0,25.19290465631929,1.799493189737092
2026-02-06,SKU-1007,Sugar,668.0,0,10694.0,14,False,False,False,445.57142857142856,463.5,474.89285714285717,116.39152931050478,0.24509008202557972,0.8746494671901289,0,0.0,23.072276159654802,1.6480197256896287
2026-02-07,SKU-1007,Sugar,477.0,0,10217.0,14,False,False,False,456.14285714285717,469.64285714285717,476.5,116.0876105936087,0.2436256255899448,0.8995633187772927,0,0.0,21.754828897338403,1.5539163498098858
2026-02-08,SKU-1007,Sugar,416.0,0,9917.0,14,True,False,False,462.42857142857144,461.2142857142857,476.2857142857143,116.19742367987884,0.24396579656843187,0.908376596043216,0,0.0,21.501935883537246,1.5358525631098032
2026-02-09,SKU-1007,Sugar,355.0,0,9562.0,14,False,False,False,461.7142857142857,449.2142857142857,476.85714285714283,115.53473560914539,0.2422837475326596,0.9278024974881585,0,0.0,21.28605501669582,1.5204325011925586
2026-02-10,SKU-1007,Sugar,522.0,0,9040.0,14,False,False,False,479.14285714285717,463.35714285714283,475.9642857142857,115.06825096851162,0.24175816216090082,0.9912812176740063,0,0.0,19.509788808386002,1.393556343456143
2026-02-11,SKU-1007,Sugar,619.0,0,8421.0,14,False,False,False,504.7142857142857,474.5,481.7142857142857,118.11948035870984,0.2452065132001687,1.1122304423107194,0,0.0,17.747102212855637,1.267650158061117
2026-02-12,SKU-1007,Sugar,505.0,0,7916.0,14,False,False,False,508.85714285714283,470.85714285714283,480.7142857142857,117.78727125560413,0.24502552712904274,1.128286347798543,0,0.0,16.811893203883496,1.2008495145631068
2026-02-13,SKU-1007,Sugar,518.0,0,7398.0,14,False,False,False,487.42857142857144,466.5,487.9642857142857,113.37433315344975,0.23234145709555684,1.0516258283248574,0,0.0,15.858520900321544,1.1327514928801103
2026-02-14,SKU-1007,Sugar,275.0,0,7123.0,14,False,False,False,458.57142857142856,457.35714285714283,482.2142857142857,119.99671512258841,0.24884520985279776,0.9764258555133078,0,0.0,15.574262064657193,1.1124472903326565
2026-02-15,SKU-1007,Sugar,520.0,0,6603.0,14,False,False,False,473.42857142857144,467.92857142857144,488.5,117.06234489618167,0.23963632527365747,1.0264828867895308,0,0.0,14.111128072050068,1.0079377194321477
2026-02-16,SKU-1007,Sugar,614.0,0,5989.0,14,False,False,False,510.42857142857144,486.07142857142856,491.85714285714283,119.32517485634519,0.24260128492431493,1.1362696772141836,0,0.0,12.32123438648053,0.880088170462895
2026-02-17,SKU-1007,Sugar,399.0,7297,12887.0,14,False,False,False,492.85714285714283,486.0,484.67857142857144,118.6223555132557,0.24474437803928667,1.0636657931247109,0,0.0,26.516460905349795,1.8940329218106997
2026-02-18,SKU-1007,Sugar,551.0,0,12336.0,14,False,False,False,483.14285714285717,493.92857142857144,473.85714285714283,95.18897939857214,0.20088117449201237,1.0182146620502786,0,0.0,24.97527114967462,1.7839479392624729
2026-02-19,SKU-1007,Sugar,303.0,0,12033.0,14,False,False,False,454.2857142857143,481.57142857142856,466.2857142857143,100.0998971927015,0.21467502461670054,0.9648058252427185,0,0.0,24.986947493325424,1.7847819638089588
2026-02-20,SKU-1007,Sugar,362.0,0,11671.0,14,False,False,False,432.0,459.7142857142857,461.60714285714283,101.85114020915404,0.22064463642988885,0.9260450160771704,0,0.0,25.387507768800496,1.8133934120571784
2026-02-21,SKU-1007,Sugar,508.0,0,11163.0,14,False,False,False,465.2857142857143,461.92857142857144,465.7857142857143,101.24534086869895,0.21736463305655349,1.0173356239262845,0,0.0,24.16607391371579,1.7261481366939848
2026-02-22,SKU-1007,Sugar,544.0,0,10619.0,14,False,False,False,468.7142857142857,471.07142857142856,466.14285714285717,101.51216467359747,0.217770503437077,1.0016791329568004,0,0.0,22.542228961334345,1.6101592115238819
2026-02-23,SKU-1007,Sugar,485.0,0,10134.0,14,False,False,False,450.2857142857143,480.35714285714283,464.7857142857143,100.97647586071061,0.21725382850006894,0.9263776634827333,0,0.0,21.096802973977695,1.5069144981412639
2026-02-24,SKU-1007,Sugar,635.0,0,9499.0,14,False,False,False,484.0,488.42857142857144,475.89285714285717,102.01609868807171,0.2143677871118955,0.9958847736625515,0,0.0,19.44808423515648,1.3891488739397484
2026-02-25,SKU-1007,Sugar,647.0,0,8852.0,14,False,False,False,497.7142857142857,490.42857142857144,482.4642857142857,106.961219051357,0.2216976929038416,1.0076644974692697,0,0.0,18.0495193708127,1.2892513836294786
2026-02-26,SKU-1007,Sugar,408.0,0,8444.0,14,False,False,False,512.7142857142857,483.5,477.17857142857144,106.84951465995894,0.22391934813852632,1.064669237614951,0,0.0,17.464322647362977,1.247451617668784
2026-02-27,SKU-1007,Sugar,500.0,0,7944.0,14,False,False,False,532.4285714285714,482.2142857142857,474.35714285714283,105.0898079019451,0.22154153149032244,1.1581727781230577,0,0.0,16.474003851281292,1.1767145608058065
2026-02-28,SKU-1007,Sugar,270.0,0,7674.0,14,False,False,False,498.42857142857144,481.85714285714283,469.60714285714283,111.25923658226189,0.2369198132408041,1.0790165455388898,0,0.0,15.925882004150608,1.137563000296472
2026-03-01,SKU-1007,Sugar,362.0,0,7312.0,14,False,False,False,472.42857142857144,470.57142857142856,469.25,111.59968969822782,0.23782565732174282,1.0028809704321455,0,0.0,15.538554948391015,1.1098967820279297
2026-03-02,SKU-1007,Sugar,414.0,0,6898.0,14,False,False,False,462.2857142857143,456.2857142857143,471.17857142857144,110.09829062198737,0.23366574224328404,0.9623791821561338,0,0.0,15.117720726361929,1.0798371947401377
2026-03-03,SKU-1007,Sugar,666.0,0,6232.0,14,False,False,False,466.7142857142857,475.35714285714283,480.67857142857144,115.0919289802813,0.2394363631360336,0.9555425563030125,0,0.0,13.110142749812171,0.9364387678437265
2026-03-04,SKU-1007,Sugar,501.0,0,5731.0,14,False,False,False,445.85714285714283,471.7857142857143,482.85714285714283,114.87052753094717,0.2378975422238551,0.9091173900378676,0,0.0,12.147464042392127,0.8676760030280091
2026-03-05,SKU-1007,Sugar,587.0,0,5144.0,14,False,False,False,471.42857142857144,492.07142857142856,486.82142857142856,116.5285066288196,0.2393660175780903,0.9750332397695376,0,0.0,10.453766874727828,0.7466976339091306
2026-03-06,SKU-1007,Sugar,455.0,0,4689.0,14,False,False,False,465.0,498.7142857142857,479.2142857142857,111.08833893626749,0.23181349606614174,0.9643015849503777,0,0.0,9.402177026639931,0.6715840733314237
2026-03-07,SKU-1007,Sugar,365.0,8377,12701.0,14,False,False,False,478.57142857142856,488.5,475.2142857142857,113.16796992961133,0.23814092574997123,0.9931811443818559,0,0.0,26.0,1.8571428571428572
2026-03-08,SKU-1007,Sugar,556.0,0,12145.0,14,False,False,False,506.2857142857143,489.35714285714283,480.2142857142857,113.54697417331447,0.2364506378739257,1.0758955676988464,0,0.0,24.818274704422713,1.7727339074587651
2026-03-09,SKU-1007,Sugar,455.0,0,11690.0,14,False,False,False,512.1428571428571,487.2142857142857,483.7857142857143,111.0069591221423,0.22945480993798795,1.1224170319348779,0,0.0,23.993549332942383,1.7138249523530273
2026-03-10,SKU-1007,Sugar,595.0,0,11095.0,14,False,False,False,502.0,484.35714285714283,486.39285714285717,112.7807900919151,0.23187180575472666,1.0560480841472577,0,0.0,22.906650936440055,1.636189352602861
2026-03-11,SKU-1007,Sugar,466.0,0,10629.0,14,False,False,False,497.0,471.42857142857144,480.92857142857144,109.78461356520492,0.2282763389147288,1.053444360333081,0,0.0,22.546363636363637,1.6104545454545456
2026-03-12,SKU-1007,Sugar,340.0,0,10289.0,14,False,False,False,461.7142857142857,466.57142857142856,475.0357142857143,112.83074250853115,0.2375205465934044,0.9383074466540863,0,0.0,22.052357624004898,1.5751684017146357
2026-03-13,SKU-1007,Sugar,263.0,0,10026.0,14,False,False,False,434.2857142857143,449.64285714285717,465.92857142857144,119.33796656785411,0.2561293165644577,0.8708106559725007,0,0.0,22.297696584590945,1.5926926131850674
2026-03-14,SKU-1007,Sugar,371.0,0,9655.0,14,False,False,False,435.14285714285717,456.85714285714283,469.35714285714283,114.9477221869961,0.24490459756778962,0.890773504898377,0,0.0,21.13352095059412,1.5095372107567229
2026-03-15,SKU-1007,Sugar,395.0,0,9260.0,14,False,False,False,412.14285714285717,459.2142857142857,464.89285714285717,115.33472680138107,0.2480888338663801,0.8422128156473508,0,0.0,20.164877897029086,1.4403484212163633
2026-03-16,SKU-1007,Sugar,337.0,0,8923.0,14,False,False,False,395.2857142857143,453.7142857142857,455.0,113.94280566566265,0.2504237487157421,0.8113179885647266,0,0.0,19.66656171284635,1.4047544080604535
2026-03-17,SKU-1007,Sugar,659.0,0,8264.0,14,False,False,False,404.42857142857144,453.2142857142857,464.2857142857143,119.66089653153264,0.25773116176022415,0.8349800914319423,0,0.0,18.234200157604413,1.302442868400315
2026-03-18,SKU-1007,Sugar,604.0,0,7660.0,14,False,False,False,424.14285714285717,460.57142857142856,466.17857142857144,121.48862271725469,0.2606053348719169,0.8996969696969698,0,0.0,16.63151364764268,1.1879652605459057
2026-03-19,SKU-1007,Sugar,782.0,0,6878.0,14,False,False,False,487.2857142857143,474.5,483.2857142857143,131.01140949546883,0.2710847964730363,1.0443968156766688,0,0.0,14.495258166491043,1.0353755833207887
2026-03-20,SKU-1007,Sugar,352.0,0,6526.0,14,False,False,False,500.0,467.14285714285717,482.92857142857144,131.3674317188325,0.2720224883987066,1.1119936457505957,0,0.0,13.970030581039754,0.9978593272171253
2026-03-21,SKU-1007,Sugar,349.0,0,6177.0,14,False,False,False,496.85714285714283,466.0,477.25,133.66005109702473,0.2800629672017281,1.0875547217010633,0,0.0,13.255364806866952,0.946811771919068
2026-03-22,SKU-1007,Sugar,306.0,0,5871.0,14,False,False,False,484.14285714285717,448.14285714285717,468.75,136.789003510814,0.2918165408230699,1.0542852698708975,0,0.0,13.100733184571245,0.9357666560408032
2026-03-23,SKU-1007,Sugar,481.0,9380,14770.0,14,False,False,False,504.7142857142857,450.0,468.60714285714283,136.77349193187288,0.2918724010435516,1.112405541561713,0,0.0,32.82222222222222,2.3444444444444446
2026-03-24,SKU-1007,Sugar,537.0,0,14233.0,14,False,False,False,487.2857142857143,445.85714285714283,465.10714285714283,133.57432090918226,0.28719043119535465,1.075177304964539,0,0.0,31.922781159884654,2.2801986542774753
2026-03-25,SKU-1007,Sugar,180.0,0,14053.0,14,False,False,False,426.7142857142857,425.42857142857144,448.42857142857144,139.06418144456381,0.31011445368332163,0.9264888337468983,0,0.0,33.032572196104766,2.359469442578912
2026-03-26,SKU-1007,Sugar,446.0,0,13607.0,14,False,False,False,378.7142857142857,433.0,449.7857142857143,138.8402645042822,0.30868091203111814,0.7981333734758392,0,0.0,31.424942263279444,2.244638733091389
2026-03-27,SKU-1007,Sugar,525.0,0,13082.0,14,False,False,False,403.42857142857144,451.7142857142857,450.67857142857144,139.25490976687283,0.30898941861260315,0.8636085626911315,0,0.0,28.96078431372549,2.0686274509803924
2026-03-28,SKU-1007,Sugar,285.0,0,12797.0,14,False,False,False,394.2857142857143,445.57142857142856,451.2142857142857,138.56121982795779,0.30708517929260865,0.8461066830165542,0,0.0,28.720423212568132,2.051458800897724
2026-03-29,SKU-1007,Sugar,430.0,0,12367.0,14,False,False,False,412.0,448.07142857142856,453.64285714285717,137.5317375589316,0.3031718352739793,0.9193496971628944,0,0.0,27.600510122748286,1.9714650087677348
2026-03-30,SKU-1007,Sugar,666.0,0,11701.0,14,False,False,False,438.42857142857144,471.57142857142856,462.64285714285717,142.9789454289646,0.30904820688675383,0.9742857142857143,0,0.0,24.812784004847018,1.7723417146319298
2026-03-31,SKU-1007,Sugar,478.0,0,11223.0,14,False,False,False,430.0,458.64285714285717,455.92857142857144,137.38023162860094,0.3013196369732748,0.9644344761294458,0,0.0,24.47002024606759,1.747858589004828
2026-04-01,SKU-1007,Sugar,382.0,0,10841.0,14,False,False,False,458.85714285714283,442.7857142857143,451.67857142857144,137.77438711905688,0.30502750370313847,1.0785762256548017,0,0.0,24.483626391353443,1.748830456525246
2026-04-02,SKU-1007,Sugar,431.0,0,10410.0,14,False,False,False,456.7142857142857,417.7142857142857,446.10714285714283,135.23021229540507,0.30313393197272775,1.0547674034971957,0,0.0,24.921340629274965,1.7800957592339262
2026-04-03,SKU-1007,Sugar,400.0,0,10010.0,14,False,False,False,438.85714285714283,421.14285714285717,444.14285714285717,135.49544594935978,0.30507176637038225,0.9715370018975331,0,0.0,23.768656716417908,1.6977611940298505
2026-04-04,SKU-1007,Sugar,263.0,0,9747.0,14,False,False,False,435.7142857142857,415.0,440.5,139.0271756008715,0.31561220340719975,0.9778775248477076,0,0.0,23.486746987951808,1.6776247848537005
2026-04-05,SKU-1007,Sugar,679.0,0,9068.0,14,False,False,False,471.2857142857143,441.64285714285717,444.89285714285717,144.64166176264817,0.32511572042659936,1.051809341622828,0,0.0,20.53242762413068,1.4666019731521913
2026-04-06,SKU-1007,Sugar,558.0,0,8510.0,14,False,False,False,455.85714285714283,447.14285714285717,448.57142857142856,146.2094967203462,0.32594473791159984,0.9666767646167828,0,0.0,19.031948881789138,1.3594249201277955
2026-04-07,SKU-1007,Sugar,692.0,0,7818.0,14,False,False,False,486.42857142857144,458.2142857142857,452.0357142857143,150.8819705850207,0.33378329591376943,1.0605824637906869,0,0.0,17.061886204208886,1.2187061574434919
2026-04-08,SKU-1007,Sugar,381.0,0,7437.0,14,False,False,False,486.2857142857143,472.57142857142856,449.0,151.44464824311714,0.33729320321406936,1.0982416518793354,0,0.0,15.737303506650544,1.124093107617896
2026-04-09,SKU-1007,Sugar,420.0,0,7017.0,14,False,False,False,484.7142857142857,470.7142857142857,451.85714285714283,150.06041111541373,0.33209702112168704,1.1603967168262654,0,0.0,14.907132018209408,1.064795144157815
2026-04-10,SKU-1007,Sugar,164.0,0,6853.0,14,False,False,False,451.0,444.92857142857144,448.32142857142856,155.73411661985014,0.3473715657895168,1.0708955223880596,0,0.0,15.402472306951356,1.1001765933536682
2026-04-11,SKU-1007,Sugar,449.0,0,6404.0,14,False,False,False,477.57142857142856,456.64285714285717,451.10714285714283,154.99566046152634,0.34358946187338596,1.150774526678141,0,0.0,14.024088847176598,1.0017206319411855
2026-04-12,SKU-1007,Sugar,301.0,0,6103.0,14,False,False,False,423.57142857142856,447.42857142857144,447.75,157.25742636883052,0.35121703264953774,0.9590813520944524,0,0.0,13.640166028097061,0.9742975734355044
2026-04-13,SKU-1007,Sugar,373.0,0,5730.0,14,False,False,False,397.14285714285717,426.5,449.0357142857143,156.46357572643075,0.3484434995896016,0.8881789137380192,0,0.0,13.434935521688159,0.9596382515491542
2026-04-14,SKU-1007,Sugar,328.0,7973,13375.0,14,False,False,False,345.14285714285717,415.7857142857143,437.2142857142857,152.46550481577844,0.34872031815404314,0.7532346063912705,0,0.0,32.168012369008764,2.2977151692149116
2026-04-15,SKU-1007,Sugar,356.0,0,13019.0,14,False,False,False,341.57142857142856,413.92857142857144,428.35714285714283,149.59407155160343,0.34922744734408007,0.7227932285368803,0,0.0,31.452286453839516,2.2465918895599652
2026-04-16,SKU-1007,Sugar,429.0,0,12590.0,14,False,False,False,342.85714285714283,413.7857142857143,415.75,132.5956328536195,0.31893116741700417,0.7283763277693475,0,0.0,30.426376661488003,2.1733126186777145
2026-04-17,SKU-1007,Sugar,622.0,0,11968.0,14,False,False,False,408.2857142857143,429.64285714285717,425.39285714285717,137.51426573422586,0.3232641625857043,0.9176432814255899,0,0.0,27.85569409808811,1.9896924355777224
2026-04-18,SKU-1007,Sugar,448.0,0,11520.0,14,False,False,False,408.14285714285717,442.85714285714283,428.92857142857144,136.74792396594074,0.3188128119106029,0.8937900829031754,0,0.0,26.012903225806454,1.8580645161290323
2026-04-19,SKU-1007,Sugar,339.0,0,11181.0,14,False,False,False,413.57142857142856,418.57142857142856,430.10714285714283,135.78805360798685,0.3157075065202717,0.9243295019157087,0,0.0,26.712286689419795,1.9080204778156997
2026-04-20,SKU-1007,Sugar,358.0,0,10823.0,14,False,False,False,411.42857142857144,404.2857142857143,425.7142857142857,136.0699322224659,0.31962735756955074,0.9646625355886786,0,0.0,26.770671378091873,1.912190812720848
2026-04-21,SKU-1007,Sugar,417.0,0,10406.0,14,False,False,False,424.14285714285717,384.64285714285717,421.42857142857144,134.31346105326088,0.31870990758400886,1.0200996392372446,0,0.0,27.05366759517177,1.9324048282265551
2026-04-22,SKU-1007,Sugar,551.0,0,9855.0,14,False,False,False,452.0,396.7857142857143,434.67857142857144,127.75382970890153,0.29390413539144217,1.0919758412424503,0,0.0,24.837083708370837,1.7740774077407742
2026-04-23,SKU-1007,Sugar,547.0,0,9308.0,14,False,False,False,468.85714285714283,405.85714285714283,438.2857142857143,129.49927989013491,0.2954677181326416,1.1330916623511134,0,0.0,22.9341781063006,1.6381555790214715
2026-04-24,SKU-1007,Sugar,279.0,0,9029.0,14,False,False,False,419.85714285714283,414.07142857142856,429.5,131.72403813360046,0.30669159053224787,0.9772236076475477,0,0.0,21.805416594790408,1.5575297567707433
2026-04-25,SKU-1007,Sugar,539.0,0,8490.0,14,False,False,False,432.85714285714283,420.5,438.57142857142856,130.14078660675273,0.2967379499176772,0.9774193548387097,0,0.0,20.19024970273484,1.4421606930524884
2026-04-26,SKU-1007,Sugar,413.0,0,8077.0,14,False,False,False,443.42857142857144,428.5,437.9642857142857,130.22188532650503,0.2973344849663329,1.0593856655290104,0,0.0,18.849474912485416,1.3463910651775297
2026-04-27,SKU-1007,Sugar,509.0,0,7568.0,14,False,False,False,465.0,438.2142857142857,432.35714285714283,123.2318544333808,0.2850232879675089,1.1501766784452296,0,0.0,17.270089649551753,1.2335778321108395
2026-04-28,SKU-1007,Sugar,268.0,0,7300.0,14,False,False,False,443.7142857142857,433.92857142857144,424.85714285714283,126.69289619820819,0.2982011679177732,1.1535747446610956,0,0.0,16.82304526748971,1.2016460905349793
2026-04-29,SKU-1007,Sugar,689.0,0,6611.0,14,False,False,False,463.42857142857144,457.7142857142857,435.82142857142856,135.80324917605063,0.3116029645930851,1.167956795679568,0,0.0,14.44350811485643,1.0316791510611736
2026-04-30,SKU-1007,Sugar,463.0,0,6148.0,14,False,False,False,451.42857142857144,460.14285714285717,436.9642857142857,135.8957885437049,0.31099976127697077,1.1122844068989794,0,0.0,13.361067991307047,0.9543619993790748
2026-05-01,SKU-1007,Sugar,485.0,0,5663.0,14,False,False,False,480.85714285714283,450.35714285714283,440.0,135.98883396427433,0.30906553173698714,1.1612903225806452,0,0.0,12.574464710547186,0.8981760507533705
2026-05-02,SKU-1007,Sugar,428.0,0,5235.0,14,False,False,False,465.0,448.92857142857144,445.89285714285717,131.53688098096694,0.2949966093285602,1.1058263971462545,0,0.0,11.66109785202864,0.8329355608591885
2026-05-03,SKU-1007,Sugar,413.0,0,4822.0,14,False,False,False,465.0,454.2142857142857,436.39285714285717,123.43369468717606,0.28284994281372694,1.0851808634772462,0,0.0,10.616134612360433,0.7582953294543167
2026-05-04,SKU-1007,Sugar,204.0,0,4618.0,14,False,False,False,421.42857142857144,443.2142857142857,423.75,128.54041733590606,0.3033402179018432,0.9616951915240424,0,0.0,10.419339242546334,0.7442385173247381
2026-05-05,SKU-1007,Sugar,1213.0,8352,11757.0,14,False,False,False,556.4285714285714,500.07142857142856,442.35714285714283,191.23133446280002,0.43230077223949626,1.2823045267489712,0,0.0,23.510641336951863,1.6793315240679902
2026-05-06,SKU-1007,Sugar,461.0,0,11296.0,14,False,False,False,523.8571428571429,493.64285714285717,445.2142857142857,190.8779631738479,0.4287327907001236,1.1445068664169789,0,0.0,22.88294024019679,1.6344957314426278
2026-05-07,SKU-1007,Sugar,497.0,0,10799.0,14,False,False,False,528.7142857142857,490.07142857142856,447.9642857142857,191.0558347985793,0.42649791711394563,1.1490220428438371,0,0.0,22.035563328960794,1.5739688092114854
2026-05-08,SKU-1007,Sugar,597.0,0,10202.0,14,False,False,False,544.7142857142857,512.7857142857143,463.42857142857144,184.63606416536342,0.39841320874153635,1.2095162569389373,0,0.0,19.89525003482379,1.4210892882016992
2026-05-09,SKU-1007,Sugar,451.0,0,9751.0,14,False,False,False,548.0,506.5,463.5,184.63066235455446,0.3983401561047561,1.220684168655529,0,0.0,19.25172754195459,1.3751233958538993
2026-05-10,SKU-1007,Sugar,393.0,0,9358.0,14,False,False,False,545.1428571428571,505.07142857142856,466.7857142857143,182.43727631259958,0.39083731727259285,1.2001887089164962,0,0.0,18.528072408428795,1.3234337434591996
2026-05-11,SKU-1007,Sugar,570.0,0,8788.0,14,False,False,False,597.4285714285714,509.42857142857144,473.82142857142856,182.4851193469451,0.3851347962398781,1.347945205479452,0,0.0,17.25070106561974,1.2321929332585528
2026-05-12,SKU-1007,Sugar,706.0,0,8082.0,14,False,False,False,525.0,540.7142857142857,487.32142857142856,185.25878867969746,0.38015727981176467,1.0498500214255106,0,0.0,14.946895640686924,1.0676354029062087
2026-05-13,SKU-1007,Sugar,514.0,0,7568.0,14,False,False,False,532.5714285714286,528.2142857142857,492.9642857142857,183.50870039780983,0.37225556843720026,1.0788597887425841,0,0.0,14.327518593644356,1.0233941852603112
2026-05-14,SKU-1007,Sugar,484.0,0,7084.0,14,False,False,False,530.7142857142857,529.7142857142857,494.92857142857144,183.09255473088905,0.36993733096153075,1.0829325171257833,0,0.0,13.37324703344121,0.9552319309600864
2026-05-15,SKU-1007,Sugar,430.0,0,6654.0,14,False,False,False,506.85714285714283,525.7857142857143,488.07142857142856,181.74767379864022,0.3723792526241714,0.9884385011840088,0,0.0,12.655345741067789,0.9039532672191278
2026-05-16,SKU-1007,Sugar,339.0,0,6315.0,14,False,False,False,490.85714285714283,519.4285714285714,484.17857142857144,183.7935745403741,0.37959873770970526,0.9691157805669157,0,0.0,12.157590759075907,0.8683993399339933
2026-05-17,SKU-1007,Sugar,463.0,0,5852.0,14,False,False,False,500.85714285714283,523.0,488.60714285714283,181.64726487337717,0.37176547156308465,0.99165605996323,0,0.0,11.189292543021033,0.7992351816443595
2026-05-18,SKU-1007,Sugar,607.0,0,5245.0,14,False,False,False,506.14285714285717,551.7857142857143,497.5,181.1106680294512,0.36404154377779135,0.9935501962983735,0,0.0,9.505501618122976,0.6789644012944983
2026-05-19,SKU-1007,Sugar,688.0,0,4557.0,14,False,False,False,503.57142857142856,514.2857142857143,507.17857142857144,183.86952974393006,0.3625341055439787,0.9313077939233818,0,0.0,8.860833333333332,0.6329166666666666
2026-05-20,SKU-1007,Sugar,479.0,0,4078.0,14,False,False,False,498.57142857142856,515.5714285714286,504.60714285714283,183.73740103659503,0.3641196991311955,0.9438810006761326,0,0.0,7.909670268772514,0.5649764477694653
2026-05-21,SKU-1007,Sugar,545.0,0,3533.0,14,False,False,False,507.2857142857143,519.0,504.5357142857143,183.7206982719829,0.3641381433861062,0.9576591154261058,0,0.0,6.807321772639692,0.4862372694742637
2026-05-22,SKU-1007,Sugar,587.0,0,2946.0,14,False,False,False,529.7142857142857,518.2857142857143,515.5357142857143,178.87352911481742,0.3469663190311664,1.0074718108952585,0,0.0,5.68412348401323,0.4060088202866593
2026-05-23,SKU-1007,Sugar,324.0,9826,12448.0,14,False,False,False,527.5714285714286,509.2142857142857,507.85714285714283,182.40872182804694,0.3591732919258308,1.0156765676567656,0,0.0,24.4455042782999,1.7461074484499928
2026-05-24,SKU-1007,Sugar,461.0,0,11987.0,14,False,False,False,527.2857142857143,514.0714285714286,509.57142857142856,181.7084413888295,0.35659071761194466,1.008194482381863,0,0.0,23.317771293594554,1.665555092399611
2026-05-25,SKU-1007,Sugar,397.0,0,11590.0,14,False,False,False,497.2857142857143,501.7142857142857,505.57142857142856,182.94998882945694,0.3618677371591406,0.9012297734627831,0,0.0,23.100797266514807,1.6500569476082005
2026-05-26,SKU-1007,Sugar,460.0,0,11130.0,14,False,False,False,464.7142857142857,484.14285714285717,512.4285714285714,177.22436680794266,0.3458518448998045,0.903611111111111,0,0.0,22.989082325169665,1.6420773089406904
2026-05-27,SKU-1007,Sugar,1284.0,0,9846.0,14,False,False,False,579.7142857142857,539.1428571428571,533.6785714285714,227.671799774804,0.4266084717723691,1.1244111942366306,0,0.0,18.262321144674086,1.3044515103338632
2026-05-28,SKU-1007,Sugar,506.0,0,9340.0,14,False,False,False,574.1428571428571,540.7142857142857,535.2142857142857,227.3221497970662,0.4247310953101464,1.1062482796586843,0,0.0,17.273447820343463,1.2338177014531044
2026-05-29,SKU-1007,Sugar,436.0,0,8904.0,14,False,False,False,552.5714285714286,541.1428571428571,533.4642857142857,227.91087961661478,0.4272279995491206,1.0661521499448732,0,0.0,16.454065469904965,1.1752903907074974
2026-05-30,SKU-1007,Sugar,213.0,0,8691.0,14,False,False,False,536.7142857142857,532.1428571428571,525.7857142857143,235.1039733966194,0.44714789125834414,1.0540047692523495,0,0.0,16.332080536912752,1.1665771812080536
2026-05-31,SKU-1007,Sugar,329.0,0,8362.0,14,False,False,False,517.8571428571429,522.5714285714286,522.7857142857143,237.12371472431033,0.4535772654926007,1.0073641795192443,0,0.0,16.001640240568616,1.1429743028977584
2026-06-01,SKU-1007,Sugar,519.0,0,7843.0,14,False,False,False,535.2857142857143,516.2857142857143,534.0357142857143,228.76422961495263,0.4283687841382113,1.0669134396355353,0,0.0,15.191200885445488,1.0850857775318206
2026-06-02,SKU-1007,Sugar,592.0,0,7251.0,14,False,False,False,554.1428571428571,509.42857142857144,511.85714285714283,186.74476824159888,0.3648376716972348,1.1445854234287398,0,0.0,14.233595064498036,1.0166853617498597
2026-06-03,SKU-1007,Sugar,641.0,0,6610.0,14,False,False,False,462.2857142857143,521.0,518.2857142857143,188.02302009237087,0.3627787046986207,0.8574456809750928,0,0.0,12.687140115163148,0.9062242939402249
2026-06-04,SKU-1007,Sugar,357.0,0,6253.0,14,False,False,False,441.0,507.57142857142856,513.2857142857143,190.45576080916229,0.37105213628280986,0.8155878467635403,0,0.0,12.31944835350408,0.879960596678863
2026-06-05,SKU-1007,Sugar,562.0,0,5691.0,14,False,False,False,459.0,505.7857142857143,512.0357142857143,190.00028891651667,0.371068430610481,0.8482048574445619,0,0.0,11.251800593136563,0.8037000423668974
2026-06-06,SKU-1007,Sugar,408.0,0,5283.0,14,False,False,False,486.85714285714283,511.7857142857143,510.5,190.68443973107918,0.37352485745559094,0.9148993288590604,0,0.0,10.32267969295185,0.737334263782275
2026-06-07,SKU-1007,Sugar,315.0,0,4968.0,14,False,False,False,484.85714285714283,501.35714285714283,507.7142857142857,193.02002527906313,0.3801745011123922,0.9278294149808638,0,0.0,9.909103860948854,0.7077931329249181
2026-06-08,SKU-1007,Sugar,410.0,7180,11738.0,14,False,False,False,469.2857142857143,502.2857142857143,502.0,193.4756181404128,0.3854095978892685,0.9089651355838405,0,0.0,23.369169510807737,1.669226393629124
2026-06-09,SKU-1007,Sugar,451.0,0,11287.0,14,False,False,False,449.14285714285717,501.64285714285717,492.89285714285717,189.47771085289403,0.3844196727687148,0.8816601233875491,0,0.0,22.50007119464616,1.6071479424747257
2026-06-10,SKU-1007,Sugar,1147.0,0,10140.0,14,False,False,False,521.4285714285714,491.85714285714283,515.5,226.27818015622898,0.43894894307706883,1.000822593912805,0,0.0,20.61574208539065,1.4725530060993322
2026-06-11,SKU-1007,Sugar,484.0,0,9656.0,14,False,False,False,539.5714285714286,490.2857142857143,515.5,226.27818015622898,0.43894894307706883,1.0630453138193077,0,0.0,19.694638694638694,1.4067599067599068
2026-06-12,SKU-1007,Sugar,238.0,0,9418.0,14,False,False,False,493.2857142857143,476.14285714285717,508.64285714285717,231.80678644808103,0.4557358531488743,0.9752859765569835,0,0.0,19.779777977797778,1.4128412841284128
2026-06-13,SKU-1007,Sugar,434.0,0,8984.0,14,False,False,False,497.0,491.92857142857144,512.0357142857143,229.91938718423597,0.44902998124842064,0.9711095603628751,0,0.0,18.26281399738638,1.3044867140990273
2026-06-14,SKU-1007,Sugar,396.0,0,8588.0,14,False,False,False,508.57142857142856,496.7142857142857,509.64285714285717,230.79559888699887,0.4528575170873138,1.0143895141758086,0,0.0,17.2896174863388,1.2349726775956285
2026-06-15,SKU-1007,Sugar,417.0,0,8171.0,14,False,False,False,509.57142857142856,489.42857142857144,502.85714285714283,230.62021277347426,0.45861974131088634,1.014505119453925,0,0.0,16.69497956800934,1.1924985405720958
2026-06-16,SKU-1007,Sugar,451.0,0,7720.0,14,False,False,False,509.57142857142856,479.35714285714283,494.39285714285717,227.90663118848153,0.4609828558316465,1.015805211448099,0,0.0,16.104902399046342,1.150350171360453
2026-06-17,SKU-1007,Sugar,631.0,0,7089.0,14,False,False,False,435.85714285714283,478.64285714285717,499.82142857142856,229.33221149134985,0.4588282902292102,0.8861458030787104,0,0.0,14.810625279808983,1.0579018057006417
2026-06-18,SKU-1007,Sugar,462.0,0,6627.0,14,False,False,False,432.7142857142857,486.14285714285717,496.85714285714283,229.26302447523975,0.4614264437397005,0.8825757575757576,0,0.0,13.631795474581251,0.9736996767558036
2026-06-19,SKU-1007,Sugar,346.0,0,6281.0,14,False,False,False,448.14285714285717,470.7142857142857,488.25,230.27513736591033,0.47163366588000066,0.9411941194119412,0,0.0,13.343550834597876,0.9531107738998482
2026-06-20,SKU-1007,Sugar,302.0,0,5979.0,14,False,False,False,429.2857142857143,463.14285714285717,487.4642857142857,230.8930299291021,0.47366142853065124,0.8726586322056047,0,0.0,12.909623689080814,0.9221159777914867
2026-06-21,SKU-1007,Sugar,950.0,0,5029.0,14,False,False,False,508.42857142857144,508.5,504.92857142857144,246.76513478616005,0.4887129561474382,1.0235835490365257,0,0.0,9.889872173058015,0.7064194409327154
2026-06-22,SKU-1007,Sugar,418.0,0,4611.0,14,False,False,False,508.57142857142856,509.07142857142856,505.67857142857144,246.45667541607156,0.48737812780916756,1.0391126678342089,0,0.0,9.057668023011084,0.6469762873579346
2026-06-23,SKU-1007,Sugar,589.0,0,4022.0,14,False,False,False,528.2857142857143,518.9285714285714,510.2857142857143,246.77668074340036,0.48360491747026946,1.1020712263448071,0,0.0,7.750584996558843,0.5536132140399174
2026-06-24,SKU-1007,Sugar,1110.0,8984,11896.0,14,False,False,False,596.7142857142857,516.2857142857143,504.07142857142856,228.0519642816049,0.4524199376424074,1.2466796000596925,0,0.0,23.04150525733259,1.645821804095185
2026-06-25,SKU-1007,Sugar,426.0,0,11470.0,14,False,False,False,591.5714285714286,512.1428571428571,501.2142857142857,228.5275503519023,0.45594779890646037,1.2168674698795179,0,0.0,22.396094839609486,1.5997210599721061
2026-06-26,SKU-1007,Sugar,358.0,0,11112.0,14,False,False,False,593.2857142857143,520.7142857142857,498.42857142857144,229.8236729210475,0.46109650629043636,1.2603945371775418,0,0.0,21.339917695473254,1.5242798353909468
2026-06-27,SKU-1007,Sugar,339.0,0,10773.0,14,False,False,False,598.5714285714286,513.9285714285714,502.92857142857144,225.21527620239402,0.44780767885719586,1.2924120913016655,0,0.0,20.962056984016677,1.4972897845726199
2026-06-28,SKU-1007,Sugar,489.0,0,10284.0,14,False,False,False,532.7142857142857,520.5714285714286,508.64285714285717,222.65406056892533,0.43774144754458005,1.0476190476190474,0,0.0,19.755214050493965,1.411086717892426
2026-06-29,SKU-1007,Sugar,671.0,0,9613.0,14,False,False,False,568.8571428571429,538.7142857142857,514.0714285714286,224.75895377400937,0.4372134712847202,1.1174407183948367,0,0.0,17.844338371784673,1.2745955979846195
2026-01-01,SKU-1008,Sugar,77.0,0,291.0,5,False,False,False,,,,,,,0,,,
2026-01-02,SKU-1008,Sugar,80.0,0,211.0,5,False,False,False,,,,,,,0,,,
2026-01-03,SKU-1008,Sugar,71.0,0,140.0,5,False,False,False,76.0,,,,,,0,,,
2026-01-04,SKU-1008,Sugar,53.0,0,87.0,5,False,False,False,70.25,,,,,,0,,,
2026-01-05,SKU-1008,Sugar,92.0,0,0.0,5,False,False,False,74.6,74.6,,,,,1,0.2,0.0,0.0
2026-01-06,SKU-1008,Sugar,102.0,0,0.0,5,False,False,False,79.16666666666667,79.16666666666667,,,,,1,0.3333333333333333,0.0,0.0
2026-01-07,SKU-1008,Sugar,84.0,0,0.0,5,False,False,False,79.85714285714286,79.85714285714286,79.85714285714286,15.614401167176533,0.19552917382868645,,1,0.42857142857142855,0.0,0.0
2026-01-08,SKU-1008,Sugar,88.0,565,477.0,5,False,False,False,81.42857142857143,80.875,80.875,14.740008722618086,0.18225667663206288,,0,0.375,5.897990726429676,1.1795981452859352
2026-01-09,SKU-1008,Sugar,72.0,0,405.0,5,False,True,False,80.28571428571429,79.88888888888889,79.88888888888889,14.101812334275023,0.17651781781429096,,0,0.3333333333333333,5.069541029207232,1.0139082058414464
2026-01-10,SKU-1008,Sugar,80.0,0,325.0,5,False,False,False,81.57142857142857,79.9,79.9,13.295362600044676,0.16640003254123498,,0,0.3,4.06758448060075,0.8135168961201501
2026-01-11,SKU-1008,Sugar,80.0,0,245.0,5,False,False,False,85.42857142857143,79.9090909090909,79.9090909090909,12.613124477737827,0.1578434234984256,,0,0.2727272727272727,3.0659840728100116,0.6131968145620024
2026-01-12,SKU-1008,Sugar,72.0,474,647.0,5,False,False,False,82.57142857142857,79.25,79.25,12.24095213171382,0.15445996380711446,1.1068556108770586,0,0.25,8.16403785488959,1.6328075709779182
2026-01-13,SKU-1008,Sugar,85.0,0,562.0,5,False,False,False,80.14285714285714,79.6923076923077,79.6923076923077,11.827824647729436,0.14841864905451996,1.012330827067669,0,0.23076923076923078,7.052123552123552,1.4104247104247105
2026-01-14,SKU-1008,Sugar,83.0,0,479.0,5,False,False,False,80.0,79.92857142857143,79.92857142857143,11.398139427888328,0.14260406790923735,1.0017889087656529,0,0.21428571428571427,5.9928507596067915,1.1985701519213583
2026-01-15,SKU-1008,Sugar,78.0,0,401.0,5,False,False,False,78.57142857142857,80.0,79.8,10.99480396758916,0.1377794983407163,0.9715168911459483,0,0.2,5.0125,1.0025
2026-01-16,SKU-1008,Sugar,84.0,0,317.0,5,False,False,False,80.28571428571429,80.28571428571429,80.0625,10.673760661859845,0.1333178537000449,1.0049672163719452,0,0.1875,3.948398576512455,0.789679715302491
2026-01-17,SKU-1008,Sugar,62.0,0,255.0,5,False,False,False,77.71428571428571,79.64285714285714,79.0,11.224972160321824,0.14208825519394713,0.9726443768996959,0,0.17647058823529413,3.2017937219730945,0.6403587443946189
2026-01-18,SKU-1008,Sugar,63.0,0,192.0,5,False,False,False,75.28571428571429,80.35714285714286,78.11111111111111,11.524341955892313,0.1475378059787067,0.9421420445311232,0,0.16666666666666666,2.389333333333333,0.4778666666666666
2026-01-19,SKU-1008,Sugar,91.0,0,101.0,5,False,False,False,78.0,80.28571428571429,78.78947368421052,11.58341221732574,0.14701725593132203,0.9842271293375394,0,0.15789473684210525,1.2580071174377223,0.25160142348754444
2026-01-20,SKU-1008,Sugar,109.0,0,0.0,5,False,False,False,81.42857142857143,80.78571428571429,80.3,13.143339317732485,0.16367794916229744,1.0217870932156647,1,0.2,0.0,0.0
2026-01-21,SKU-1008,Sugar,92.0,0,0.0,5,False,False,False,82.71428571428571,81.35714285714286,80.85714285714286,13.062487183862476,0.16155019485342284,1.0348525469168899,1,0.23809523809523808,0.0,0.0
2026-01-22,SKU-1008,Sugar,82.0,0,0.0,5,False,False,False,83.28571428571429,80.92857142857143,80.9090909090909,12.750010610300313,0.15758440080146455,1.0410714285714286,1,0.2727272727272727,0.0,0.0
2026-01-23,SKU-1008,Sugar,82.0,624,542.0,5,False,False,False,83.0,81.64285714285714,80.95652173913044,12.458944435331901,0.15389673577477644,1.0338078291814945,0,0.2608695652173913,6.638670166229222,1.3277340332458443
2026-01-24,SKU-1008,Sugar,82.0,0,460.0,5,False,False,False,85.85714285714286,81.78571428571429,81.0,12.18694954163817,0.15045616718071814,1.0780269058295966,0,0.25,5.6244541484716155,1.1248908296943232
2026-01-25,SKU-1008,Sugar,95.0,486,851.0,5,False,True,False,90.42857142857143,82.85714285714286,81.56,12.254522974532028,0.1502516303890636,1.1253333333333333,0,0.24,10.270689655172413,2.0541379310344827
2026-01-26,SKU-1008,Sugar,68.0,0,783.0,5,False,False,False,87.14285714285714,82.57142857142857,81.03846153846153,12.297904762131699,0.15175392682269775,1.085409252669039,0,0.23076923076923078,9.482698961937716,1.8965397923875433
2026-01-27,SKU-1008,Sugar,93.0,0,690.0,5,False,False,False,84.85714285714286,83.14285714285714,81.48148148148148,12.27683989147035,0.1506703077589543,1.0503978779840848,0,0.2222222222222222,8.29896907216495,1.6597938144329898
2026-01-28,SKU-1008,Sugar,86.0,0,604.0,5,False,False,False,84.0,83.35714285714286,81.64285714285714,12.077571149354695,0.14793175511020623,1.0324846356453028,0,0.21428571428571427,7.245929734361611,1.4491859468723223
2026-01-29,SKU-1008,Sugar,92.0,0,512.0,5,False,False,False,85.42857142857143,84.35714285714286,82.17857142857143,12.196094005652341,0.14840966195491767,1.055604589585172,0,0.21428571428571427,6.069432684165961,1.2138865368331921
2026-01-30,SKU-1008,Sugar,72.0,0,440.0,5,False,False,False,84.0,83.5,81.89285714285714,12.34185677162997,0.1507073657242212,1.0288713910761156,0,0.21428571428571427,5.269461077844311,1.0538922155688621
2026-01-31,SKU-1008,Sugar,70.0,611,981.0,5,False,False,False,82.28571428571429,84.07142857142857,81.85714285714286,12.37594526345447,0.15118955819228846,1.006113537117904,0,0.21428571428571427,11.668649107901444,2.333729821580289
2026-02-01,SKU-1008,Sugar,83.0,0,898.0,5,False,False,False,80.57142857142857,85.5,82.92857142857143,11.008173971185874,0.13274283858449804,0.9724137931034482,0,0.21428571428571427,10.502923976608187,2.1005847953216374
2026-02-02,SKU-1008,Sugar,55.0,0,843.0,5,False,False,False,78.71428571428571,82.92857142857143,81.60714285714286,12.050324371580935,0.14766261812002895,0.9532871972318339,0,0.17857142857142858,10.165374677002584,2.0330749354005166
2026-02-03,SKU-1008,Sugar,79.0,0,764.0,5,False,False,False,76.71428571428571,80.78571428571429,80.78571428571429,11.373644462518966,0.1407878182805177,0.922680412371134,0,0.14285714285714285,9.45711759504863,1.891423519009726
2026-02-04,SKU-1008,Sugar,85.0,0,679.0,5,False,False,False,76.57142857142857,80.28571428571429,80.82142857142857,11.385675117602727,0.14087446013825733,0.9185946872322193,0,0.10714285714285714,8.45729537366548,1.6914590747330958
2026-02-05,SKU-1008,Sugar,81.0,0,598.0,5,False,False,False,75.0,80.21428571428571,80.57142857142857,11.298733365354527,0.14023250630759165,0.8890770533446232,0,0.10714285714285714,7.455031166518255,1.4910062333036511
2026-02-06,SKU-1008,Sugar,98.0,0,500.0,5,False,False,False,78.71428571428571,81.35714285714286,81.5,11.63169361255257,0.14272016702518492,0.9426860564585114,0,0.10714285714285714,6.145741878841088,1.2291483757682176
2026-02-07,SKU-1008,Sugar,78.0,0,422.0,5,False,False,False,79.85714285714286,81.07142857142857,81.42857142857143,11.647376342394695,0.14303795508204012,0.949872557349193,0,0.10714285714285714,5.205286343612335,1.041057268722467
2026-02-08,SKU-1008,Sugar,93.0,494,823.0,5,False,False,False,81.28571428571429,80.92857142857143,81.89285714285714,11.845734615102119,0.14464917977446984,0.9507101086048455,0,0.10714285714285714,10.16946160635481,2.033892321270962
2026-02-09,SKU-1008,Sugar,112.0,0,711.0,5,False,False,False,89.42857142857143,84.07142857142857,83.32142857142857,12.967348086718285,0.1556304099563275,1.0783807062876831,0,0.10714285714285714,8.457094307561597,1.6914188615123193
2026-02-10,SKU-1008,Sugar,106.0,0,605.0,5,False,False,False,93.28571428571429,85.0,84.07142857142857,13.656984568828783,0.1624450161118122,1.1547303271441203,0,0.10714285714285714,7.117647058823529,1.4235294117647057
2026-02-11,SKU-1008,Sugar,101.0,0,504.0,5,False,False,False,95.57142857142857,86.07142857142857,84.71428571428571,14.023412019051735,0.16553774727379789,1.1903914590747329,0,0.10714285714285714,5.855601659751038,1.1711203319502075
2026-02-12,SKU-1008,Sugar,94.0,0,410.0,5,False,False,False,97.42857142857143,86.21428571428571,85.28571428571429,14.065605918028197,0.1649233524726924,1.2146037399821907,0,0.10714285714285714,4.755592377796189,0.9511184755592378
2026-02-13,SKU-1008,Sugar,98.0,576,888.0,5,False,False,False,97.42857142857143,88.07142857142857,85.78571428571429,14.265620789434173,0.1662936644896573,1.1975417032484634,0,0.10714285714285714,10.08272506082725,2.0165450121654502
2026-02-14,SKU-1008,Sugar,68.0,0,820.0,5,False,False,False,96.0,87.92857142857143,86.0,13.936363306911247,0.16205073612687496,1.1841409691629956,0,0.10714285714285714,9.325751421608448,1.8651502843216896
2026-02-15,SKU-1008,Sugar,87.0,0,733.0,5,False,False,False,95.14285714285714,88.21428571428571,86.85714285714286,13.187295473476048,0.15182741499067817,1.175639894086496,0,0.10714285714285714,8.309311740890688,1.6618623481781376
2026-02-16,SKU-1008,Sugar,66.0,0,667.0,5,False,False,False,88.57142857142857,89.0,85.96428571428571,13.731505117948023,0.15973499929478382,1.0535259133389974,0,0.10714285714285714,7.49438202247191,1.498876404494382
2026-02-17,SKU-1008,Sugar,97.0,0,570.0,5,False,False,False,87.28571428571429,90.28571428571429,85.53571428571429,13.1613410969741,0.15386954100846545,1.0268907563025211,0,0.07142857142857142,6.313291139240506,1.2626582278481011
2026-02-18,SKU-1008,Sugar,101.0,0,469.0,5,False,False,False,87.28571428571429,91.42857142857143,85.85714285714286,13.432173332088906,0.15644794230386413,1.0141078838174276,0,0.03571428571428571,5.1296875,1.0259375
2026-02-19,SKU-1008,Sugar,80.0,0,389.0,5,False,False,False,85.28571428571429,91.35714285714286,85.78571428571429,13.458735681243096,0.15688784307860396,0.9892294946147474,0,0.0,4.258014073494918,0.8516028146989836
2026-02-20,SKU-1008,Sugar,72.0,0,317.0,5,False,False,False,81.57142857142857,89.5,85.42857142857143,13.693546929602551,0.16029235536324055,0.9261962692619627,0,0.0,3.541899441340782,0.7083798882681565
2026-02-21,SKU-1008,Sugar,69.0,0,248.0,5,False,False,False,81.71428571428571,88.85714285714286,84.96428571428571,14.030343156905644,0.1651322439652619,0.9293257514216083,0,0.0,2.7909967845659165,0.5581993569131833
2026-02-22,SKU-1008,Sugar,63.0,0,185.0,5,False,False,False,78.28571428571429,86.71428571428571,83.82142857142857,14.478729152919389,0.17273302781497354,0.8874493927125507,0,0.0,2.1334431630971995,0.4266886326194399
2026-02-23,SKU-1008,Sugar,64.0,557,678.0,5,False,False,False,78.0,83.28571428571429,83.67857142857143,14.659224302222034,0.17518492550670806,0.8764044943820225,0,0.0,8.14065180102916,1.628130360205832
2026-02-24,SKU-1008,Sugar,91.0,0,587.0,5,False,False,False,77.14285714285714,82.21428571428571,83.60714285714286,14.616934080194856,0.1748287715700367,0.8544303797468353,0,0.0,7.139878366637707,1.4279756733275415
2026-02-25,SKU-1008,Sugar,102.0,0,485.0,5,False,False,False,77.28571428571429,82.28571428571429,84.17857142857143,15.021105081970427,0.17844333572132878,0.8453125,0,0.0,5.894097222222221,1.1788194444444442
2026-02-26,SKU-1008,Sugar,80.0,0,405.0,5,False,False,False,77.28571428571429,81.28571428571429,83.75,14.960751119983048,0.1786358342684543,0.8459734167318218,0,0.0,4.982425307557118,0.9964850615114236
2026-02-27,SKU-1008,Sugar,76.0,447,776.0,5,False,False,False,77.85714285714286,79.71428571428571,83.89285714285714,14.863176684814762,0.17716855988710659,0.8699122106943337,0,0.0,9.734767025089607,1.9469534050179214
2026-02-28,SKU-1008,Sugar,60.0,0,716.0,5,False,False,False,76.57142857142857,79.14285714285714,83.53571428571429,15.322416748883155,0.18342354380877654,0.8617363344051446,0,0.0,9.046931407942239,1.8093862815884478
2026-03-01,SKU-1008,Sugar,84.0,0,632.0,5,False,False,False,79.57142857142857,78.92857142857143,83.57142857142857,15.322287256558232,0.1833436081981327,0.9176276771004943,0,0.0,8.007239819004525,1.601447963800905
2026-03-02,SKU-1008,Sugar,105.0,0,527.0,5,False,False,False,85.42857142857143,81.71428571428571,85.35714285714286,14.772883782054716,0.17307144179813055,1.0257289879931388,0,0.0,6.4493006993007,1.28986013986014
2026-03-03,SKU-1008,Sugar,71.0,0,456.0,5,False,False,False,82.57142857142857,79.85714285714286,85.07142857142857,14.97634819610593,0.17604439525229473,1.004344048653345,0,0.0,5.710196779964222,1.1420393559928443
2026-03-04,SKU-1008,Sugar,111.0,0,345.0,5,False,False,False,83.85714285714286,80.57142857142857,86.0,15.757420356654078,0.18322581810062882,1.019097222222222,0,0.0,4.281914893617022,0.8563829787234043
2026-03-05,SKU-1008,Sugar,87.0,0,258.0,5,False,False,False,84.85714285714286,81.07142857142857,86.21428571428571,15.727675872797874,0.1824254036612844,1.0439367311072056,0,0.0,3.1823788546255507,0.6364757709251101
2026-03-06,SKU-1008,Sugar,65.0,0,193.0,5,False,False,False,83.28571428571429,80.57142857142857,85.03571428571429,16.04503417550495,0.18868582818737442,1.0448028673835128,0,0.0,2.395390070921986,0.4790780141843972
2026-03-07,SKU-1008,Sugar,59.0,0,107.0,5,True,False,False,83.14285714285714,79.85714285714286,84.35714285714286,16.740313474905278,0.198445714351121,1.0505415162454874,0,0.0,1.3398926654740608,0.2679785330948122
2026-03-08,SKU-1008,Sugar,53.0,0,54.0,5,False,False,False,78.71428571428571,79.14285714285714,82.92857142857143,17.657080358102434,0.2129191429917606,0.9972850678733031,0,0.0,0.6823104693140795,0.13646209386281588
2026-03-09,SKU-1008,Sugar,55.0,0,0.0,5,False,False,False,71.57142857142857,78.5,80.89285714285714,17.466029008110837,0.21591559038724215,0.8758741258741259,1,0.03571428571428571,0.0,0.0
2026-03-10,SKU-1008,Sugar,78.0,0,0.0,5,False,False,False,72.57142857142857,77.57142857142857,79.89285714285714,16.762699521201682,0.20981474590686058,0.9087656529516994,1,0.07142857142857142,0.0,0.0
2026-03-11,SKU-1008,Sugar,109.0,571,462.0,5,False,False,False,72.28571428571429,78.07142857142857,80.17857142857143,17.19830648731863,0.21450003636744838,0.897163120567376,0,0.07142857142857142,5.917657822506862,1.1835315645013724
2026-03-12,SKU-1008,Sugar,88.0,0,374.0,5,False,False,False,72.42857142857143,78.64285714285714,79.96428571428571,17.056512045978305,0.21330162451424411,0.8933920704845816,0,0.07142857142857142,4.755676657584015,0.951135331516803
2026-03-13,SKU-1008,Sugar,76.0,0,298.0,5,False,False,False,74.0,78.64285714285714,79.17857142857143,16.697867620411383,0.21088872051038282,0.9184397163120568,0,0.07142857142857142,3.7892824704813806,0.7578564940962761
2026-03-14,SKU-1008,Sugar,151.0,0,147.0,5,False,False,False,87.14285714285714,85.14285714285714,82.14285714285714,21.35712958538633,0.2599998384307901,1.0912343470483004,0,0.07142857142857142,1.726510067114094,0.3453020134228188
2026-03-15,SKU-1008,Sugar,80.0,559,626.0,5,False,False,False,91.0,84.85714285714286,81.89285714285714,21.33912991685616,0.2605737626131585,1.1498194945848377,0,0.07142857142857142,7.377104377104377,1.4754208754208755
2026-03-16,SKU-1008,Sugar,107.0,0,519.0,5,False,False,False,98.42857142857143,85.0,83.35714285714286,21.613120647583127,0.25928336680905206,1.253867151956324,0,0.07142857142857142,6.105882352941176,1.2211764705882353
2026-03-17,SKU-1008,Sugar,93.0,0,426.0,5,False,False,False,100.57142857142857,86.57142857142857,83.21428571428571,21.532674814246477,0.2587617574244212,1.296500920810313,0,0.07142857142857142,4.920792079207921,0.9841584158415841
2026-03-18,SKU-1008,Sugar,85.0,0,341.0,5,False,False,False,97.14285714285714,84.71428571428571,82.64285714285714,21.253695601461327,0.25717522767541795,1.2442817932296433,0,0.07142857142857142,4.025295109612142,0.8050590219224285
2026-03-19,SKU-1008,Sugar,84.0,0,257.0,5,False,False,False,96.57142857142857,84.5,82.78571428571429,21.24871611434292,0.25667129042346926,1.2279745685740238,0,0.07142857142857142,3.0414201183431953,0.6082840236686391
2026-03-20,SKU-1008,Sugar,64.0,0,193.0,5,False,False,False,94.85714285714286,84.42857142857143,82.5,21.451927307008688,0.260023361297075,1.2061762034514079,0,0.07142857142857142,2.2859560067681897,0.45719120135363794
2026-03-21,SKU-1008,Sugar,100.0,445,538.0,5,False,False,False,87.57142857142857,87.35714285714286,83.60714285714286,21.52920374181576,0.2575043591502953,1.028523489932886,0,0.07142857142857142,6.158626328699918,1.2317252657399835
2026-03-22,SKU-1008,Sugar,87.0,0,451.0,5,False,True,False,88.57142857142857,89.78571428571429,84.46428571428571,21.15285138446166,0.2504354497948949,1.0437710437710437,0,0.07142857142857142,5.0230708035003975,1.0046141607000796
2026-03-23,SKU-1008,Sugar,87.0,0,364.0,5,False,False,False,85.71428571428571,92.07142857142857,85.28571428571429,20.771877610627772,0.24355635389345795,1.0084033613445378,0,0.07142857142857142,3.9534522885958108,0.7906904577191621
2026-03-24,SKU-1008,Sugar,85.0,0,279.0,5,False,False,False,84.57142857142857,92.57142857142857,85.07142857142857,20.741671369900043,0.24381477680822888,0.976897689768977,0,0.07142857142857142,3.013888888888889,0.6027777777777777
2026-03-25,SKU-1008,Sugar,76.0,0,203.0,5,False,False,False,83.28571428571429,90.21428571428571,84.14285714285714,20.53671380130262,0.2440696037506254,0.9831365935919057,0,0.07142857142857142,2.250197941409343,0.4500395882818686
2026-03-26,SKU-1008,Sugar,85.0,0,118.0,5,False,False,False,83.42857142857143,90.0,84.32142857142857,20.521088649608217,0.24336742151166035,0.9873203719357566,0,0.07142857142857142,1.3111111111111111,0.26222222222222225
2026-03-27,SKU-1008,Sugar,99.0,0,19.0,5,False,False,False,88.42857142857143,91.64285714285714,85.14285714285714,20.635665432224076,0.24236519802947742,1.0473773265651438,0,0.07142857142857142,0.2073265783320343,0.04146531566640686
2026-03-28,SKU-1008,Sugar,61.0,0,0.0,5,False,False,False,82.85714285714286,85.21428571428571,85.17857142857143,20.591356639472984,0.24174339031666395,0.9484873262469338,1,0.10714285714285714,0.0,0.0
2026-03-29,SKU-1008,Sugar,74.0,0,0.0,5,False,False,False,81.0,84.78571428571429,84.82142857142857,20.69899545143224,0.24403026216425378,0.9021479713603818,1,0.14285714285714285,0.0,0.0
2026-03-30,SKU-1008,Sugar,86.0,0,0.0,5,False,True,False,80.85714285714286,83.28571428571429,84.14285714285714,20.320969439025266,0.24150557907160758,0.878200155159038,1,0.17857142857142858,0.0,0.0
2026-03-31,SKU-1008,Sugar,59.0,0,0.0,5,False,False,False,77.14285714285714,80.85714285714286,83.71428571428571,20.730827184827806,0.24763786739555402,0.8333333333333333,1,0.21428571428571427,0.0,0.0
2026-04-01,SKU-1008,Sugar,96.0,508,412.0,5,False,False,False,80.0,81.64285714285714,83.17857142857143,20.18626884135475,0.2426859285349648,0.8867775138558988,0,0.21428571428571427,5.046369203849519,1.0092738407699038
2026-04-02,SKU-1008,Sugar,85.0,0,327.0,5,False,False,False,80.0,81.71428571428571,83.10714285714286,20.17578175219412,0.24276832361900957,0.8888888888888888,0,0.21428571428571427,4.001748251748252,0.8003496503496503
2026-04-03,SKU-1008,Sugar,91.0,551,787.0,5,False,False,False,78.85714285714286,83.64285714285714,84.03571428571429,19.908089074092736,0.23690033747326672,0.8604832424006236,0,0.21428571428571427,9.409052092228865,1.8818104184457731
2026-04-04,SKU-1008,Sugar,68.0,0,719.0,5,False,False,False,79.85714285714286,81.35714285714286,84.35714285714286,19.55848643260494,0.23185335313841587,0.9371332774518023,0,0.21428571428571427,8.837576821773485,1.767515364354697
2026-04-05,SKU-1008,Sugar,86.0,0,633.0,5,False,False,False,81.57142857142857,81.28571428571429,85.53571428571429,18.56815701749786,0.21708075010018374,0.9620893007582139,0,0.21428571428571427,7.787346221441124,1.557469244288225
2026-04-06,SKU-1008,Sugar,79.0,0,554.0,5,False,False,False,80.57142857142857,80.71428571428571,86.39285714285714,17.636954649603464,0.20414829689495537,0.9674099485420239,0,0.17857142857142858,6.863716814159292,1.3727433628318584
2026-04-07,SKU-1008,Sugar,69.0,0,485.0,5,False,False,False,82.0,79.57142857142857,86.07142857142857,17.875968912209053,0.20768760561902636,1.0141342756183744,0,0.14285714285714285,6.095152603231598,1.2190305206463194
2026-04-08,SKU-1008,Sugar,117.0,0,368.0,5,False,False,False,85.0,82.5,86.35714285714286,18.314564707447467,0.2120793266371088,1.0411198600174978,0,0.14285714285714285,4.460606060606061,0.8921212121212122
2026-04-09,SKU-1008,Sugar,118.0,517,767.0,5,False,False,False,89.71428571428571,84.85714285714286,87.42857142857143,19.266990715130664,0.22037407680705007,1.097902097902098,0,0.14285714285714285,9.038720538720538,1.8077441077441077
2026-04-10,SKU-1008,Sugar,75.0,0,692.0,5,False,False,False,87.42857142857143,83.14285714285714,87.39285714285714,19.28987315534258,0.22072596990175408,1.0452604611443213,0,0.14285714285714285,8.323024054982818,1.6646048109965637
2026-04-11,SKU-1008,Sugar,81.0,0,611.0,5,False,False,False,89.28571428571429,84.57142857142857,84.89285714285714,14.740569579714055,0.17363733623558839,1.0974539069359086,0,0.14285714285714285,7.224662162162162,1.4449324324324324
2026-04-12,SKU-1008,Sugar,76.0,0,535.0,5,False,False,False,87.85714285714286,84.71428571428571,84.75,14.808968753952971,0.17473709444192295,1.0808435852372582,0,0.14285714285714285,6.315345699831366,1.2630691399662732
2026-04-13,SKU-1008,Sugar,73.0,0,462.0,5,False,False,False,87.0,83.78571428571429,83.53571428571429,14.302245725907268,0.17121115020325073,1.0778761061946904,0,0.14285714285714285,5.514066496163682,1.1028132992327364
2026-04-14,SKU-1008,Sugar,89.0,505,878.0,5,False,False,False,89.85714285714286,85.92857142857143,83.39285714285714,14.223973726474204,0.17056585196628596,1.1292639138240574,0,0.14285714285714285,10.217788861180383,2.0435577722360767
2026-04-15,SKU-1008,Sugar,99.0,0,779.0,5,False,False,False,87.28571428571429,86.14285714285714,83.89285714285714,14.525429261749725,0.17314262210685072,1.058008658008658,0,0.14285714285714285,9.043117744610282,1.8086235489220563
2026-04-16,SKU-1008,Sugar,81.0,0,683.0,5,True,False,False,82.0,85.85714285714286,83.78571428571429,14.53567041060419,0.1734862623601523,0.9663299663299663,0,0.14285714285714285,7.955074875207987,1.5910149750415974
2026-04-17,SKU-1008,Sugar,63.0,0,620.0,5,False,False,False,80.28571428571429,83.85714285714286,83.75,14.587221703841927,0.17417578153841107,0.9656357388316152,0,0.14285714285714285,7.393526405451448,1.4787052810902896
2026-04-18,SKU-1008,Sugar,89.0,0,531.0,5,False,False,False,81.42857142857143,85.35714285714286,83.35714285714286,14.278225550387022,0.1712897666713096,0.9628378378378379,0,0.14285714285714285,6.22092050209205,1.24418410041841
2026-04-19,SKU-1008,Sugar,60.0,0,471.0,5,False,False,False,79.14285714285714,83.5,82.39285714285714,14.920379514869076,0.18108826459312274,0.9342327150084317,0,0.14285714285714285,5.640718562874252,1.1281437125748504
2026-04-20,SKU-1008,Sugar,97.0,0,374.0,5,False,False,False,82.57142857142857,84.78571428571429,82.75,15.152618646684532,0.18311321627413332,0.9855072463768115,0,0.14285714285714285,4.41112047177759,0.882224094355518
2026-04-21,SKU-1008,Sugar,74.0,0,300.0,5,False,False,False,80.42857142857143,85.14285714285714,82.35714285714286,15.234498583476485,0.1849809021410848,0.9359933499584372,0,0.14285714285714285,3.5234899328859064,0.7046979865771813
2026-04-22,SKU-1008,Sugar,82.0,479,697.0,5,False,False,False,78.0,82.64285714285714,82.57142857142857,15.183881735256781,0.18388784108442469,0.9054726368159205,0,0.14285714285714285,8.433880726015557,1.6867761452031114
2026-04-23,SKU-1008,Sugar,159.0,0,538.0,5,False,False,False,89.14285714285714,85.57142857142857,85.21428571428571,20.962677845014515,0.2459995723639591,1.038269550748752,0,0.14285714285714285,6.287145242070117,1.2574290484140234
2026-04-24,SKU-1008,Sugar,74.0,0,464.0,5,False,False,False,90.71428571428571,85.5,84.32142857142857,20.886028595120482,0.2476953835931273,1.0817717206132877,0,0.14285714285714285,5.426900584795321,1.0853801169590642
2026-04-25,SKU-1008,Sugar,72.0,0,392.0,5,False,False,False,88.28571428571429,84.85714285714286,84.71428571428571,20.53156042645014,0.24236243336450422,1.0343096234309623,0,0.10714285714285714,4.619528619528619,0.9239057239057239
2026-04-26,SKU-1008,Sugar,82.0,0,310.0,5,False,False,False,91.42857142857143,85.28571428571429,85.0,20.432363580395723,0.24038074800465556,1.0949529512403764,0,0.07142857142857142,3.634840871021775,0.726968174204355
2026-04-27,SKU-1008,Sugar,105.0,0,205.0,5,False,False,False,92.57142857142857,87.57142857142857,85.67857142857143,20.779358653041875,0.24252690382875053,1.0918281381634372,0,0.03571428571428571,2.34094616639478,0.468189233278956
2026-04-28,SKU-1008,Sugar,83.0,0,122.0,5,False,False,False,93.85714285714286,87.14285714285714,86.53571428571429,20.122738461119138,0.23253680433814933,1.1023489932885906,0,0.0,1.4000000000000001,0.28
2026-04-29,SKU-1008,Sugar,104.0,0,18.0,5,False,False,False,97.0,87.5,86.82142857142857,20.317942392594368,0.23401990415164226,1.1737251512532412,0,0.0,0.2057142857142857,0.04114285714285714
2026-04-30,SKU-1008,Sugar,99.0,451,370.0,5,False,False,False,88.42857142857143,88.78571428571429,87.32142857142857,20.443333734493855,0.23411588734798688,1.0333889816360602,0,0.0,4.167337087691069,0.8334674175382139
2026-05-01,SKU-1008,Sugar,116.0,0,254.0,5,False,False,False,94.42857142857143,92.57142857142857,88.21428571428571,21.143875994327352,0.23968766309358944,1.1044277360066834,0,0.0,2.743827160493827,0.5487654320987654
2026-05-02,SKU-1008,Sugar,92.0,539,701.0,5,False,False,False,97.28571428571429,92.78571428571429,89.07142857142857,20.777353361254004,0.2332661965176873,1.1464646464646464,0,0.0,7.555042340261739,1.511008468052348
2026-05-03,SKU-1008,Sugar,29.0,0,672.0,5,False,False,False,89.71428571428571,90.57142857142857,87.03571428571429,23.679154988140546,0.27206251114810637,1.0519262981574538,0,0.0,7.419558359621451,1.4839116719242902
2026-05-04,SKU-1008,Sugar,94.0,0,578.0,5,False,False,False,88.14285714285714,90.35714285714286,87.57142857142857,23.660294246046988,0.2701828054197862,1.0065252854812399,0,0.0,6.396837944664031,1.2793675889328062
2026-05-05,SKU-1008,Sugar,97.0,0,481.0,5,False,False,False,90.14285714285714,92.0,88.57142857142857,23.436958106610287,0.2646108173326968,1.0344262295081967,0,0.0,5.228260869565218,1.0456521739130435
2026-05-06,SKU-1008,Sugar,87.0,0,394.0,5,False,False,False,87.71428571428571,92.35714285714286,87.5,22.76530823993516,0.2601749513135447,1.0024489795918368,0,0.0,4.266047950502707,0.8532095901005414
2026-05-07,SKU-1008,Sugar,73.0,622,943.0,5,False,False,False,84.0,86.21428571428571,85.89285714285714,22.11140025335396,0.2574300237396719,0.9460981496379726,0,0.0,10.937862468931236,2.1875724937862473
2026-05-08,SKU-1008,Sugar,88.0,0,855.0,5,False,False,False,80.0,87.21428571428571,86.35714285714286,22.010459274179578,0.2548771131832209,0.8641975308641976,0,0.0,9.803439803439804,1.9606879606879608
2026-05-09,SKU-1008,Sugar,57.0,0,798.0,5,False,False,False,75.0,86.14285714285714,85.5,22.68381704113212,0.2653078016506681,0.8083140877598152,0,0.0,9.263681592039802,1.8527363184079604
2026-05-10,SKU-1008,Sugar,88.0,0,710.0,5,False,False,False,83.42857142857143,86.57142857142857,85.92857142857143,22.610925860166997,0.2631362942995328,0.9211356466876972,0,0.0,8.201320132013201,1.6402640264026402
2026-05-11,SKU-1008,Sugar,111.0,0,599.0,5,False,False,False,85.85714285714286,87.0,87.28571428571429,22.944146583254366,0.26286256314694034,0.950197628458498,0,0.0,6.885057471264368,1.3770114942528735
2026-05-12,SKU-1008,Sugar,89.0,0,510.0,5,False,False,False,84.71428571428571,87.42857142857143,87.28571428571429,22.944146583254366,0.26286256314694034,0.920807453416149,0,0.0,5.833333333333333,1.1666666666666665
2026-05-13,SKU-1008,Sugar,115.0,0,395.0,5,False,False,False,88.71428571428571,88.21428571428571,87.85714285714286,23.440569904768058,0.2668032346884169,0.9605568445475637,0,0.0,4.477732793522268,0.8955465587044535
2026-05-14,SKU-1008,Sugar,86.0,0,309.0,5,False,False,False,90.57142857142857,87.28571428571429,88.03571428571429,23.405415870338484,0.26586273605252636,1.0505385252692627,0,0.0,3.5400981996726677,0.7080196399345335
2026-05-15,SKU-1008,Sugar,87.0,0,222.0,5,False,False,False,90.42857142857143,85.21428571428571,88.89285714285714,22.88835914011716,0.2574825455698194,1.0368550368550369,0,0.0,2.605196982397318,0.5210393964794636
2026-05-16,SKU-1008,Sugar,67.0,0,155.0,5,False,False,False,91.85714285714286,83.42857142857143,88.10714285714286,23.25915078497269,0.2639871187593171,1.0663349917081262,0,0.0,1.8578767123287672,0.3715753424657534
2026-05-17,SKU-1008,Sugar,89.0,0,66.0,5,False,False,False,92.0,87.71428571428571,89.14285714285714,22.59746673070907,0.25349722294064664,1.0627062706270627,0,0.0,0.752442996742671,0.1504885993485342
2026-05-18,SKU-1008,Sugar,71.0,0,0.0,5,False,False,False,86.28571428571429,86.07142857142857,88.21428571428571,22.79596641197923,0.2584158135770925,0.9917898193760264,1,0.03571428571428571,0.0,0.0
2026-05-19,SKU-1008,Sugar,102.0,0,0.0,5,False,False,False,88.14285714285714,86.42857142857143,89.21428571428571,22.76344884182983,0.25515475082915745,1.0081699346405228,1,0.07142857142857142,0.0,0.0
2026-05-20,SKU-1008,Sugar,81.0,0,0.0,5,False,False,False,83.28571428571429,86.0,89.17857142857143,22.77596779490851,0.25539731608227406,0.9441295546558706,1,0.10714285714285714,0.0,0.0
2026-05-21,SKU-1008,Sugar,91.0,0,0.0,5,False,False,False,84.0,87.28571428571429,86.75,18.226202139898618,0.21010031285185726,0.9623567921440261,1,0.14285714285714285,0.0,0.0
2026-05-22,SKU-1008,Sugar,91.0,0,0.0,5,False,False,False,84.57142857142857,87.5,87.35714285714286,18.068212901676745,0.2068315458900036,0.9924559932942163,1,0.17857142857142858,0.0,0.0
2026-05-23,SKU-1008,Sugar,72.0,0,0.0,5,False,False,False,85.28571428571429,88.57142857142857,87.35714285714286,18.068212901676745,0.2068315458900036,1.0222602739726028,1,0.21428571428571427,0.0,0.0
2026-05-24,SKU-1008,Sugar,95.0,0,0.0,5,False,False,False,86.14285714285714,89.07142857142857,87.82142857142857,18.09246532640873,0.20601424527834258,0.9820846905537459,1,0.25,0.0,0.0
2026-05-25,SKU-1008,Sugar,75.0,0,0.0,5,False,False,False,86.71428571428571,86.5,86.75,17.924998062916384,0.20662821974543383,1.0074688796680498,1,0.2857142857142857,0.0,0.0
2026-05-26,SKU-1008,Sugar,89.0,0,0.0,5,False,False,False,84.85714285714286,86.5,86.96428571428571,17.914368623387304,0.2059968465933653,0.9818181818181818,1,0.32142857142857145,0.0,0.0
2026-05-27,SKU-1008,Sugar,95.0,0,0.0,5,False,False,False,86.85714285714286,85.07142857142857,86.64285714285714,17.676547102313787,0.2040162072814452,1.0099667774086378,1,0.35714285714285715,0.0,0.0
2026-05-28,SKU-1008,Sugar,88.0,0,0.0,5,False,False,False,86.42857142857143,85.21428571428571,86.25,17.51322251794236,0.20305185528049113,0.9901800327332242,1,0.39285714285714285,0.0,0.0
2026-05-29,SKU-1008,Sugar,69.0,568,499.0,5,False,False,False,83.28571428571429,83.92857142857143,84.57142857142857,16.793800821486073,0.19857534755135559,0.9518367346938776,0,0.39285714285714285,5.945531914893617,1.1891063829787234
2026-05-30,SKU-1008,Sugar,65.0,0,434.0,5,False,False,False,82.28571428571429,83.78571428571429,83.60714285714286,17.123385105180507,0.20480768173646055,0.9290322580645162,0,0.39285714285714285,5.179880647911338,1.0359761295822676
2026-05-31,SKU-1008,Sugar,69.0,0,365.0,5,False,False,False,78.57142857142857,82.35714285714286,85.03571428571429,13.731505117948037,0.16147927060165687,0.8821170809943866,0,0.39285714285714285,4.43191673894189,0.886383347788378
2026-06-01,SKU-1008,Sugar,104.0,603,864.0,5,False,False,False,82.71428571428571,84.71428571428571,85.39285714285714,14.098435126490932,0.1651008714101824,0.9562345169281585,0,0.39285714285714285,10.198988195615515,2.039797639123103
2026-06-02,SKU-1008,Sugar,117.0,0,747.0,5,False,False,False,86.71428571428571,85.78571428571429,86.10714285714286,15.173903732967165,0.17622119640111183,1.0024772914946325,0,0.39285714285714285,8.70774354704413,1.741548709408826
2026-06-03,SKU-1008,Sugar,81.0,0,666.0,5,False,False,False,84.71428571428571,85.78571428571429,85.89285714285714,15.203165571230347,0.17700151184800406,0.9958018471872375,0,0.39285714285714285,7.763530391340549,1.5527060782681097
2026-06-04,SKU-1008,Sugar,77.0,0,589.0,5,False,False,False,83.14285714285714,84.78571428571429,86.03571428571429,15.09594535421901,0.17546138228232971,0.9756915339480302,0,0.39285714285714285,6.9469250210614995,1.3893850042123
2026-06-05,SKU-1008,Sugar,82.0,0,507.0,5,False,False,False,85.0,84.14285714285714,85.82142857142857,15.109608351981361,0.17605869074302044,1.0127659574468084,0,0.39285714285714285,6.02546689303905,1.20509337860781
2026-06-06,SKU-1008,Sugar,78.0,0,429.0,5,False,False,False,86.85714285714286,84.57142857142857,86.57142857142857,14.11442280849386,0.16303788722682677,1.0366581415174765,0,0.39285714285714285,5.072635135135135,1.014527027027027
2026-06-07,SKU-1008,Sugar,90.0,561,900.0,5,False,False,False,89.85714285714286,84.21428571428571,86.64285714285714,14.12697520955668,0.1630483536140095,1.0910667823070253,0,0.39285714285714285,10.68702290076336,2.1374045801526718
2026-06-08,SKU-1008,Sugar,96.0,0,804.0,5,False,False,False,88.71428571428571,85.71428571428571,86.10714285714286,13.436653258667175,0.1560457450197764,1.0472175379426645,0,0.39285714285714285,9.38,1.8760000000000001
2026-06-09,SKU-1008,Sugar,105.0,0,699.0,5,False,False,False,87.0,86.85714285714286,86.67857142857143,13.896585169209011,0.1603231910745168,1.0141548709408825,0,0.39285714285714285,8.047697368421053,1.6095394736842106
2026-06-10,SKU-1008,Sugar,120.0,0,579.0,5,False,False,False,92.57142857142857,88.64285714285714,86.85714285714286,14.300257147945103,0.16464111847963112,1.0791007493755203,0,0.39285714285714285,6.531829170024174,1.306365834004835
2026-06-11,SKU-1008,Sugar,128.0,0,451.0,5,False,False,False,99.85714285714286,91.5,88.35714285714286,16.27361938324381,0.18418000918788466,1.1777590564448188,0,0.39285714285714285,4.9289617486338795,0.9857923497267759
2026-06-12,SKU-1008,Sugar,85.0,0,366.0,5,False,False,False,100.28571428571429,92.64285714285714,88.28571428571429,16.284182606892,0.1844486703046019,1.1918505942275044,0,0.39285714285714285,3.950655358519661,0.7901310717039322
2026-06-13,SKU-1008,Sugar,85.0,0,281.0,5,False,False,False,101.28571428571429,94.07142857142857,88.92857142857143,15.759602766728614,0.1772164166539764,1.1976351351351353,0,0.39285714285714285,2.9870918754745635,0.5974183750949127
2026-06-14,SKU-1008,Sugar,79.0,0,202.0,5,False,False,False,99.71428571428571,94.78571428571429,88.57142857142857,15.870841120860565,0.1791869158806838,1.1840542832909244,0,0.39285714285714285,2.13112283345893,0.426224566691786
2026-06-15,SKU-1008,Sugar,67.0,433,568.0,5,False,False,False,95.57142857142857,92.14285714285714,88.42857142857143,16.051834027966287,0.1815231634826559,1.115,0,0.35714285714285715,6.164341085271318,1.2328682170542637
2026-06-16,SKU-1008,Sugar,109.0,0,459.0,5,False,False,False,96.14285714285714,91.57142857142857,88.67857142857143,16.323247614932924,0.18407206331780987,1.106907894736842,0,0.32142857142857145,5.0124804992199685,1.0024960998439938
2026-06-17,SKU-1008,Sugar,113.0,498,844.0,5,False,False,False,95.14285714285714,93.85714285714286,89.82142857142857,16.876574980391727,0.18789029799243276,1.073327961321515,0,0.2857142857142857,8.992389649923895,1.798477929984779
2026-06-18,SKU-1008,Sugar,90.0,0,754.0,5,False,False,False,89.71428571428571,94.78571428571429,89.78571428571429,16.875046541186094,0.18794801239188966,0.9804839968774395,0,0.25,7.954785229841748,1.5909570459683495
2026-06-19,SKU-1008,Sugar,57.0,0,697.0,5,False,False,False,85.71428571428571,93.0,88.57142857142857,17.97205355530385,0.20291028207601122,0.9252120277563608,0,0.21428571428571427,7.494623655913978,1.4989247311827956
2026-06-20,SKU-1008,Sugar,79.0,0,618.0,5,False,False,False,84.85714285714286,93.07142857142857,88.82142857142857,17.780666927933755,0.20018442862169086,0.9020501138952165,0,0.17857142857142858,6.6400613967766695,1.328012279355334
2026-06-21,SKU-1008,Sugar,71.0,0,547.0,5,False,False,False,83.71428571428571,91.71428571428571,87.96428571428571,18.04825249129174,0.20517704821606528,0.883195177091183,0,0.14285714285714285,5.964174454828661,1.1928348909657323
2026-06-22,SKU-1008,Sugar,67.0,0,480.0,5,False,False,False,83.71428571428571,89.64285714285714,87.67857142857143,18.32232714361559,0.20897155194347716,0.9085271317829458,0,0.10714285714285714,5.3545816733067735,1.0709163346613546
2026-06-23,SKU-1008,Sugar,99.0,0,381.0,5,False,False,False,82.28571428571429,89.21428571428571,88.03571428571429,18.446081874152494,0.20952953041633662,0.8985959438377535,0,0.07142857142857142,4.270616493194556,0.8541232986389111
2026-06-24,SKU-1008,Sugar,85.0,0,296.0,5,False,False,False,78.28571428571429,86.71428571428571,87.67857142857143,18.403006138145894,0.20989171970186762,0.8340943683409437,0,0.03571428571428571,3.413509060955519,0.6827018121911038
2026-06-25,SKU-1008,Sugar,107.0,0,189.0,5,False,False,False,80.71428571428571,85.21428571428571,88.35714285714286,18.762086051819335,0.2123437386624662,0.8515448379804068,0,0.0,2.2179379715004193,0.4435875943000839
2026-06-26,SKU-1008,Sugar,70.0,435,554.0,5,False,False,False,82.57142857142857,84.14285714285714,88.39285714285714,18.72478904734912,0.2118359973033436,0.8878648233486943,0,0.0,6.584040747028863,1.3168081494057726
2026-06-27,SKU-1008,Sugar,83.0,0,471.0,5,False,False,False,83.14285714285714,84.0,89.03571428571429,18.193369046129913,0.20433787937891598,0.8933231005372217,0,0.0,5.607142857142857,1.1214285714285714
2026-06-28,SKU-1008,Sugar,82.0,0,389.0,5,False,False,False,84.71428571428571,84.21428571428571,89.5,17.825283749235005,0.19916518155569837,0.9236760124610592,0,0.0,4.619168787107719,0.9238337574215437
2026-06-29,SKU-1008,Sugar,97.0,0,292.0,5,False,False,False,89.0,86.35714285714286,89.25,17.66273541165759,0.1979017973294968,0.9928286852589642,0,0.0,3.381306865177833,0.6762613730355665
2026-01-01,SKU-1009,Beverages,372.0,0,2762.0,14,False,False,False,,,,,,,0,,,
2026-01-02,SKU-1009,Beverages,194.0,0,2568.0,14,False,False,False,,,,,,,0,,,
2026-01-03,SKU-1009,Beverages,231.0,5423,7760.0,14,False,False,False,265.6666666666667,,,,,,0,,,
2026-01-04,SKU-1009,Beverages,263.0,0,7497.0,14,False,False,False,265.0,,,,,,0,,,
2026-01-05,SKU-1009,Beverages,329.0,0,7168.0,14,False,False,False,277.8,277.8,,,,,0,0.0,25.802735781137507,1.8430525557955362
2026-01-06,SKU-1009,Beverages,375.0,0,6793.0,14,False,False,False,294.0,294.0,,,,,0,0.0,23.10544217687075,1.6503887269193391
2026-01-07,SKU-1009,Beverages,256.0,0,6537.0,14,False,False,False,288.57142857142856,288.57142857142856,288.57142857142856,70.75511087042203,0.24519097826383873,,0,0.0,22.652970297029704,1.618069306930693
2026-01-08,SKU-1009,Beverages,265.0,0,6272.0,14,False,False,False,273.2857142857143,285.625,285.625,66.03448774260744,0.23119295489753153,,0,0.0,21.95886214442013,1.5684901531728666
2026-01-09,SKU-1009,Beverages,141.0,0,6131.0,14,False,False,False,265.7142857142857,269.55555555555554,269.55555555555554,78.35513880900076,0.29068270786521305,,0,0.0,22.74484748557296,1.6246319632552115
2026-01-10,SKU-1009,Beverages,408.0,0,5723.0,14,False,False,False,291.0,283.4,283.4,85.87225654682916,0.30300725669311634,,0,0.0,20.19407198306281,1.4424337130759148
2026-01-11,SKU-1009,Beverages,254.0,0,5469.0,14,False,False,False,289.7142857142857,280.72727272727275,280.72727272727275,81.94643483287227,0.29190763703419526,,0,0.0,19.4815414507772,1.3915386750555143
2026-01-12,SKU-1009,Beverages,370.0,0,5099.0,14,False,False,False,295.57142857142856,288.1666666666667,288.1666666666667,82.27319604755115,0.2855055964634511,1.0639720250951352,0,0.0,17.69462116830538,1.2639015120218127
2026-01-13,SKU-1009,Beverages,409.0,0,4690.0,14,False,False,False,300.42857142857144,297.46153846153845,297.46153846153845,85.60336382079794,0.2877796042592121,1.021865889212828,0,0.0,15.766744246185674,1.126196017584691
2026-01-14,SKU-1009,Beverages,452.0,0,4238.0,14,False,False,False,328.42857142857144,308.5,308.5,92.03322978476515,0.29832489395385786,1.1381188118811882,0,0.0,13.73743922204214,0.9812456587172956
2026-01-15,SKU-1009,Beverages,352.0,0,3886.0,14,False,False,False,340.85714285714283,307.07142857142856,311.4,89.39383168237697,0.28707075042510266,1.193372929040325,0,0.0,12.655036054896488,0.9039311467783205
2026-01-16,SKU-1009,Beverages,218.0,0,3668.0,14,False,False,False,351.85714285714283,308.7857142857143,305.5625,89.46356334657516,0.2927831895163024,1.3053232834766222,0,0.0,11.878787878787879,0.8484848484848485
2026-01-17,SKU-1009,Beverages,258.0,0,3401.0,14,True,False,False,330.42857142857144,310.7142857142857,302.7647058823529,87.38744862090087,0.28863155751997566,1.165944147595524,0,0.0,10.945747126436782,0.7818390804597701
2026-01-18,SKU-1009,Beverages,297.0,0,3104.0,14,False,False,False,336.57142857142856,313.14285714285717,302.44444444444446,84.78916566625176,0.28034624944756276,1.1989267209474461,0,0.0,9.912408759124087,0.708029197080292
2026-01-19,SKU-1009,Beverages,403.0,0,2701.0,14,False,False,False,341.2857142857143,318.42857142857144,307.7368421052632,85.56858334774715,0.2780576506938936,1.1843344625299512,0,0.0,8.482279048900851,0.6058770749214893
2026-01-20,SKU-1009,Beverages,418.0,0,2283.0,14,False,False,False,342.57142857142856,321.5,313.25,86.85915701809877,0.27728382128682766,1.151649488344601,0,0.0,7.101088646967341,0.5072206176405244
2026-01-21,SKU-1009,Beverages,338.0,0,1945.0,14,False,False,False,326.2857142857143,327.35714285714283,314.42857142857144,84.83193468769379,0.2697971571166999,1.0576522343134984,0,0.0,5.94152301985599,0.424394501418285
2026-01-22,SKU-1009,Beverages,371.0,0,1574.0,14,False,False,False,329.0,334.92857142857144,317.0,83.66144927765772,0.2639162437781001,1.0714119562688997,0,0.0,4.699509490296438,0.3356792493068884
2026-01-23,SKU-1009,Beverages,361.0,6225,7438.0,14,False,False,False,349.42857142857144,350.64285714285717,318.9130434782609,82.25122991259393,0.25791115037350515,1.1316215591024752,0,0.0,21.212466897535137,1.5151762069667956
2026-01-24,SKU-1009,Beverages,197.0,0,7241.0,14,False,False,False,340.7142857142857,335.57142857142856,313.8333333333333,84.20454736593177,0.2683097632477911,1.096551724137931,0,0.0,21.578118348233293,1.5412941677309495
2026-01-25,SKU-1009,Beverages,88.0,0,7153.0,14,False,False,False,310.85714285714283,323.7142857142857,304.8,93.99468070055879,0.3083814983614133,0.9927007299270072,0,0.0,22.096646072374227,1.5783318623124447
2026-01-26,SKU-1009,Beverages,254.0,0,6899.0,14,False,False,False,289.57142857142856,315.42857142857144,302.84615384615387,92.63290659703702,0.3058744693323549,0.9093764019739793,0,0.0,21.871829710144926,1.5622735507246375
2026-01-27,SKU-1009,Beverages,391.0,0,6508.0,14,False,False,False,285.7142857142857,314.14285714285717,306.1111111111111,92.4047673317834,0.3018667535339567,0.8886914019106865,0,0.0,20.716689404274668,1.4797635288767619
2026-01-28,SKU-1009,Beverages,490.0,0,6018.0,14,False,False,False,307.42857142857144,316.85714285714283,312.67857142857144,97.10858892151633,0.3105700159682989,0.93912284529784,0,0.0,18.992786293958524,1.3566275924256088
2026-01-29,SKU-1009,Beverages,234.0,0,5784.0,14,False,False,False,287.85714285714283,308.42857142857144,307.75,97.48755856043414,0.31677516997704025,0.8594583066751972,0,0.0,18.753126447429363,1.3395090319592402
2026-01-30,SKU-1009,Beverages,339.0,0,5445.0,14,False,False,False,284.7142857142857,317.07142857142856,312.92857142857144,95.04187325572698,0.3037174676056101,0.811977999592585,0,0.0,17.17278666366299,1.2266276188330707
2026-01-31,SKU-1009,Beverages,254.0,0,5191.0,14,False,False,False,292.85714285714283,316.7857142857143,313.75,94.4048119457823,0.3008918309028918,0.8727117922520221,0,0.0,16.386471251409244,1.1704622322435174
2026-02-01,SKU-1009,Beverages,234.0,0,4957.0,14,False,False,False,313.7142857142857,312.2857142857143,312.7142857142857,95.13843992478935,0.30423438989197144,0.9691085613415711,0,0.0,15.873284537968892,1.1338060384263495
2026-02-02,SKU-1009,Beverages,312.0,0,4645.0,14,False,False,False,322.0,305.7857142857143,312.10714285714283,95.08488966910696,0.3046546413474076,1.0208333333333333,0,0.0,15.190376080355058,1.0850268628825042
2026-02-03,SKU-1009,Beverages,435.0,0,4210.0,14,False,False,False,328.2857142857143,307.0,314.25,97.20715756301838,0.30933065254739345,1.0450204638472032,0,0.0,13.713355048859935,0.9795253606328524
2026-02-04,SKU-1009,Beverages,530.0,0,3680.0,14,False,False,False,334.0,320.7142857142857,324.0357142857143,104.63392344984459,0.32290861419548644,1.054102795311091,0,0.0,11.474387527839644,0.8195991091314031
2026-02-05,SKU-1009,Beverages,335.0,0,3345.0,14,False,False,False,348.42857142857144,318.14285714285717,326.5357142857143,104.00551343749439,0.3185119081537617,1.129689671144048,0,0.0,10.514144589133362,0.7510103277952401
2026-02-06,SKU-1009,Beverages,333.0,0,3012.0,14,False,False,False,347.57142857142856,316.14285714285717,333.39285714285717,97.44222952723369,0.29227449670728906,1.096192836224375,0,0.0,9.527338454586534,0.6805241753276096
2026-02-07,SKU-1009,Beverages,286.0,4629,7355.0,14,False,False,False,352.14285714285717,322.5,329.0357142857143,96.70745581692246,0.293911729390408,1.1116121758737318,0,0.0,22.8062015503876,1.6290143964562571
2026-02-08,SKU-1009,Beverages,300.0,0,7055.0,14,False,False,False,361.57142857142856,337.64285714285717,330.67857142857144,95.7717400409755,0.2896218512957462,1.1578225068618482,0,0.0,20.89485931880685,1.4924899513433465
2026-02-09,SKU-1009,Beverages,302.0,0,6753.0,14,False,False,False,360.14285714285717,341.07142857142856,328.25,95.59971524829744,0.2912405643512489,1.1777622050922683,0,0.0,19.799371727748692,1.4142408376963351
2026-02-10,SKU-1009,Beverages,318.0,0,6435.0,14,False,False,False,343.42857142857144,335.85714285714283,325.0,94.29072457426945,0.29012530638236755,1.1186598417868776,0,0.0,19.15993194385368,1.3685665674181202
2026-02-11,SKU-1009,Beverages,374.0,0,6076.0,14,True,False,False,321.14285714285717,327.57142857142856,322.2142857142857,91.51092108185053,0.28400640548568107,1.001336302895323,0,0.0,18.548626253815964,1.324901875272569
2026-02-12,SKU-1009,Beverages,429.0,0,5647.0,14,False,False,False,334.57142857142856,341.5,324.9642857142857,93.57289974205975,0.2879482572565856,1.0516389762011673,0,0.0,16.535871156661788,1.1811336540472706
2026-02-13,SKU-1009,Beverages,266.0,0,5381.0,14,False,False,False,325.0,336.2857142857143,326.67857142857144,91.96660165574141,0.2815201537510396,1.0280162675101672,0,0.0,16.001274426508072,1.142948173322005
2026-02-14,SKU-1009,Beverages,200.0,0,5181.0,14,False,False,False,312.7142857142857,332.42857142857144,324.60714285714283,94.19693290820126,0.29018749273073335,0.9696566998892581,0,0.0,15.585302965191232,1.113235926085088
2026-02-15,SKU-1009,Beverages,303.0,0,4878.0,14,False,False,False,313.14285714285717,337.35714285714283,324.82142857142856,94.13861079455147,0.28981650382049934,0.9274381214300825,0,0.0,14.459453737031549,1.032818124073682
2026-02-16,SKU-1009,Beverages,379.0,0,4499.0,14,False,False,False,324.14285714285717,342.14285714285717,323.9642857142857,93.50756837772728,0.2886354221779698,0.950366492146597,0,0.0,13.14947807933194,0.9392484342379958
2026-02-17,SKU-1009,Beverages,408.0,0,4091.0,14,False,False,False,337.0,340.2142857142857,323.60714285714283,93.15353287895574,0.2878599404713344,1.0034028073160357,0,0.0,12.02477430191056,0.8589124501364686
2026-02-18,SKU-1009,Beverages,480.0,0,3611.0,14,False,False,False,352.14285714285717,336.64285714285717,328.67857142857144,97.71957367572313,0.2973104490840212,1.0750109027474926,0,0.0,10.726501166984935,0.7661786547846382
2026-02-19,SKU-1009,Beverages,450.0,0,3216.0,14,True,False,False,355.14285714285717,344.85714285714283,331.5,100.09828503359418,0.30195561096106843,1.0399498012967998,0,0.0,9.325600662800332,0.6661143330571665
2026-02-20,SKU-1009,Beverages,420.0,5626,8422.0,14,False,False,False,377.14285714285717,351.07142857142856,333.60714285714283,101.35538476649387,0.3038165906714301,1.1214953271028039,0,0.0,23.98942014242116,1.71353001017294
2026-02-21,SKU-1009,Beverages,216.0,0,8206.0,14,False,False,False,379.42857142857144,346.07142857142856,334.2857142857143,100.466636121376,0.3005412191665094,1.1413837559088955,0,0.0,23.71186790505676,1.6937048503611971
2026-02-22,SKU-1009,Beverages,325.0,0,7881.0,14,False,False,False,382.57142857142856,347.85714285714283,342.75,88.18105322657553,0.25727513705784255,1.1340249841202625,0,0.0,22.655852156057495,1.6182751540041067
2026-02-23,SKU-1009,Beverages,333.0,0,7548.0,14,False,False,False,376.0,350.07142857142856,345.57142857142856,86.48375080579676,0.25026302424166075,1.098956158663883,0,0.0,21.561314017547442,1.5400938583962458
2026-02-24,SKU-1009,Beverages,410.0,0,7138.0,14,False,False,False,376.2857142857143,356.64285714285717,346.25,86.92679977152338,0.25105212930403864,1.106025614108755,0,0.0,20.014420188263568,1.4296014420188263
2026-02-25,SKU-1009,Beverages,442.0,0,6696.0,14,False,False,False,370.85714285714283,361.5,344.5357142857143,84.42418564424013,0.245037545147582,1.1016337789093993,0,0.0,18.522821576763487,1.3230586840545349
2026-02-26,SKU-1009,Beverages,316.0,0,6380.0,14,False,False,False,351.7142857142857,353.42857142857144,347.4642857142857,81.83021362818174,0.23550683334249034,1.019884009942005,0,0.0,18.051738075990297,1.2894098625707355
2026-02-27,SKU-1009,Beverages,348.0,0,6032.0,14,False,False,False,341.42857142857144,359.2857142857143,347.7857142857143,81.81340881807738,0.2352408550940816,0.972533062054934,0,0.0,16.788866799204772,1.1992047713717695
2026-02-28,SKU-1009,Beverages,280.0,0,5752.0,14,False,False,False,350.57142857142856,365.0,348.7142857142857,80.85142163841263,0.23185577692293666,1.0130030959752323,0,0.0,15.758904109589041,1.1256360078277887
2026-03-01,SKU-1009,Beverages,302.0,0,5450.0,14,False,False,False,347.2857142857143,364.92857142857144,351.14285714285717,78.25774806544798,0.2228658407071342,0.9983572895277207,0,0.0,14.934429438246232,1.066744959874731
2026-03-02,SKU-1009,Beverages,315.0,0,5135.0,14,False,False,False,344.7142857142857,360.35714285714283,351.25,78.20420799514655,0.2226454320146521,0.9846970006121201,0,0.0,14.249752229930625,1.0178394449950445
2026-03-03,SKU-1009,Beverages,334.0,0,4801.0,14,False,False,False,333.85714285714283,355.07142857142856,347.64285714285717,76.50912038865366,0.22007965593613132,0.9361105547766873,0,0.0,13.521223093944881,0.9658016495674915
2026-03-04,SKU-1009,Beverages,415.0,0,4386.0,14,False,False,False,330.0,350.42857142857144,343.5357142857143,69.08367558840676,0.20109605119819,0.9128630705394191,0,0.0,12.516102731349367,0.8940073379535262
2026-03-05,SKU-1009,Beverages,488.0,0,3898.0,14,False,False,False,354.57142857142856,353.14285714285717,349.0,74.24184703960326,0.212727355414336,1.0032336297493936,0,0.0,11.038025889967637,0.788430420711974
2026-03-06,SKU-1009,Beverages,321.0,0,3577.0,14,False,False,False,350.7142857142857,346.07142857142856,348.57142857142856,74.37215158388875,0.21336272995377922,0.9761431411530815,0,0.0,10.336016511867905,0.7382868937048503
2026-03-07,SKU-1009,Beverages,231.0,0,3346.0,14,False,False,False,343.7142857142857,347.14285714285717,346.60714285714283,76.77351939583906,0.22150010747897927,0.9416829745596869,0,0.0,9.638683127572016,0.688477366255144
2026-03-08,SKU-1009,Beverages,326.0,0,3020.0,14,False,False,False,347.14285714285717,347.2142857142857,347.5357142857143,76.34496861486177,0.2196751743105672,0.9512624779800353,0,0.0,8.697798806829871,0.6212713433449908
2026-03-09,SKU-1009,Beverages,260.0,5996,8756.0,14,False,False,False,339.2857142857143,342.0,346.0357142857143,77.6738108983388,0.22446761328862488,0.9415262636273538,0,0.0,25.60233918128655,1.8287385129490392
2026-03-10,SKU-1009,Beverages,405.0,0,8351.0,14,False,False,False,349.42857142857144,341.64285714285717,349.14285714285717,78.24875542056704,0.22411672992797432,0.9841078253872462,0,0.0,24.443654610077356,1.7459753292912397
2026-03-11,SKU-1009,Beverages,377.0,0,7974.0,14,False,False,False,344.0,337.0,349.25,78.28609686887549,0.22415489439907083,0.9816551161842642,0,0.0,23.661721068249257,1.6901229334463754
2026-03-12,SKU-1009,Beverages,431.0,0,7543.0,14,False,False,False,335.85714285714283,345.2142857142857,349.32142857142856,78.36243127239372,0.22432758159973668,0.9510517799352749,0,0.0,21.850196565280363,1.5607283260914546
2026-03-13,SKU-1009,Beverages,332.0,0,7211.0,14,False,False,False,337.42857142857144,344.07142857142856,351.67857142857144,76.73912207696183,0.21820812614551957,0.9750257997936017,0,0.0,20.957857587710194,1.4969898276935854
2026-03-14,SKU-1009,Beverages,198.0,0,7013.0,14,False,False,False,332.7142857142857,338.2142857142857,351.60714285714283,76.88632267026826,0.2186711056137645,0.9584362139917695,0,0.0,20.735374868004225,1.4810982048574446
2026-03-15,SKU-1009,Beverages,239.0,0,6774.0,14,False,False,False,320.2857142857143,333.7142857142857,349.32142857142856,79.29833661859614,0.22700679126067805,0.9224439415758074,0,0.0,20.298801369863014,1.449914383561644
2026-03-16,SKU-1009,Beverages,360.0,0,6414.0,14,False,False,False,334.57142857142856,336.92857142857144,348.64285714285717,79.11604898090653,0.22692577048405885,0.9782790309106099,0,0.0,19.036675853296586,1.3597625609497561
2026-03-17,SKU-1009,Beverages,521.0,0,5893.0,14,False,False,False,351.14285714285717,350.2857142857143,352.67857142857144,84.92482670265618,0.24079950862525296,1.0278068158059794,0,0.0,16.82340946166395,1.2016721044045677
2026-03-18,SKU-1009,Beverages,493.0,0,5400.0,14,False,False,False,367.7142857142857,355.85714285714283,353.14285714285717,85.67886393310614,0.24261814220539762,1.0911403136922424,0,0.0,15.174628663187477,1.083902047370534
2026-03-19,SKU-1009,Beverages,450.0,0,4950.0,14,False,False,False,370.42857142857144,353.14285714285717,353.14285714285717,85.67886393310614,0.24261814220539762,1.0730395199668943,0,0.0,14.016990291262134,1.0012135922330097
2026-03-20,SKU-1009,Beverages,292.0,0,4658.0,14,False,False,False,364.7142857142857,351.07142857142856,348.57142857142856,85.39382776352056,0.24498229276419833,1.0599958480381981,0,0.0,13.26795523906409,0.9477110885045779
2026-03-21,SKU-1009,Beverages,240.0,0,4418.0,14,False,False,False,370.7142857142857,351.7142857142857,349.42857142857144,84.12487568486924,0.24074984864844015,1.096092925026399,0,0.0,12.561332250203087,0.897238017871649
2026-03-22,SKU-1009,Beverages,294.0,0,4124.0,14,False,False,False,378.57142857142856,349.42857142857144,348.32142857142856,84.66056564694905,0.24305299273193617,1.134417808219178,0,0.0,11.802125919869173,0.8430089942763695
2026-03-23,SKU-1009,Beverages,322.0,0,3802.0,14,False,False,False,373.14285714285717,353.85714285714283,347.92857142857144,84.75976009414447,0.2436125315783253,1.1074835700657197,0,0.0,10.74444893015745,0.7674606378683893
2026-03-24,SKU-1009,Beverages,321.0,0,3481.0,14,False,False,False,344.57142857142856,347.85714285714283,344.75,84.01129774112611,0.24368759315772623,0.9836867862969004,0,0.0,10.006981519507187,0.7147843942505133
2026-03-25,SKU-1009,Beverages,402.0,6122,9201.0,14,False,False,False,331.57142857142856,349.64285714285717,343.32142857142856,82.62501350767123,0.24066372393787522,0.9317543155359294,0,0.0,26.315423901940754,1.879673135852911
2026-03-26,SKU-1009,Beverages,418.0,0,8783.0,14,False,False,False,327.0,348.7142857142857,346.9642857142857,83.61839339694173,0.24100000155577647,0.9259708737864077,0,0.0,25.18680868496518,1.7990577632117986
2026-03-27,SKU-1009,Beverages,205.0,0,8578.0,14,False,False,False,314.57142857142856,339.64285714285717,341.85714285714283,87.8144990499077,0.25687484051372916,0.8960325534079349,0,0.0,25.255941114616192,1.8039957939011566
2026-03-28,SKU-1009,Beverages,343.0,0,8235.0,14,False,False,False,329.2857142857143,350.0,344.10714285714283,86.9739591873313,0.25275255394346413,0.9362307067424858,0,0.0,23.52857142857143,1.6806122448979592
2026-03-29,SKU-1009,Beverages,366.0,0,7909.0,14,True,False,False,339.57142857142856,359.07142857142856,346.39285714285717,86.66681166044035,0.25019803345626657,0.9717906786590351,0,0.0,22.026258205689278,1.5733041575492341
2026-03-30,SKU-1009,Beverages,388.0,0,7521.0,14,False,False,False,349.0,361.07142857142856,349.0,86.7853887685231,0.24866873572642723,0.9862737182075092,0,0.0,20.829673590504452,1.487833827893175
2026-03-31,SKU-1009,Beverages,408.0,0,7113.0,14,False,False,False,361.42857142857144,353.0,351.64285714285717,87.43599321819877,0.2486499908703601,1.0390143737166326,0,0.0,20.15014164305949,1.4392958316471065
2026-04-01,SKU-1009,Beverages,408.0,0,6705.0,14,False,False,False,362.2857142857143,346.92857142857144,351.39285714285717,87.25795699075844,0.24832023536347558,1.0361593462717058,0,0.0,19.32674490426189,1.3804817788758492
2026-04-02,SKU-1009,Beverages,333.0,0,6372.0,14,False,False,False,350.14285714285717,338.57142857142856,345.85714285714283,83.08751044251106,0.24023650272514557,1.004096681687833,0,0.0,18.820253164556963,1.3443037974683545
2026-04-03,SKU-1009,Beverages,315.0,0,6057.0,14,False,False,False,365.85714285714283,340.2142857142857,345.64285714285717,83.16169626016367,0.24060007184176302,1.0771819137749736,0,0.0,17.803485198404367,1.2716775141717405
2026-04-04,SKU-1009,Beverages,331.0,0,5726.0,14,False,False,False,364.14285714285717,346.7142857142857,349.2142857142857,80.14863837149217,0.22951133916974645,1.0404081632653062,0,0.0,16.515039142974867,1.1796456530696333
2026-04-05,SKU-1009,Beverages,177.0,0,5549.0,14,False,False,False,337.14285714285717,338.35714285714283,343.89285714285717,86.4460179601352,0.25137485750169125,0.9389297791923613,0,0.0,16.399831116740554,1.171416508338611
2026-04-06,SKU-1009,Beverages,398.0,0,5151.0,14,False,False,False,338.57142857142856,343.7857142857143,348.82142857142856,85.4136139601612,0.24486343717462003,0.9376854599406528,0,0.0,14.983170579680033,1.0702264699771453
2026-04-07,SKU-1009,Beverages,478.0,0,4673.0,14,False,False,False,348.57142857142856,355.0,351.42857142857144,88.25863867966294,0.25114246778765875,0.9874544718737353,0,0.0,13.163380281690142,0.940241448692153
2026-04-08,SKU-1009,Beverages,612.0,0,4317.0,14,True,False,False,377.7142857142857,370.0,359.82142857142856,101.02990154053897,0.28077789013747806,1.0887379040560017,0,0.0,11.667567567567568,0.8333976833976834
2026-04-09,SKU-1009,Beverages,747.0,0,3570.0,14,False,False,False,436.85714285714283,393.5,371.10714285714283,124.25551311584744,0.3348238251605936,1.290295358649789,0,0.0,9.072426937738246,0.6480304955527318
2026-04-10,SKU-1009,Beverages,206.0,0,3364.0,14,False,False,False,421.2857142857143,393.57142857142856,366.60714285714283,127.95089894050192,0.34901365517136423,1.2382951921058156,0,0.0,8.547368421052632,0.6105263157894737
2026-04-11,SKU-1009,Beverages,218.0,0,3146.0,14,False,False,False,405.14285714285717,384.64285714285717,367.32142857142856,127.027280118012,0.3458205000782048,1.1685208075813762,0,0.0,8.179015784586815,0.5842154131847724
2026-04-12,SKU-1009,Beverages,321.0,0,2825.0,14,False,False,False,425.7142857142857,381.42857142857144,370.25,124.88650403021491,0.33730318441651563,1.2581802828794597,0,0.0,7.406367041198502,0.5290262172284644
2026-04-13,SKU-1009,Beverages,264.0,0,2561.0,14,False,False,False,406.57142857142856,372.57142857142856,366.82142857142856,126.48585152071605,0.3448158740706893,1.1826303760648245,0,0.0,6.873849693251534,0.490989263803681
2026-04-14,SKU-1009,Beverages,399.0,0,2162.0,14,False,False,False,395.2857142857143,371.92857142857144,362.4642857142857,123.03220961672841,0.33943264058216527,1.1134808853118712,0,0.0,5.8129441136931055,0.41521029383522184
2026-04-15,SKU-1009,Beverages,611.0,0,1551.0,14,False,False,False,395.14285714285717,386.42857142857144,366.67857142857144,129.51906868658048,0.3532223554323808,1.067953667953668,0,0.0,4.013678373382625,0.2866913123844732
2026-04-16,SKU-1009,Beverages,390.0,0,1161.0,14,False,False,False,344.14285714285717,390.5,364.5357142857143,128.58243706546054,0.35272932672018176,0.8745688872753676,0,0.0,2.973111395646607,0.21236509968904335
2026-04-17,SKU-1009,Beverages,255.0,0,906.0,14,False,False,False,351.14285714285717,386.2142857142857,363.2142857142857,129.54203011431295,0.3566545568535656,0.8921960072595282,0,0.0,2.34584797484742,0.1675605696319586
2026-04-18,SKU-1009,Beverages,228.0,0,678.0,14,False,False,False,352.57142857142856,378.85714285714283,362.7857142857143,129.9838614321187,0.3582937704370273,0.9166202414113277,0,0.0,1.7895927601809956,0.12782805429864255
2026-04-19,SKU-1009,Beverages,307.0,0,371.0,14,False,False,False,350.57142857142856,388.14285714285717,363.25,129.75207841052816,0.35719773822581735,0.9191011235955056,0,0.0,0.9558336400441663,0.06827383143172616
2026-04-20,SKU-1009,Beverages,367.0,0,4.0,14,False,False,False,365.2857142857143,385.92857142857144,364.85714285714283,129.5006690346551,0.3549352714340586,0.9804447852760736,0,0.0,0.01036461225245234,0.0007403294466037387
2026-04-21,SKU-1009,Beverages,478.0,4805,4331.0,14,False,False,False,376.57142857142856,385.92857142857144,370.4642857142857,130.92250525006148,0.35340115174026043,1.0124831956980986,0,0.0,11.222283916342771,0.801591708310198
2026-04-22,SKU-1009,Beverages,383.0,0,3948.0,14,False,False,False,344.0,369.57142857142856,369.7857142857143,130.8021851507521,0.3537242789473691,0.8902033271719039,0,0.0,10.682643989176652,0.7630459992269037
2026-04-23,SKU-1009,Beverages,416.0,0,3532.0,14,False,False,False,347.7142857142857,345.92857142857144,369.7142857142857,130.77542445051225,0.35372023614898984,0.89043351015182,0,0.0,10.210200289077019,0.7293000206483585
2026-04-24,SKU-1009,Beverages,446.0,0,3086.0,14,False,False,False,375.0,363.07142857142856,378.32142857142856,127.42086972834568,0.33680584842761063,0.9709635657481043,0,0.0,8.49970489868188,0.6071217784772772
2026-04-25,SKU-1009,Beverages,392.0,0,2694.0,14,False,False,False,398.42857142857144,375.5,380.07142857142856,127.25417218552928,0.33481646506247137,1.051659125188537,0,0.0,7.1744340878828226,0.5124595777059159
2026-04-26,SKU-1009,Beverages,311.0,0,2383.0,14,False,False,False,399.0,374.7857142857143,378.10714285714283,127.9022599301439,0.33826988552413617,1.027972027972028,0,0.0,6.35829998094149,0.4541642843529636
2026-04-27,SKU-1009,Beverages,326.0,0,2057.0,14,False,False,False,393.14285714285717,379.2142857142857,375.89285714285717,128.26082779668133,0.3412164539959218,1.0186933185267444,0,0.0,5.424373705029196,0.38745526464494257
2026-04-28,SKU-1009,Beverages,551.0,0,1506.0,14,False,False,False,403.57142857142856,390.07142857142856,381.0,132.36789361193013,0.3474222929446985,1.0457153433277808,0,0.0,3.860831349569676,0.27577366782640544
2026-04-29,SKU-1009,Beverages,310.0,5992,7188.0,14,False,False,False,393.14285714285717,368.57142857142856,377.5,132.9220044208605,0.35211126998903447,1.063780440664863,0,0.0,19.50232558139535,1.3930232558139537
2026-04-30,SKU-1009,Beverages,440.0,0,6748.0,14,False,False,False,396.57142857142856,372.14285714285717,381.32142857142856,133.13319801123387,0.349136418873705,1.1463968614495146,0,0.0,18.13282149712092,1.295201535508637
2026-05-01,SKU-1009,Beverages,211.0,0,6537.0,14,False,False,False,363.0,369.0,377.60714285714283,136.46118408508977,0.36138401157500366,0.9998032657879206,0,0.0,17.715447154471544,1.2653890824622531
2026-05-02,SKU-1009,Beverages,276.0,0,6261.0,14,False,False,False,346.42857142857144,372.42857142857144,375.64285714285717,137.54843302841158,0.3661681046582548,0.9225794179189652,0,0.0,16.811277330264673,1.2008055235903339
2026-05-03,SKU-1009,Beverages,268.0,0,5985.0,14,True,False,False,340.2857142857143,369.64285714285717,378.89285714285717,133.70236134254108,0.35287643676040625,0.9079473985134362,0,0.0,16.191304347826087,1.1565217391304348
2026-05-04,SKU-1009,Beverages,260.0,0,5725.0,14,False,False,False,330.85714285714283,362.0,373.9642857142857,135.50330927839667,0.3623429146972693,0.872480693162554,0,0.0,15.814917127071823,1.1296369376479873
2026-05-05,SKU-1009,Beverages,456.0,0,5269.0,14,False,False,False,317.2857142857143,360.42857142857144,373.17857142857144,134.94033072859594,0.36159721125473115,0.8134041384361839,0,0.0,14.618707887435592,1.0441934205311136
2026-05-06,SKU-1009,Beverages,580.0,0,4689.0,14,False,False,False,355.85714285714283,374.5,372.0357142857143,132.96378848250015,0.357395226793703,0.9655038759689922,0,0.0,12.520694259012016,0.894335304215144
2026-05-07,SKU-1009,Beverages,356.0,0,4333.0,14,False,False,False,343.85714285714283,370.2142857142857,358.07142857142856,110.81212949099047,0.30946934228483275,0.9239923224568137,0,0.0,11.704032413660043,0.8360023152614316
2026-05-08,SKU-1009,Beverages,308.0,0,4025.0,14,False,False,False,357.7142857142857,360.35714285714283,361.7142857142857,107.24698291287889,0.29649639825835394,0.9694154084397987,0,0.0,11.169474727452924,0.7978196233894945
2026-05-09,SKU-1009,Beverages,326.0,0,3699.0,14,False,False,False,364.85714285714283,355.64285714285717,365.57142857142856,103.772696248929,0.2838643508177034,0.9796701189106252,0,0.0,10.400883711588671,0.7429202651134765
2026-05-10,SKU-1009,Beverages,314.0,0,3385.0,14,False,False,False,371.42857142857144,355.85714285714283,365.32142857142856,103.89241357232775,0.284386311469858,1.0048309178743962,0,0.0,9.51224407868326,0.6794460056202328
2026-05-11,SKU-1009,Beverages,398.0,0,2987.0,14,False,False,False,391.14285714285717,361.0,370.10714285714283,102.12350521530443,0.2759295711694031,1.0805051302288873,0,0.0,8.274238227146814,0.5910170162247724
2026-05-12,SKU-1009,Beverages,391.0,6176,8772.0,14,False,False,False,381.85714285714283,349.57142857142856,369.82142857142856,102.05084193001218,0.2759462649966529,1.0594530321046371,0,0.0,25.093583980384146,1.7923988557417248
2026-05-13,SKU-1009,Beverages,490.0,0,8282.0,14,False,False,False,369.0,362.42857142857144,365.5,93.6781329478368,0.2563013213347108,0.9853137516688919,0,0.0,22.85139929050059,1.632242806464328
2026-05-14,SKU-1009,Beverages,348.0,0,7934.0,14,False,False,False,367.85714285714283,355.85714285714283,364.0,93.60753372656694,0.2571635541938652,0.9936330310630908,0,0.0,22.295463669209155,1.5925331192292254
2026-05-15,SKU-1009,Beverages,439.0,0,7495.0,14,False,False,False,386.57142857142856,372.14285714285717,370.57142857142856,92.11885582161554,0.2485859640521622,1.072745292368682,0,0.0,20.14011516314779,1.4385796545105565
2026-05-16,SKU-1009,Beverages,271.0,0,7224.0,14,False,False,False,378.7142857142857,371.7857142857143,372.10714285714283,89.98779311691617,0.24183301730239493,1.0648724643502712,0,0.0,19.430547550432276,1.3878962536023054
2026-05-17,SKU-1009,Beverages,267.0,0,6957.0,14,False,False,False,372.0,371.7142857142857,370.67857142857144,91.36660122881783,0.2464847128246362,1.0453633079084705,0,0.0,18.71598770176787,1.3368562644119906
2026-05-18,SKU-1009,Beverages,259.0,0,6698.0,14,False,False,False,352.14285714285717,371.64285714285717,366.82142857142856,93.77556088931601,0.2556436281667655,0.9754649782350614,0,0.0,18.02267922352489,1.2873342302517778
2026-05-19,SKU-1009,Beverages,366.0,0,6332.0,14,False,False,False,348.57142857142856,365.2142857142857,362.82142857142856,91.2112133990961,0.2513942292720436,0.9971393543114018,0,0.0,17.337766477606102,1.2384118912575788
2026-05-20,SKU-1009,Beverages,338.0,0,5994.0,14,False,False,False,326.85714285714283,347.92857142857144,361.2142857142857,91.23894439078617,0.25258952372375054,0.9018525817895151,0,0.0,17.22767398891398,1.2305481420652844
2026-05-21,SKU-1009,Beverages,316.0,0,5678.0,14,False,False,False,322.2857142857143,345.07142857142856,357.64285714285717,90.97179631549398,0.25436491879706724,0.9056603773584906,0,0.0,16.45456427240737,1.1753260194576693
2026-05-22,SKU-1009,Beverages,377.0,0,5301.0,14,False,False,False,313.42857142857144,350.0,355.17857142857144,89.41085093292796,0.2517349246980375,0.8422264875239923,0,0.0,15.145714285714286,1.0818367346938775
2026-05-23,SKU-1009,Beverages,733.0,0,4568.0,14,False,False,False,379.42857142857144,379.07142857142856,367.35714285714283,114.35591428638541,0.3112935640694917,1.0205571565802114,0,0.0,12.050499340493689,0.8607499528924063
2026-05-24,SKU-1009,Beverages,506.0,0,4504.0,14,True,False,False,413.57142857142856,392.7857142857143,374.32142857142856,116.71016762696051,0.31179130746635764,1.1126056879323596,0,0.0,11.466812147663212,0.8190580105473723
2026-05-25,SKU-1009,Beverages,279.0,0,4225.0,14,False,False,False,416.42857142857144,384.2857142857143,372.64285714285717,117.7641127142995,0.3160240709220228,1.120507399577167,0,0.0,10.994423791821562,0.7853159851301116
2026-05-26,SKU-1009,Beverages,402.0,0,3823.0,14,False,False,False,421.57142857142856,385.07142857142856,367.32142857142856,112.66208194860728,0.30671252256305337,1.1543125366712301,0,0.0,9.92802819514005,0.7091448710814321
2026-05-27,SKU-1009,Beverages,343.0,0,3480.0,14,False,False,False,422.2857142857143,374.57142857142856,368.5,112.21193572217936,0.3045100019597812,1.2137138164647916,0,0.0,9.290617848970252,0.6636155606407322
2026-05-28,SKU-1009,Beverages,383.0,0,3097.0,14,False,True,False,431.85714285714283,377.07142857142856,366.4642857142857,111.38072249682769,0.3039333622367386,1.2515007244876837,0,0.0,8.213297973100966,0.5866641409357832
2026-05-29,SKU-1009,Beverages,320.0,5799,8468.0,14,True,False,False,423.7142857142857,368.57142857142856,370.35714285714283,107.58604283900681,0.2904926904042614,1.2106122448979593,0,0.0,22.975193798449613,1.6410852713178294
2026-05-30,SKU-1009,Beverages,258.0,0,8210.0,14,False,False,False,355.85714285714283,367.64285714285717,369.7142857142857,108.2226296397272,0.2927196319467119,0.938760128132655,0,0.0,22.331455216631046,1.5951039440450747
2026-05-31,SKU-1009,Beverages,255.0,0,7955.0,14,False,False,False,320.0,366.7857142857143,369.25,108.70197960649274,0.2943858621705965,0.8146935806510275,0,0.0,21.688412852969815,1.549172346640701
2026-06-01,SKU-1009,Beverages,358.0,0,7597.0,14,False,False,False,331.2857142857143,373.85714285714283,372.75,106.6116611646976,0.286013846182958,0.8620817843866171,0,0.0,20.32059610240734,1.4514711501719528
2026-06-02,SKU-1009,Beverages,615.0,0,6982.0,14,False,False,False,361.7142857142857,391.64285714285717,378.42857142857144,115.1062081446485,0.3041689154445223,0.9393433500278242,0,0.0,17.827466715301842,1.2733904796644173
2026-06-03,SKU-1009,Beverages,587.0,0,6395.0,14,False,False,False,396.57142857142856,409.42857142857144,378.67857142857144,115.5668969556493,0.30518467554071305,1.0587337909992371,0,0.0,15.619330076762036,1.115666434054431
2026-06-04,SKU-1009,Beverages,509.0,0,5886.0,14,False,False,False,414.57142857142856,423.2142857142857,384.14285714285717,118.04541319644557,0.3072956089159981,1.099450653532866,0,0.0,13.907848101265822,0.9934177215189873
2026-06-05,SKU-1009,Beverages,331.0,0,5555.0,14,False,False,False,416.14285714285717,419.92857142857144,384.9642857142857,117.57502951791064,0.30541801897221427,1.1290697674418606,0,0.0,13.228440210920224,0.9448885864943017
2026-06-06,SKU-1009,Beverages,224.0,0,5331.0,14,False,False,False,411.2857142857143,383.57142857142856,381.32142857142856,120.99986335205888,0.31731724022268887,1.118709928113464,0,0.0,13.898324022346369,0.9927374301675977
2026-06-07,SKU-1009,Beverages,314.0,0,5017.0,14,False,False,False,419.7142857142857,369.85714285714283,381.32142857142856,120.99986335205888,0.31731724022268887,1.1443037974683545,0,0.0,13.564696794129008,0.9689069138663576
2026-06-08,SKU-1009,Beverages,462.0,0,4555.0,14,False,False,False,434.57142857142856,382.92857142857144,383.60714285714283,121.92752531143826,0.3178447731794313,1.1623996943064578,0,0.0,11.895168811788844,0.8496549151277746
2026-06-09,SKU-1009,Beverages,387.0,0,4168.0,14,False,False,False,402.0,381.85714285714283,383.4642857142857,121.92088574543891,0.3179458695047303,1.0264453766186394,0,0.0,10.915076692854472,0.7796483352038909
2026-06-10,SKU-1009,Beverages,374.0,0,3794.0,14,False,False,False,371.57142857142856,384.07142857142856,379.32142857142856,120.12433483730851,0.31668217450754527,0.9075366364270759,0,0.0,9.878370838757672,0.7055979170541195
2026-06-11,SKU-1009,Beverages,372.0,0,3422.0,14,False,False,False,352.0,383.2857142857143,380.17857142857144,119.97810095594403,0.3155835440832722,0.8317299578059072,0,0.0,8.928065598210958,0.6377189713007827
2026-06-12,SKU-1009,Beverages,305.0,0,3117.0,14,False,False,False,348.2857142857143,382.2142857142857,375.39285714285717,120.21719211669881,0.3202436855929566,0.8293927538697057,0,0.0,8.155111194169313,0.5825079424406653
2026-06-13,SKU-1009,Beverages,265.0,0,2852.0,14,False,False,False,354.14285714285717,382.7142857142857,375.17857142857144,120.41534711200981,0.32095475670026413,0.9232774674115457,0,0.0,7.452034341172079,0.5322881672265771
2026-06-14,SKU-1009,Beverages,315.0,6141,8678.0,14,False,False,False,354.2857142857143,387.0,376.89285714285717,119.1532904025592,0.3161463215456891,0.9578988026264967,0,0.0,22.42377260981912,1.6016980435585086
2026-06-15,SKU-1009,Beverages,457.0,0,8221.0,14,False,False,False,353.57142857142856,394.07142857142856,383.9642857142857,117.7648259575168,0.30670775991167987,0.9233351986569669,0,0.0,20.861700199383723,1.490121442813123
2026-06-16,SKU-1009,Beverages,435.0,0,7786.0,14,False,False,False,360.42857142857144,381.2142857142857,386.42857142857144,118.09645416680587,0.30561004775143846,0.9438832772166107,0,0.0,20.42420835675473,1.4588720254824807
2026-06-17,SKU-1009,Beverages,388.0,0,7398.0,14,False,False,False,362.42857142857144,367.0,388.2142857142857,117.71445587392023,0.30322030951883777,0.9436488748372699,0,0.0,20.158038147138964,1.4398598676527832
2026-06-18,SKU-1009,Beverages,337.0,0,7061.0,14,False,False,False,357.42857142857144,354.7142857142857,388.9642857142857,117.30349435698743,0.30157908750304363,0.9325382035035409,0,0.0,19.9061619009263,1.4218687072090215
2026-06-19,SKU-1009,Beverages,380.0,0,6681.0,14,False,False,False,368.14285714285717,358.2142857142857,389.07142857142856,117.29353130830566,0.30147043112103533,0.9631844515043917,0,0.0,18.65084745762712,1.3322033898305086
2026-06-20,SKU-1009,Beverages,328.0,0,6353.0,14,False,False,False,377.14285714285717,365.64285714285717,374.60714285714283,96.4258837563911,0.2574053527675614,0.9854423292273237,0,0.0,17.374877905840982,1.2410627075600702
2026-06-21,SKU-1009,Beverages,274.0,0,6079.0,14,False,False,False,371.2857142857143,362.7857142857143,366.32142857142856,94.66903501396949,0.25843160577080493,0.9593946105574013,0,0.0,16.756448119708605,1.1968891514077575
2026-06-22,SKU-1009,Beverages,304.0,0,5775.0,14,False,False,False,349.42857142857144,351.5,367.2142857142857,93.92998067625301,0.25579064957547987,0.8867137937284757,0,0.0,16.429587482219063,1.1735419630156474
2026-06-23,SKU-1009,Beverages,412.0,0,5363.0,14,False,False,False,346.14285714285717,353.2857142857143,367.57142857142856,94.08602390461554,0.25596664101527744,0.9080007494847293,0,0.0,15.180347755762233,1.0843105539830167
2026-06-24,SKU-1009,Beverages,535.0,0,4828.0,14,False,False,False,367.14285714285717,364.7857142857143,374.42857142857144,99.09233575454259,0.26464950411362004,1.0003892565200467,0,0.0,13.235167417270413,0.9453691012336009
2026-06-25,SKU-1009,Beverages,473.0,0,4355.0,14,False,False,False,386.57142857142856,372.0,377.64285714285717,100.82519316480168,0.266985569189942,1.089810712847362,0,0.0,11.706989247311828,0.8362135176651305
2026-06-26,SKU-1009,Beverages,165.0,0,4190.0,14,False,False,False,355.85714285714283,362.0,372.10714285714283,108.09986442096346,0.29050736191448095,0.9934197407776669,0,0.0,11.574585635359115,0.8267561168113654
2026-06-27,SKU-1009,Beverages,297.0,0,3893.0,14,False,False,False,351.42857142857144,364.2857142857143,373.5,106.81881509949103,0.2859941501994405,0.9611252197694862,0,0.0,10.686666666666667,0.7633333333333334
2026-06-28,SKU-1009,Beverages,250.0,0,3643.0,14,False,False,False,348.0,359.64285714285717,373.32142857142856,107.02822527394818,0.2866918882302257,0.9592439456585943,0,0.0,10.129493545183713,0.7235352532274081
2026-06-29,SKU-1009,Beverages,385.0,6616,9874.0,14,False,False,False,359.57142857142856,354.5,374.2857142857143,107.00670008197551,0.28589576357779717,1.0229628124364967,0,0.0,27.853314527503525,1.9895224662502518
2026-01-01,SKU-1010,Snacks,237.0,0,911.0,3,False,False,False,,,,,,,0,,,
2026-01-02,SKU-1010,Snacks,196.0,0,715.0,3,False,False,False,,,,,,,0,,,
2026-01-03,SKU-1010,Snacks,171.0,0,544.0,3,False,False,False,201.33333333333334,,,,,,0,,,
2026-01-04,SKU-1010,Snacks,209.0,0,335.0,3,False,False,False,203.25,,,,,,0,,,
2026-01-05,SKU-1010,Snacks,190.0,0,145.0,3,False,False,False,200.6,200.6,,,,,0,0.0,0.7228315054835494,0.24094383516118312
2026-01-06,SKU-1010,Snacks,200.0,783,728.0,3,False,False,False,200.5,200.5,,,,,0,0.0,3.630922693266833,1.2103075644222776
2026-01-07,SKU-1010,Snacks,209.0,0,461.0,3,True,False,False,201.71428571428572,201.71428571428572,201.71428571428572,20.279006268505746,0.1005333171951418,,0,0.0,2.285410764872521,0.7618035882908404
2026-01-08,SKU-1010,Snacks,218.0,0,243.0,3,False,False,False,199.0,203.75,203.75,19.637791554623885,0.09638179904109882,,0,0.0,1.192638036809816,0.39754601226993863
2026-01-09,SKU-1010,Snacks,155.0,0,88.0,3,False,False,False,193.14285714285714,198.33333333333334,198.33333333333334,24.525496936861444,0.12365796774888123,,0,0.0,0.4436974789915966,0.14789915966386555
2026-01-10,SKU-1010,Snacks,165.0,874,797.0,3,False,False,False,192.28571428571428,195.0,195.0,25.412158070061224,0.1303187593336473,,0,0.0,4.087179487179487,1.3623931623931622
2026-01-11,SKU-1010,Snacks,179.0,0,618.0,3,False,False,False,188.0,193.54545454545453,193.54545454545453,24.586027073781715,0.1270297312407698,,0,0.0,3.193048379520902,1.0643494598403007
2026-01-12,SKU-1010,Snacks,238.0,0,380.0,3,False,False,False,194.85714285714286,197.25,197.25,26.724605618316346,0.13548596004216146,0.9713715994872526,0,0.0,1.926489226869455,0.6421630756231517
2026-01-13,SKU-1010,Snacks,205.0,0,175.0,3,False,False,False,195.57142857142858,197.84615384615384,197.84615384615384,25.676987601891554,0.12978259674361983,0.9754185963662273,0,0.0,0.8845256609642302,0.29484188698807673
2026-01-14,SKU-1010,Snacks,220.0,689,644.0,3,False,False,False,197.14285714285714,199.42857142857142,199.42857142857142,25.37022569171098,0.12721459874067112,0.9773371104815863,0,0.0,3.2292263610315186,1.0764087870105061
2026-01-15,SKU-1010,Snacks,277.0,0,367.0,3,False,False,False,205.57142857142858,202.28571428571428,204.6,31.604249262220605,0.1544684714673539,1.0089395267309378,0,0.0,1.814265536723164,0.6047551789077213
2026-01-16,SKU-1010,Snacks,220.0,0,147.0,3,False,False,False,214.85714285714286,204.0,205.5625,30.77438057865666,0.14970814510748148,1.083313325330132,0,0.0,0.7205882352941176,0.24019607843137256
2026-01-17,SKU-1010,Snacks,159.0,0,0.0,3,False,True,False,214.0,203.14285714285714,202.8235294117647,31.865410899040768,0.15710904445582746,1.0974358974358975,1,0.058823529411764705,0.0,0.0
2026-01-18,SKU-1010,Snacks,173.0,0,0.0,3,False,False,False,213.14285714285714,200.57142857142858,201.16666666666666,31.70312658546658,0.1575963210545149,1.101254780916594,1,0.1111111111111111,0.0,0.0
2026-01-19,SKU-1010,Snacks,152.0,0,0.0,3,False,False,False,200.85714285714286,197.85714285714286,198.57894736842104,32.809747517525075,0.1652226882674202,1.0182871627738548,1,0.15789473684210525,0.0,0.0
2026-01-20,SKU-1010,Snacks,229.0,0,0.0,3,False,False,False,204.28571428571428,199.92857142857142,200.1,32.651106211614106,0.16317394408602753,1.032548322594979,1,0.2,0.0,0.0
2026-01-21,SKU-1010,Snacks,224.0,0,0.0,3,False,False,False,204.85714285714286,201.0,201.23809523809524,32.24888333245783,0.160252378131002,1.027220630372493,1,0.23809523809523808,0.0,0.0
2026-01-22,SKU-1010,Snacks,204.0,879,675.0,3,False,False,False,194.42857142857142,200.0,201.36363636363637,31.477195758419345,0.1563201595226243,0.9611581920903954,0,0.22727272727272727,3.375,1.125
2026-01-23,SKU-1010,Snacks,206.0,0,469.0,3,False,False,False,192.42857142857142,203.64285714285714,201.56521739130434,30.76867664444789,0.1526487409021358,0.9432773109243697,0,0.21739130434782608,2.30305156085584,0.7676838536186134
2026-01-24,SKU-1010,Snacks,124.0,0,345.0,3,False,False,False,187.42857142857142,200.71428571428572,198.33333333333334,34.00340988868574,0.17144576414463397,0.9226441631504922,0,0.20833333333333334,1.7188612099644127,0.5729537366548042
2026-01-25,SKU-1010,Snacks,182.0,0,163.0,3,False,False,False,188.71428571428572,200.92857142857142,197.68,33.44737159578712,0.1691995730260376,0.9408831908831908,0,0.2,0.8112335584784928,0.2704111861594976
2026-01-26,SKU-1010,Snacks,216.0,0,0.0,3,False,False,False,197.85714285714286,199.35714285714286,198.3846153846154,32.96795647058146,0.16618202175942576,1.0,1,0.23076923076923078,0.0,0.0
2026-01-27,SKU-1010,Snacks,242.0,0,0.0,3,False,False,False,199.71428571428572,202.0,200.0,33.3996775663847,0.16699838783192353,0.9989281886387996,1,0.25925925925925924,0.0,0.0
2026-01-28,SKU-1010,Snacks,195.0,0,0.0,3,False,False,False,195.57142857142858,200.21428571428572,199.82142857142858,32.78894751841052,0.16409124763458346,0.9729921819474059,1,0.2857142857142857,0.0,0.0
2026-01-29,SKU-1010,Snacks,222.0,0,0.0,3,False,False,False,198.14285714285714,196.28571428571428,199.28571428571428,32.27756604580447,0.16196628123342746,0.9907142857142857,1,0.32142857142857145,0.0,0.0
2026-01-30,SKU-1010,Snacks,155.0,0,0.0,3,False,False,False,190.85714285714286,191.64285714285714,197.82142857142858,33.34450209713469,0.1685585951832048,0.9372150122763943,1,0.35714285714285715,0.0,0.0
2026-01-31,SKU-1010,Snacks,167.0,0,0.0,3,False,False,False,197.0,192.21428571428572,197.67857142857142,33.47199334704072,0.169325350265066,0.9814946619217082,1,0.39285714285714285,0.0,0.0
2026-02-01,SKU-1010,Snacks,175.0,0,0.0,3,False,False,False,196.0,192.35714285714286,196.46428571428572,33.66224629160724,0.17134028288765726,0.9754710273729116,1,0.42857142857142855,0.0,0.0
2026-02-02,SKU-1010,Snacks,217.0,0,0.0,3,False,False,False,196.14285714285714,197.0,197.42857142857142,33.85637263875101,0.17148669209208184,0.9838767466857756,1,0.4642857142857143,0.0,0.0
2026-02-03,SKU-1010,Snacks,430.0,875,445.0,3,False,False,False,223.0,211.35714285714286,205.64285714285714,55.491884148487934,0.26984591110761763,1.103960396039604,0,0.4642857142857143,2.1054410273741127,0.7018136757913709
2026-02-04,SKU-1010,Snacks,207.0,648,886.0,3,False,False,False,224.71428571428572,210.14285714285714,205.57142857142858,55.48868991961073,0.2699241344247916,1.1223688904744915,0,0.4642857142857143,4.216179469748471,1.4053931565828235
2026-02-05,SKU-1010,Snacks,199.0,0,687.0,3,False,False,False,221.42857142857142,209.78571428571428,204.89285714285714,55.44723169505853,0.27061573774823755,1.1280931586608443,0,0.4642857142857143,3.274770173646578,1.0915900578821927
2026-02-06,SKU-1010,Snacks,222.0,0,465.0,3,False,False,False,231.0,210.92857142857142,207.28571428571428,54.654373375792446,0.2636668598418657,1.2053671263510994,0,0.4642857142857143,2.204537758211988,0.734845919403996
2026-02-07,SKU-1010,Snacks,176.0,931,1220.0,3,False,False,False,232.28571428571428,214.64285714285714,207.67857142857142,54.37800043415473,0.261837319373402,1.2084726867335562,0,0.4642857142857143,5.683860232945092,1.894620077648364
2026-02-08,SKU-1010,Snacks,153.0,0,1067.0,3,False,False,False,229.14285714285714,212.57142857142858,206.75,55.103017998949866,0.2665200386889957,1.1912365391756405,0,0.4642857142857143,5.019489247311828,1.673163082437276
2026-02-09,SKU-1010,Snacks,193.0,0,874.0,3,False,False,False,225.71428571428572,210.92857142857142,205.14285714285714,54.81329541723755,0.2671957297497652,1.1457577955039884,0,0.4642857142857143,4.143582797155435,1.3811942657184784
2026-02-10,SKU-1010,Snacks,263.0,0,611.0,3,False,False,False,201.85714285714286,212.42857142857142,207.21428571428572,55.8929911082459,0.26973522079125906,0.9550523825616762,0,0.4642857142857143,2.87626092804304,0.9587536426810134
2026-02-11,SKU-1010,Snacks,227.0,0,384.0,3,False,False,False,204.71428571428572,214.71428571428572,207.46428571428572,55.96790227135625,0.2697712624544629,0.9741672331747111,0,0.4642857142857143,1.7884231536926147,0.5961410512308716
2026-02-12,SKU-1010,Snacks,201.0,0,183.0,3,False,False,False,205.0,213.21428571428572,204.75,54.2884101948241,0.2651448605363815,0.9771876064010896,0,0.4642857142857143,0.8582914572864321,0.2860971524288107
2026-02-13,SKU-1010,Snacks,221.0,688,650.0,3,False,False,False,204.85714285714286,217.92857142857142,204.78571428571428,54.29914203186663,0.2651510249201719,0.9712157128344058,0,0.4642857142857143,2.9826286463454608,0.9942095487818202
2026-02-14,SKU-1010,Snacks,194.0,0,456.0,3,False,False,False,207.42857142857142,219.85714285714286,206.03571428571428,53.604506542763005,0.2601709452586868,0.9663893510815308,0,0.42857142857142855,2.074074074074074,0.691358024691358
2026-02-15,SKU-1010,Snacks,176.0,874,1154.0,3,False,False,False,210.71428571428572,219.92857142857142,206.14285714285714,53.53898841426947,0.2597178925155137,0.991263440860215,0,0.39285714285714285,5.2471581682364405,1.7490527227454802
2026-02-16,SKU-1010,Snacks,212.0,0,942.0,3,False,False,False,213.42857142857142,219.57142857142858,208.28571428571428,52.48199489691478,0.2519711689152287,1.0118523535387742,0,0.35714285714285715,4.290175666883539,1.4300585556278465
2026-02-17,SKU-1010,Snacks,218.0,0,724.0,3,False,False,False,207.0,204.42857142857142,207.89285714285714,52.36222789428378,0.25187122161826936,0.9744451916610626,0,0.32142857142857145,3.541579315164221,1.1805264383880736
2026-02-18,SKU-1010,Snacks,218.0,0,506.0,3,False,False,False,205.71428571428572,205.21428571428572,207.67857142857142,52.30611717743819,0.25186092535997756,0.9580838323353293,0,0.2857142857142857,2.4657152801949183,0.8219050933983061
2026-02-19,SKU-1010,Snacks,224.0,737,1019.0,3,False,False,False,209.0,207.0,208.39285714285714,52.39051319672172,0.2514026340202585,0.9802345058626465,0,0.2857142857142857,4.9227053140096615,1.640901771336554
2026-02-20,SKU-1010,Snacks,236.0,0,783.0,3,False,False,False,211.14285714285714,208.0,209.46428571428572,52.645904587548586,0.25133594688002736,0.9688626679777123,0,0.2857142857142857,3.764423076923077,1.2548076923076923
2026-02-21,SKU-1010,Snacks,146.0,0,637.0,3,False,False,False,204.28571428571428,205.85714285714286,210.25,51.47428340299505,0.24482417789771724,0.9291747888239116,0,0.2857142857142857,3.0943789035392086,1.0314596345130695
2026-02-22,SKU-1010,Snacks,195.0,0,442.0,3,False,False,False,207.0,208.85714285714286,210.71428571428572,51.26825394368198,0.24330696786832123,0.9412146800909387,0,0.2857142857142857,2.1162790697674416,0.7054263565891472
2026-02-23,SKU-1010,Snacks,254.0,0,188.0,3,False,False,False,213.0,213.21428571428572,212.07142857142858,51.91226827912259,0.2447867146876781,0.97007156798959,0,0.25,0.8817420435510888,0.2939140145170296
2026-02-24,SKU-1010,Snacks,260.0,912,840.0,3,False,False,False,219.0,213.0,212.71428571428572,52.4057228588614,0.2463667293566352,1.0712788259958073,0,0.21428571428571427,3.943661971830986,1.3145539906103287
2026-02-25,SKU-1010,Snacks,277.0,0,563.0,3,False,False,False,227.42857142857142,216.57142857142858,215.64285714285714,53.65542621119287,0.24881615334769797,1.108249216846502,0,0.17857142857142858,2.5996042216358837,0.8665347405452946
2026-02-26,SKU-1010,Snacks,245.0,0,318.0,3,False,False,False,230.42857142857142,219.71428571428572,216.46428571428572,53.931700389272976,0.24914826116146566,1.1131815044858522,0,0.14285714285714285,1.447334200260078,0.482444733420026
2026-02-27,SKU-1010,Snacks,143.0,686,861.0,3,False,False,False,217.14285714285714,214.14285714285714,216.03571428571428,54.483080719211216,0.2521947859378268,1.043956043956044,0,0.10714285714285714,4.020680453635757,1.3402268178785857
2026-02-28,SKU-1010,Snacks,172.0,0,689.0,3,False,False,False,220.85714285714286,212.57142857142858,216.21428571428572,54.324373591764186,0.25125247118754496,1.0728660652324775,0,0.07142857142857142,3.241263440860215,1.080421146953405
2026-03-01,SKU-1010,Snacks,186.0,0,503.0,3,False,False,False,219.57142857142858,213.28571428571428,216.60714285714286,54.054389129163084,0.24955035377025,1.0512995896032833,0,0.03571428571428571,2.3583389149363696,0.7861129716454566
2026-03-02,SKU-1010,Snacks,194.0,0,309.0,3,False,False,False,211.0,212.0,215.78571428571428,54.22269385691316,0.25128027606646286,0.9896147403685092,0,0.0,1.4575471698113207,0.4858490566037736
2026-03-03,SKU-1010,Snacks,252.0,0,57.0,3,False,False,False,209.85714285714286,214.42857142857142,209.42857142857142,35.315958591222355,0.16863008877118452,0.9852448021462106,0,0.0,0.2658227848101266,0.08860759493670887
2026-03-04,SKU-1010,Snacks,249.0,0,0.0,3,False,False,False,205.85714285714286,216.64285714285714,210.92857142857142,36.09240052506034,0.17111195643442087,0.9505277044854881,1,0.03571428571428571,0.0,0.0
2026-03-05,SKU-1010,Snacks,262.0,0,0.0,3,False,False,False,208.28571428571428,219.35714285714286,213.17857142857142,37.26586519852597,0.17481055881365845,0.9479843953185955,1,0.07142857142857142,0.0,0.0
2026-03-06,SKU-1010,Snacks,181.0,767,586.0,3,False,False,False,213.71428571428572,215.42857142857142,211.71428571428572,37.70927495974191,0.17811398429027891,0.9979986657771849,0,0.07142857142857142,2.7201591511936343,0.9067197170645448
2026-03-07,SKU-1010,Snacks,161.0,0,425.0,3,False,False,False,212.14285714285714,216.5,211.17857142857142,38.336766581933745,0.18153720011739302,0.9979838709677419,0,0.07142857142857142,1.9630484988452657,0.6543494996150886
2026-03-08,SKU-1010,Snacks,214.0,0,211.0,3,False,False,False,216.14285714285714,217.85714285714286,213.35714285714286,36.60217994491007,0.17155357188776063,1.013395847287341,0,0.07142857142857142,0.9685245901639344,0.32284153005464483
2026-03-09,SKU-1010,Snacks,196.0,865,880.0,3,False,False,False,216.42857142857142,213.71428571428572,213.46428571428572,36.54472870014492,0.17119832752284722,1.0208894878706198,0,0.07142857142857142,4.117647058823529,1.372549019607843
2026-03-10,SKU-1010,Snacks,228.0,0,652.0,3,False,False,False,213.0,211.42857142857142,212.21428571428572,35.367234410415385,0.16665812243211559,0.9933377748167889,0,0.07142857142857142,3.083783783783784,1.027927927927928
2026-03-11,SKU-1010,Snacks,225.0,0,427.0,3,False,False,False,209.57142857142858,207.71428571428572,212.14285714285714,35.33827458710528,0.1665777253264222,0.967359050445104,0,0.07142857142857142,2.055708390646492,0.6852361302154973
2026-03-12,SKU-1010,Snacks,249.0,0,178.0,3,False,False,False,207.71428571428572,208.0,213.85714285714286,35.93689354215689,0.16804158636947109,0.9469228264408988,0,0.07142857142857142,0.8557692307692307,0.28525641025641024
2026-03-13,SKU-1010,Snacks,198.0,0,0.0,3,False,False,False,210.14285714285714,211.92857142857142,213.03571428571428,36.03031865573579,0.16912806745357958,0.9754641909814324,1,0.10714285714285714,0.0,0.0
2026-03-14,SKU-1010,Snacks,125.0,0,0.0,3,False,False,False,205.0,208.57142857142858,210.57142857142858,39.566567042305145,0.18790092896617097,0.9468822170900693,1,0.14285714285714285,0.0,0.0
2026-03-15,SKU-1010,Snacks,164.0,0,0.0,3,False,False,False,197.85714285714286,207.0,210.14285714285714,40.01732429068995,0.1904291434635144,0.9081967213114754,1,0.17857142857142858,0.0,0.0
2026-03-16,SKU-1010,Snacks,154.0,0,0.0,3,False,False,False,191.85714285714286,204.14285714285714,208.07142857142858,41.395051208450816,0.19894634978314843,0.8977272727272727,1,0.21428571428571427,0.0,0.0
2026-03-17,SKU-1010,Snacks,213.0,772,559.0,3,False,False,False,189.71428571428572,201.35714285714286,207.89285714285714,41.361405597680964,0.19895539541918347,0.8972972972972973,0,0.21428571428571427,2.7761617594891805,0.9253872531630601
2026-03-18,SKU-1010,Snacks,227.0,0,332.0,3,False,False,False,190.0,199.78571428571428,208.21428571428572,41.477666585728116,0.19920663197262217,0.9147180192572214,0,0.21428571428571427,1.6617804790847337,0.5539268263615779
2026-03-19,SKU-1010,Snacks,169.0,911,1074.0,3,False,False,False,178.57142857142858,193.14285714285714,206.25,42.00143295615486,0.20364331130256902,0.8585164835164836,0,0.21428571428571427,5.560650887573964,1.8535502958579881
2026-03-20,SKU-1010,Snacks,142.0,0,932.0,3,False,False,False,170.57142857142858,190.35714285714286,202.89285714285714,43.272897416207904,0.2132795507223766,0.8048533872598586,0,0.21428571428571427,4.896060037523452,1.6320200125078175
2026-03-21,SKU-1010,Snacks,196.0,0,736.0,3,False,False,False,180.71428571428572,192.85714285714286,204.67857142857142,41.84632695189724,0.204448988772138,0.8664383561643836,0,0.21428571428571427,3.8162962962962963,1.2720987654320988
2026-03-22,SKU-1010,Snacks,142.0,0,594.0,3,False,False,False,177.57142857142858,187.71428571428572,202.78571428571428,43.46761855029402,0.2143524690750674,0.857832988267771,0,0.21428571428571427,3.1643835616438354,1.0547945205479452
2026-03-23,SKU-1010,Snacks,197.0,0,397.0,3,False,False,False,183.71428571428572,187.78571428571428,200.75,42.29930828608766,0.2107063924587181,0.8999300209937019,0,0.21428571428571427,2.1141118295930013,0.704703943197667
2026-03-24,SKU-1010,Snacks,193.0,0,204.0,3,False,False,False,180.85714285714286,185.28571428571428,198.35714285714286,40.68780351035624,0.20512396440222808,0.8981908478183753,0,0.21428571428571427,1.1010023130300695,0.36700077101002315
2026-03-25,SKU-1010,Snacks,216.0,0,0.0,3,False,False,False,179.28571428571428,184.64285714285714,196.17857142857142,37.85552806778699,0.19296464334571925,0.8973900607794065,1,0.25,0.0,0.0
2026-03-26,SKU-1010,Snacks,244.0,782,538.0,3,False,False,False,190.0,184.28571428571428,196.14285714285714,37.80820436704606,0.19275850733381095,0.9837278106508875,0,0.25,2.9193798449612403,0.9731266149870801
2026-03-27,SKU-1010,Snacks,171.0,0,367.0,3,False,False,False,194.14285714285714,182.35714285714286,197.14285714285714,36.704742135561965,0.18618347460067664,1.0198874296435272,0,0.25,2.0125342734038387,0.6708447578012796
2026-03-28,SKU-1010,Snacks,172.0,665,860.0,3,False,False,False,190.71428571428572,185.71428571428572,197.14285714285714,36.704742135561965,0.18618347460067664,0.9888888888888889,0,0.25,4.63076923076923,1.5435897435897434
2026-03-29,SKU-1010,Snacks,175.0,0,685.0,3,False,False,False,195.42857142857142,186.5,196.75,36.886838965800415,0.18748075713240364,1.0410958904109588,0,0.25,3.6729222520107236,1.224307417336908
2026-03-30,SKU-1010,Snacks,191.0,0,494.0,3,False,False,False,194.57142857142858,189.14285714285714,196.64285714285714,36.899477348214994,0.18764717866872863,1.0361354127044504,0,0.25,2.61178247734139,0.8705941591137966
2026-03-31,SKU-1010,Snacks,218.0,0,276.0,3,False,False,False,198.14285714285714,189.5,195.42857142857142,35.54488927313118,0.18188174335666543,1.0693909020817272,0,0.25,1.4564643799472297,0.48548812664907653
2026-04-01,SKU-1010,Snacks,254.0,0,22.0,3,False,False,False,203.57142857142858,191.42857142857142,195.60714285714286,35.835363545292566,0.1832006900252313,1.102514506769826,0,0.21428571428571427,0.11492537313432837,0.03830845771144279
2026-04-02,SKU-1010,Snacks,216.0,0,0.0,3,False,False,False,199.57142857142858,194.78571428571428,193.96428571428572,33.667747114518946,0.1735770427557596,1.0829457364341086,1,0.21428571428571427,0.0,0.0
2026-04-03,SKU-1010,Snacks,202.0,0,0.0,3,False,False,False,204.0,199.07142857142858,194.71428571428572,33.602091141780626,0.1725712677861074,1.1186839012925969,1,0.25,0.0,0.0
2026-04-04,SKU-1010,Snacks,174.0,0,0.0,3,False,False,False,204.28571428571428,197.5,195.17857142857142,33.206484832343186,0.17013386556369794,1.0999999999999999,1,0.2857142857142857,0.0,0.0
2026-04-05,SKU-1010,Snacks,183.0,0,0.0,3,False,False,False,205.42857142857142,200.42857142857142,194.07142857142858,33.072231354604575,0.1704126753641752,1.1014936805821525,1,0.32142857142857145,0.0,0.0
2026-04-06,SKU-1010,Snacks,146.0,833,687.0,3,False,False,False,199.0,196.78571428571428,192.28571428571428,34.29162206597039,0.1783368160934567,1.0521148036253776,0,0.32142857142857145,3.4911070780399274,1.1637023593466425
2026-04-07,SKU-1010,Snacks,209.0,0,478.0,3,False,False,False,197.71428571428572,197.92857142857142,191.60714285714286,33.7423124695634,0.17610153758579222,1.0433471541650963,0,0.32142857142857145,2.415012630819199,0.8050042102730663
2026-04-08,SKU-1010,Snacks,153.0,758,1083.0,3,False,False,False,183.28571428571428,193.42857142857142,189.03571428571428,33.84658431572192,0.17904862286797918,0.9574626865671642,0,0.32142857142857145,5.598966026587888,1.8663220088626293
2026-04-09,SKU-1010,Snacks,197.0,0,886.0,3,False,False,False,180.57142857142858,190.07142857142858,187.17857142857142,31.799200515722983,0.1698869708910978,0.9270260359369271,0,0.32142857142857145,4.6614054866591506,1.5538018288863835
2026-04-10,SKU-1010,Snacks,198.0,0,688.0,3,False,False,False,180.0,192.0,187.17857142857142,31.799200515722983,0.1698869708910978,0.9041980624327233,0,0.2857142857142857,3.5833333333333335,1.1944444444444444
2026-04-11,SKU-1010,Snacks,137.0,0,551.0,3,False,False,False,174.71428571428572,189.5,187.60714285714286,31.001002714624775,0.16524425585560512,0.884629294755877,0,0.25,2.9076517150395778,0.969217238346526
2026-04-12,SKU-1010,Snacks,182.0,0,369.0,3,False,False,False,174.57142857142858,190.0,188.25,30.67828886048586,0.16296567787774693,0.8709907341411263,0,0.21428571428571427,1.9421052631578948,0.6473684210526316
2026-04-13,SKU-1010,Snacks,184.0,929,1114.0,3,False,False,False,180.0,189.5,189.32142857142858,29.953115922039842,0.15821302505510573,0.9147005444646098,0,0.17857142857142858,5.878627968337731,1.9595426561125768
2026-04-14,SKU-1010,Snacks,223.0,0,891.0,3,False,False,False,182.0,189.85714285714286,189.67857142857142,30.303469513411628,0.15976221923847217,0.9195236376759294,0,0.17857142857142858,4.693002257336343,1.564334085778781
2026-04-15,SKU-1010,Snacks,264.0,0,627.0,3,False,False,False,197.85714285714286,190.57142857142858,191.0,32.70292772033545,0.17121951686039505,1.0228951255539145,0,0.17857142857142858,3.2901049475262365,1.0967016491754122
2026-04-16,SKU-1010,Snacks,169.0,0,458.0,3,False,False,False,193.85714285714286,187.21428571428572,191.0,32.70292772033545,0.17121951686039505,1.0199173243141675,0,0.17857142857142858,2.4463945059137733,0.8154648353045911
2026-04-17,SKU-1010,Snacks,167.0,0,291.0,3,False,False,False,189.42857142857142,184.71428571428572,191.89285714285714,31.639566515870168,0.16488141865705652,0.9866071428571428,0,0.17857142857142858,1.5754060324825985,0.5251353441608662
2026-04-18,SKU-1010,Snacks,182.0,0,109.0,3,False,False,False,195.85714285714286,185.28571428571428,191.39285714285714,31.682848831077575,0.16553830327862887,1.033546928006031,0,0.17857142857142858,0.5882806476484195,0.19609354921613983
2026-04-19,SKU-1010,Snacks,171.0,790,728.0,3,False,False,False,194.28571428571428,184.42857142857142,192.42857142857142,30.458749970007855,0.1582860057832628,1.0225563909774436,0,0.17857142857142858,3.947327652982185,1.315775884327395
2026-04-20,SKU-1010,Snacks,184.0,0,544.0,3,False,False,False,194.28571428571428,187.14285714285714,191.96428571428572,30.485554736941417,0.15880847118778785,1.0252544289483603,0,0.17857142857142858,2.906870229007634,0.9689567430025446
2026-04-21,SKU-1010,Snacks,236.0,892,1200.0,3,False,False,False,196.14285714285714,189.07142857142858,193.5,31.602273710980157,0.16331924398439357,1.0331075996990218,0,0.17857142857142858,6.34680770683793,2.1156025689459765
2026-04-22,SKU-1010,Snacks,197.0,0,1003.0,3,False,False,False,186.57142857142858,192.21428571428572,192.82142857142858,31.30383194083271,0.16234622973575027,0.9790104947526237,0,0.14285714285714285,5.218134522482348,1.7393781741607828
2026-04-23,SKU-1010,Snacks,172.0,0,831.0,3,False,False,False,187.0,190.42857142857142,190.25,29.868384127206713,0.1569954487632416,0.9988553987027852,0,0.14285714285714285,4.3638409602400605,1.4546136534133536
2026-04-24,SKU-1010,Snacks,163.0,0,668.0,3,False,False,False,186.42857142857142,187.92857142857142,189.96428571428572,30.09673557154489,0.15843365219087363,1.0092807424593966,0,0.14285714285714285,3.554541999239833,1.1848473330799443
2026-04-25,SKU-1010,Snacks,160.0,0,508.0,3,False,False,False,183.28571428571428,189.57142857142858,189.53571428571428,30.445436491773386,0.16063166040506027,0.9892058596761758,0,0.14285714285714285,2.67972871137905,0.8932429037930167
2026-04-26,SKU-1010,Snacks,181.0,0,327.0,3,False,False,False,184.71428571428572,189.5,189.75,30.360335966520584,0.16000177057454854,1.0015491866769948,0,0.14285714285714285,1.725593667546174,0.575197889182058
2026-04-27,SKU-1010,Snacks,238.0,778,867.0,3,False,False,False,192.42857142857142,193.35714285714286,191.42857142857142,31.701651518410085,0.1656056422603512,1.0282442748091603,0,0.14285714285714285,4.483930550424825,1.494643516808275
2026-04-28,SKU-1010,Snacks,207.0,0,660.0,3,False,False,False,188.28571428571428,192.21428571428572,191.03571428571428,31.427143425951833,0.16450925704368133,0.9958443520967132,0,0.14285714285714285,3.433667781493868,1.1445559271646226
2026-04-29,SKU-1010,Snacks,232.0,0,428.0,3,False,False,False,193.28571428571428,189.92857142857142,190.25,30.03901783668361,0.15789234079728573,1.0055741360089185,0,0.14285714285714285,2.253478751410305,0.751159583803435
2026-04-30,SKU-1010,Snacks,223.0,0,205.0,3,False,False,False,200.57142857142858,193.78571428571428,190.5,30.289345394782764,0.1589991884240565,1.0532633158289573,0,0.10714285714285714,1.057869517139698,0.3526231723798993
2026-05-01,SKU-1010,Snacks,241.0,0,0.0,3,False,False,False,211.71428571428572,199.07142857142858,191.89285714285714,31.701547205745314,0.16520441499364766,1.1265678449258838,1,0.10714285714285714,0.0,0.0
2026-05-02,SKU-1010,Snacks,157.0,0,0.0,3,False,False,False,211.28571428571428,197.28571428571428,191.28571428571428,32.21554391658277,0.16841583824949916,1.1145440844009042,1,0.10714285714285714,0.0,0.0
2026-05-03,SKU-1010,Snacks,114.0,0,0.0,3,False,False,False,201.71428571428572,193.21428571428572,188.82142857142858,35.35853773102323,0.18725913683916218,1.0644553335846212,1,0.10714285714285714,0.0,0.0
2026-05-04,SKU-1010,Snacks,208.0,0,0.0,3,False,False,False,197.42857142857142,194.92857142857142,191.03571428571428,34.50870222278045,0.180640056503618,1.0210565201329884,1,0.14285714285714285,0.0,0.0
2026-05-05,SKU-1010,Snacks,182.0,756,574.0,3,False,False,False,193.85714285714286,191.07142857142858,190.07142857142858,34.365064701782174,0.18080079136600918,1.0085470085470085,0,0.14285714285714285,3.00411214953271,1.0013707165109034
2026-05-06,SKU-1010,Snacks,254.0,0,320.0,3,False,False,False,197.0,195.14285714285714,193.67857142857142,35.608003232137264,0.18385102166694514,1.0372320421210983,0,0.14285714285714285,1.6398243045387995,0.5466081015129332
2026-05-07,SKU-1010,Snacks,207.0,903,1016.0,3,False,False,False,194.71428571428572,197.64285714285714,194.03571428571428,35.69259923585902,0.18394860640604688,1.0047917434574274,0,0.14285714285714285,5.140585471629924,1.7135284905433081
2026-05-08,SKU-1010,Snacks,209.0,0,807.0,3,False,False,False,190.14285714285714,200.92857142857142,194.42857142857142,35.798229390756624,0.18412020994511122,0.9551489056332974,0,0.14285714285714285,4.016352648418059,1.338784216139353
2026-05-09,SKU-1010,Snacks,165.0,0,642.0,3,False,False,False,191.28571428571428,201.28571428571428,195.42857142857142,34.502204515104836,0.17654636813284638,0.9695872556118754,0,0.14285714285714285,3.1894960965223564,1.0631653655074522
2026-05-10,SKU-1010,Snacks,157.0,0,485.0,3,False,False,False,197.42857142857142,199.57142857142858,194.53571428571428,35.17941542779347,0.18083782485372082,1.02181146025878,0,0.14285714285714285,2.4302075876879026,0.8100691958959675
2026-05-11,SKU-1010,Snacks,199.0,881,1167.0,3,False,False,False,196.14285714285714,196.78571428571428,195.07142857142858,35.127206477609896,0.1800735593872349,1.0062293880542323,0,0.14285714285714285,5.930308529945553,1.9767695099818512
2026-05-12,SKU-1010,Snacks,179.0,0,988.0,3,False,False,False,195.71428571428572,194.78571428571428,193.5,34.81432229754071,0.17991897828186415,1.0242990654205608,0,0.14285714285714285,5.0722405573890725,1.6907468524630243
2026-05-13,SKU-1010,Snacks,192.0,0,796.0,3,False,False,False,186.85714285714286,191.92857142857142,190.92857142857142,31.955905466437617,0.16737099757954607,0.9575402635431919,0,0.14285714285714285,4.147376256047637,1.3824587520158789
2026-05-14,SKU-1010,Snacks,187.0,0,609.0,3,False,False,False,184.0,189.35714285714286,191.57142857142858,31.678276902527877,0.16536013297367272,0.9309721720274666,0,0.14285714285714285,3.2161448509996227,1.0720482836665408
2026-05-15,SKU-1010,Snacks,144.0,0,465.0,3,False,False,False,174.71428571428572,182.42857142857142,190.75,32.62312858262558,0.17102557579358105,0.8695343050124423,0,0.14285714285714285,2.54894283476899,0.8496476115896634
2026-05-16,SKU-1010,Snacks,122.0,0,343.0,3,False,False,False,168.57142857142858,179.92857142857142,188.60714285714286,35.09599458597575,0.18607988040282541,0.8374733853797021,0,0.14285714285714285,1.906312028582771,0.6354373428609237
2026-05-17,SKU-1010,Snacks,139.0,631,835.0,3,False,False,False,166.0,181.71428571428572,187.46428571428572,36.194415512420115,0.19307365866789164,0.8317823908375089,0,0.14285714285714285,4.595125786163522,1.5317085953878407
2026-05-18,SKU-1010,Snacks,213.0,0,622.0,3,False,False,False,168.0,182.07142857142858,188.5,36.50520003546938,0.19366153864970492,0.8537205081669692,0,0.14285714285714285,3.4162416633974106,1.1387472211324703
2026-05-19,SKU-1010,Snacks,191.0,0,431.0,3,False,False,False,169.71428571428572,182.71428571428572,186.89285714285714,35.307474065241884,0.18891826367796155,0.8712871287128714,0,0.14285714285714285,2.3588741204065675,0.7862913734688558
2026-05-20,SKU-1010,Snacks,191.0,0,240.0,3,False,False,False,169.57142857142858,178.21428571428572,186.67857142857142,35.26203873376267,0.18889173226427297,0.8835132117603276,0,0.14285714285714285,1.346693386773547,0.44889779559118237
2026-05-21,SKU-1010,Snacks,235.0,0,5.0,3,False,False,False,176.42857142857142,180.21428571428572,188.92857142857142,36.28582885454568,0.19206109790685805,0.931723877781969,0,0.14285714285714285,0.027744748315497423,0.009248249438499142
2026-05-22,SKU-1010,Snacks,153.0,0,0.0,3,False,False,False,177.71428571428572,176.21428571428572,188.57142857142858,36.598349053463565,0.19408215407139767,0.9741581832419735,1,0.17857142857142858,0.0,0.0
2026-05-23,SKU-1010,Snacks,173.0,0,0.0,3,False,False,False,185.0,176.78571428571428,189.03571428571428,36.3037414078996,0.1920469978124294,1.0281857880111156,1,0.21428571428571427,0.0,0.0
2026-05-24,SKU-1010,Snacks,132.0,773,641.0,3,False,False,False,184.0,175.0,187.28571428571428,37.85337906816657,0.20211567770950875,1.0125786163522013,0,0.21428571428571427,3.662857142857143,1.220952380952381
2026-05-25,SKU-1010,Snacks,205.0,0,436.0,3,False,False,False,182.85714285714286,175.42857142857142,186.10714285714286,36.71243535987382,0.19726505278765438,1.0043154178109062,0,0.21428571428571427,2.485342019543974,0.8284473398479913
2026-05-26,SKU-1010,Snacks,204.0,0,232.0,3,False,False,False,184.71428571428572,177.21428571428572,186.0,36.65353300135589,0.1970620053836338,1.0109460516028146,0,0.21428571428571427,1.3091495364772268,0.43638317882574224
2026-05-27,SKU-1010,Snacks,171.0,0,61.0,3,False,False,False,181.85714285714286,175.71428571428572,183.82142857142858,35.616323319125605,0.19375501319905128,1.020440881763527,0,0.21428571428571427,0.3471544715447154,0.1157181571815718
2026-05-28,SKU-1010,Snacks,229.0,0,0.0,3,False,False,False,181.0,178.71428571428572,184.03571428571428,35.87786085416608,0.19495053442977883,1.0043598890210066,1,0.25,0.0,0.0
2026-05-29,SKU-1010,Snacks,171.0,0,0.0,3,False,False,False,183.57142857142858,180.64285714285714,181.53571428571428,34.15919391760485,0.18816789881820498,1.0417511147142278,1,0.25,0.0,0.0
2026-05-30,SKU-1010,Snacks,181.0,0,0.0,3,False,False,False,184.71428571428572,184.85714285714286,182.39285714285714,33.820155381856445,0.18542477984961434,1.044848484848485,1,0.25,0.0,0.0
2026-05-31,SKU-1010,Snacks,175.0,747,572.0,3,False,False,False,190.85714285714286,187.42857142857142,184.57142857142858,31.107255996975674,0.16853776468949666,1.0906122448979592,0,0.21428571428571427,3.0518292682926833,1.0172764227642277
2026-06-01,SKU-1010,Snacks,185.0,0,387.0,3,False,False,False,188.0,185.42857142857142,183.75,30.767497280228888,0.16744216206927287,1.0716612377850163,0,0.17857142857142858,2.0870570107858244,0.6956856702619415
2026-06-02,SKU-1010,Snacks,227.0,664,824.0,3,False,False,False,191.28571428571428,188.0,185.35714285714286,31.829655733717686,0.1717206860393247,1.079403466344216,0,0.17857142857142858,4.382978723404255,1.4609929078014183
2026-06-03,SKU-1010,Snacks,184.0,0,640.0,3,False,False,False,193.14285714285714,187.5,182.85714285714286,28.84789521266779,0.157761926944277,1.0991869918699186,0,0.17857142857142858,3.4133333333333336,1.1377777777777778
2026-06-04,SKU-1010,Snacks,153.0,0,487.0,3,False,False,False,182.28571428571428,181.64285714285714,180.92857142857142,28.97882825050885,0.16016723075685904,1.0199840127897681,0,0.17857142857142858,2.6810853322847032,0.8936951107615677
2026-06-05,SKU-1010,Snacks,154.0,659,992.0,3,False,False,False,179.85714285714286,181.71428571428572,178.96428571428572,28.869414987026058,0.16131383349365985,0.9956504547251879,0,0.17857142857142858,5.459119496855346,1.819706498951782
2026-06-06,SKU-1010,Snacks,182.0,0,810.0,3,False,False,False,180.0,182.35714285714286,179.57142857142858,28.74334521554332,0.16006636158218238,0.973724884080371,0,0.17857142857142858,4.441833137485311,1.480611045828437
2026-06-07,SKU-1010,Snacks,172.0,0,638.0,3,False,False,False,179.57142857142858,185.21428571428572,180.10714285714286,28.44532023701344,0.15793554761776252,0.9580792682926831,0,0.17857142857142858,3.4446586964905515,1.1482195654968506
2026-06-08,SKU-1010,Snacks,188.0,0,450.0,3,False,False,False,180.0,184.0,179.71428571428572,28.250017558640472,0.15719405636763378,0.9707241910631742,0,0.17857142857142858,2.4456521739130435,0.8152173913043478
2026-06-09,SKU-1010,Snacks,145.0,0,305.0,3,False,False,False,168.28571428571428,179.78571428571428,178.5,29.002554165937717,0.16247929504727013,0.8951367781155015,0,0.17857142857142858,1.6964640444974177,0.5654880148324726
2026-06-10,SKU-1010,Snacks,273.0,694,726.0,3,False,False,False,181.0,187.07142857142858,181.39285714285714,34.00690483886441,0.18747653780039444,0.9653333333333334,0,0.17857142857142858,3.880870561282932,1.293623520427644
2026-06-11,SKU-1010,Snacks,216.0,0,510.0,3,False,False,False,190.0,186.14285714285714,182.42857142857142,34.62008469877374,0.18977336953125779,1.046008651199371,0,0.17857142857142858,2.7398311588641597,0.91327705295472
2026-06-12,SKU-1010,Snacks,195.0,0,315.0,3,False,False,False,195.85714285714286,187.85714285714286,184.25,33.85658752028209,0.1837535279255473,1.0778301886792452,0,0.17857142857142858,1.6768060836501901,0.55893536121673
2026-06-13,SKU-1010,Snacks,171.0,0,144.0,3,False,False,False,194.28571428571428,187.14285714285714,186.0,31.718670748851952,0.1705304878970535,1.0654132393262827,0,0.17857142857142858,0.7694656488549618,0.2564885496183206
2026-06-14,SKU-1010,Snacks,177.0,0,0.0,3,False,False,False,195.0,187.28571428571428,187.35714285714286,30.419553026782108,0.1623613200056994,1.0528345545699962,1,0.21428571428571427,0.0,0.0
2026-06-15,SKU-1010,Snacks,172.0,0,0.0,3,False,False,False,192.71428571428572,186.35714285714286,185.89285714285714,30.124850435423177,0.16205491108392872,1.047360248447205,1,0.25,0.0,0.0
2026-06-16,SKU-1010,Snacks,171.0,0,0.0,3,False,False,False,196.42857142857142,182.35714285714286,185.17857142857142,30.23617354223568,0.16328116859837977,1.092570520460866,1,0.2857142857142857,0.0,0.0
2026-06-17,SKU-1010,Snacks,207.0,848,641.0,3,False,False,False,187.0,184.0,185.75,30.500303580759994,0.1642008268143203,0.9996181748759068,0,0.2857142857142857,3.483695652173913,1.161231884057971
2026-06-18,SKU-1010,Snacks,222.0,0,419.0,3,False,False,False,187.85714285714286,188.92857142857142,185.28571428571428,29.81406223375656,0.1609085856871981,1.0092095165003838,0,0.2857142857142857,2.2177693761814745,0.7392564587271582
2026-06-19,SKU-1010,Snacks,172.0,0,247.0,3,False,False,False,184.57142857142858,190.21428571428572,185.96428571428572,29.26315107062144,0.15735898405557908,0.9825095057034221,0,0.25,1.2985354862936538,0.4328451620978846
2026-06-20,SKU-1010,Snacks,33.0,0,214.0,3,False,False,False,164.85714285714286,179.57142857142858,180.96428571428572,41.11905221459339,0.22722191869126007,0.8809160305343512,0,0.21428571428571427,1.1917263325377883,0.3972421108459294
2026-06-21,SKU-1010,Snacks,164.0,0,50.0,3,False,False,False,163.0,179.0,182.10714285714286,40.14080706132344,0.22042412192921287,0.870327993897788,0,0.21428571428571427,0.27932960893854747,0.0931098696461825
2026-06-22,SKU-1010,Snacks,259.0,0,0.0,3,False,False,False,175.42857142857142,184.07142857142858,184.03571428571428,42.50880705511129,0.23098129197421233,0.9413568417018013,1,0.25,0.0,0.0
2026-06-23,SKU-1010,Snacks,250.0,0,0.0,3,False,False,False,186.71428571428572,191.57142857142858,185.67857142857142,44.16555853656289,0.23786028832924813,1.0238934586760673,1,0.2857142857142857,0.0,0.0
2026-06-24,SKU-1010,Snacks,226.0,0,0.0,3,False,False,False,189.42857142857142,188.21428571428572,187.64285714285714,44.70828433110233,0.23826264965185862,1.029503105590062,1,0.32142857142857145,0.0,0.0
2026-06-25,SKU-1010,Snacks,107.0,832,725.0,3,False,False,False,173.0,180.42857142857142,183.28571428571428,46.43981141925629,0.2533738736826142,0.9156899810964084,0,0.2857142857142857,4.018210609659541,1.3394035365531805
2026-06-26,SKU-1010,Snacks,178.0,0,547.0,3,False,False,False,173.85714285714286,179.21428571428572,183.53571428571428,46.39003895542357,0.25275755803694494,0.9140067592940293,0,0.25,3.0522120366679952,1.017404012222665
2026-06-27,SKU-1010,Snacks,130.0,0,417.0,3,False,False,False,187.71428571428572,176.28571428571428,181.71428571428572,47.48165894856601,0.2612984376100331,1.045346062052506,0,0.21428571428571427,2.36547811993517,0.7884927066450568
2026-06-28,SKU-1010,Snacks,137.0,0,280.0,3,False,False,False,183.85714285714286,173.42857142857142,180.35714285714286,48.218034343789235,0.2673475171536829,1.0271348762968875,0,0.21428571428571427,1.6144975288303132,0.5381658429434377
2026-06-29,SKU-1010,Snacks,168.0,0,112.0,3,False,False,False,170.85714285714286,173.14285714285714,179.75,48.26441446556361,0.2685085644815778,0.9282110981761738,0,0.21428571428571427,0.6468646864686469,0.21562156215621564
2026-01-01,SKU-1011,Sugar,168.0,3250,4953.0,14,False,False,False,,,,,,,0,,,
2026-01-02,SKU-1011,Sugar,227.0,0,4726.0,14,False,False,False,,,,,,,0,,,
2026-01-03,SKU-1011,Sugar,149.0,0,4577.0,14,False,False,False,181.33333333333334,,,,,,0,,,
2026-01-04,SKU-1011,Sugar,135.0,0,4442.0,14,False,False,False,169.75,,,,,,0,,,
2026-01-05,SKU-1011,Sugar,236.0,0,4206.0,14,False,False,False,183.0,183.0,,,,,0,0.0,22.983606557377048,1.641686182669789
2026-01-06,SKU-1011,Sugar,235.0,0,3971.0,14,False,False,False,191.66666666666666,191.66666666666666,,,,,0,0.0,20.718260869565217,1.4798757763975154
2026-01-07,SKU-1011,Sugar,276.0,0,3695.0,14,False,False,False,203.71428571428572,203.71428571428572,203.71428571428572,52.882619342950754,0.2595921005614693,,0,0.0,18.138148667601683,1.2955820476858346
2026-01-08,SKU-1011,Sugar,277.0,0,3418.0,14,False,False,False,219.28571428571428,212.875,212.875,55.39323708076388,0.26021485416682977,,0,0.0,16.056371109806225,1.1468836507004447
2026-01-09,SKU-1011,Sugar,227.0,0,3191.0,14,False,False,False,219.28571428571428,214.44444444444446,214.44444444444446,52.02910510260366,0.24262276990851445,,0,0.0,14.880310880829015,1.0628793486306438
2026-01-10,SKU-1011,Sugar,158.0,0,3033.0,14,False,False,False,220.57142857142858,208.8,208.8,52.200042571289586,0.2500002038854865,,0,0.0,14.525862068965516,1.0375615763546797
2026-01-11,SKU-1011,Sugar,170.0,0,2870.0,14,True,False,False,225.57142857142858,205.27272727272728,205.27272727272728,50.88436087658154,0.24788661188768685,,0,0.0,13.981399468556244,0.9986713906111603
2026-01-12,SKU-1011,Sugar,182.0,0,2688.0,14,False,False,False,217.85714285714286,203.33333333333334,203.33333333333334,48.979278240595754,0.24088169626522501,1.1904761904761905,0,0.0,13.21967213114754,0.9442622950819671
2026-01-13,SKU-1011,Sugar,221.0,0,2467.0,14,False,False,False,215.85714285714286,204.69230769230768,204.69230769230768,47.14938072301802,0.23034270928193698,1.1262111801242236,0,0.0,12.052236001503195,0.860874000107371
2026-01-14,SKU-1011,Sugar,236.0,0,2231.0,14,False,False,False,210.14285714285714,206.92857142857142,206.92857142857142,46.06594651769818,0.22261762210831015,1.0315568022440391,0,0.0,10.781498101484294,0.7701070072488782
2026-01-15,SKU-1011,Sugar,183.0,0,2048.0,14,False,False,False,196.71428571428572,208.0,205.33333333333334,44.81815108487483,0.21827021632244234,0.9240835500377486,0,0.0,9.846153846153847,0.7032967032967034
2026-01-16,SKU-1011,Sugar,131.0,3062,4979.0,14,False,False,False,183.0,201.14285714285714,200.6875,47.117892921196436,0.23478240010561913,0.8533678756476684,0,0.0,24.753551136363637,1.7681107954545454
2026-01-17,SKU-1011,Sugar,199.0,0,4780.0,14,False,False,False,188.85714285714286,204.71428571428572,200.58823529411765,45.62353946090961,0.22744873045028252,0.904488232074439,0,0.0,23.349616189811584,1.6678297278436847
2026-01-18,SKU-1011,Sugar,235.0,0,4545.0,14,False,False,False,198.14285714285714,211.85714285714286,202.5,44.998365983405115,0.2222141530044697,0.9652663545489054,0,0.0,21.45313553607552,1.5323668240053945
2026-01-19,SKU-1011,Sugar,258.0,0,4287.0,14,False,False,False,209.0,213.42857142857142,205.42105263157896,45.546454660749866,0.22172242853042465,1.0278688524590163,0,0.0,20.086345381526105,1.4347389558232932
2026-01-20,SKU-1011,Sugar,269.0,0,4018.0,14,False,False,False,215.85714285714286,215.85714285714286,208.6,46.55545646125478,0.22318051994848886,1.0545444784452678,0,0.0,18.614162806088682,1.329583057577763
2026-01-21,SKU-1011,Sugar,176.0,0,3842.0,14,False,False,False,207.28571428571428,208.71428571428572,207.04761904761904,45.93090048156708,0.22183737583093577,1.0017259233690023,0,0.0,18.40793976728268,1.3148528405201916
2026-01-22,SKU-1011,Sugar,220.0,0,3622.0,14,False,False,False,212.57142857142858,204.64285714285714,207.63636363636363,44.90895069820551,0.2162865401402192,1.0219780219780221,0,0.0,17.699127399650962,1.2642233856893543
2026-01-23,SKU-1011,Sugar,147.0,0,3475.0,14,False,False,False,214.85714285714286,198.92857142857142,205.0,45.661800227323496,0.22274048891377315,1.0681818181818181,0,0.0,17.46858168761221,1.2477558348294437
2026-01-24,SKU-1011,Sugar,144.0,0,3319.0,14,True,False,False,207.0,197.92857142857142,202.45833333333334,46.3615087411273,0.2289928400467288,1.011165387299372,0,0.0,16.768675568386865,1.1977625405990617
2026-01-25,SKU-1011,Sugar,141.0,0,3178.0,14,False,False,False,193.57142857142858,195.85714285714286,200.0,47.020385649914296,0.2351019282495715,0.9136884693189481,0,0.0,16.22611232676878,1.1590080233406272
2026-01-26,SKU-1011,Sugar,188.0,0,2990.0,14,False,False,False,183.57142857142858,196.28571428571428,199.53846153846155,46.13045048054985,0.23118575799812952,0.8601070950468542,0,0.0,15.232896652110627,1.0880640465793305
2026-01-27,SKU-1011,Sugar,190.0,0,2800.0,14,False,False,False,172.28571428571428,194.07142857142858,199.1851851851852,45.27186002961785,0.2272852772033622,0.7981469225678358,0,0.0,14.427677585572322,1.0305483989694515
2026-01-28,SKU-1011,Sugar,239.0,0,2561.0,14,False,False,False,181.28571428571428,194.28571428571428,200.60714285714286,45.0582662171699,0.2246094808760472,0.8685831622176591,0,0.0,13.181617647058824,0.9415441176470588
2026-01-29,SKU-1011,Sugar,202.0,0,2359.0,14,False,False,False,178.71428571428572,195.64285714285714,201.82142857142858,44.60281802376814,0.2210013988082654,0.8732984293193717,0,0.0,12.05768528660095,0.8612632347572108
2026-01-30,SKU-1011,Sugar,144.0,0,2215.0,14,False,False,False,178.28571428571428,196.57142857142858,198.85714285714286,45.614093245898275,0.22938121603540798,0.896229802513465,0,0.0,11.268168604651162,0.8048691860465116
2026-01-31,SKU-1011,Sugar,141.0,0,2074.0,14,False,False,False,177.85714285714286,192.42857142857142,198.57142857142858,45.9616817629228,0.2314617067197551,0.8985925658607001,0,0.0,10.778025241276913,0.7698589458054937
2026-02-01,SKU-1011,Sugar,130.0,0,1944.0,14,False,False,False,176.28571428571428,184.92857142857142,198.39285714285714,46.22676736658125,0.23300620814838435,0.9000729394602479,0,0.0,10.512166859791426,0.7508690614136733
2026-02-02,SKU-1011,Sugar,226.0,0,1718.0,14,False,False,False,181.71428571428572,182.64285714285714,198.03571428571428,45.96333655075866,0.2320961989939121,0.925764192139738,0,0.0,9.406335549472038,0.6718811106765742
2026-02-03,SKU-1011,Sugar,203.0,0,1515.0,14,False,False,False,183.57142857142858,177.92857142857142,196.89285714285714,45.404632889504654,0.23060579011538732,0.9458962090541038,0,0.0,8.51465274989964,0.6081894821356885
2026-02-04,SKU-1011,Sugar,246.0,0,1269.0,14,False,False,False,184.57142857142858,182.92857142857142,195.82142857142858,43.794176487061534,0.22364343272619422,0.9500000000000001,0,0.0,6.93713393205779,0.49550956657555645
2026-02-05,SKU-1011,Sugar,90.0,3304,4483.0,14,False,False,False,168.57142857142858,173.64285714285714,189.14285714285714,45.19235783126618,0.23893240545231365,0.8616283315078497,0,0.0,25.817359111476758,1.844097079391197
2026-02-06,SKU-1011,Sugar,280.0,0,4203.0,14,False,False,False,188.0,183.14285714285714,191.03571428571428,47.86747302234548,0.2505681893112121,0.9563953488372092,0,0.0,22.949297971918877,1.639235569422777
2026-02-07,SKU-1011,Sugar,173.0,0,4030.0,14,False,False,False,192.57142857142858,185.21428571428572,191.57142857142858,47.56705097674585,0.2482992966720514,1.0007423904974018,0,0.0,21.758580794446587,1.5541843424604704
2026-02-08,SKU-1011,Sugar,178.0,0,3852.0,14,False,False,False,199.42857142857142,187.85714285714286,191.85714285714286,47.456579987679085,0.24735373038998779,1.0784086519891851,0,0.0,20.504942965779467,1.4646387832699619
2026-02-09,SKU-1011,Sugar,193.0,0,3659.0,14,False,False,False,194.71428571428572,188.21428571428572,192.25,47.41747216656183,0.24664484872073775,1.0660930778255768,0,0.0,19.440607210626187,1.3886148007590133
2026-02-10,SKU-1011,Sugar,245.0,0,3414.0,14,False,False,False,200.71428571428572,192.14285714285714,193.10714285714286,48.167408134019475,0.24943359122480954,1.128061019670815,0,0.0,17.768029739776953,1.2691449814126394
2026-02-11,SKU-1011,Sugar,286.0,0,3128.0,14,False,False,False,206.42857142857142,195.5,194.89285714285714,50.6778783543407,0.26002942897590975,1.1284654431862553,0,0.0,16.0,1.1428571428571428
2026-02-12,SKU-1011,Sugar,241.0,0,2887.0,14,False,False,False,228.0,198.28571428571428,196.96428571428572,51.35460031530742,0.2607305183732743,1.3130399012751954,0,0.0,14.559798270893372,1.039985590778098
2026-02-13,SKU-1011,Sugar,222.0,0,2665.0,14,False,False,False,219.71428571428572,203.85714285714286,200.21428571428572,49.883833306962536,0.24915221773010185,1.1996879875195008,0,0.0,13.072880168185003,0.9337771548703574
2026-02-14,SKU-1011,Sugar,175.0,0,2490.0,14,False,False,False,220.0,206.28571428571428,199.35714285714286,50.11114630625589,0.25136368623704136,1.1878133436174314,0,0.0,12.070637119113574,0.8621883656509696
2026-02-15,SKU-1011,Sugar,101.0,0,2389.0,14,False,True,False,209.0,204.21428571428572,194.57142857142858,52.902025846127465,0.2718900006776008,1.1125475285171103,0,0.0,11.69849597761455,0.8356068555438965
2026-02-16,SKU-1011,Sugar,278.0,0,2111.0,14,False,False,False,221.14285714285714,207.92857142857142,195.28571428571428,53.91547372395337,0.27608508856450154,1.174952561669829,0,0.0,10.152524905530745,0.7251803503950532
2026-02-17,SKU-1011,Sugar,220.0,0,1891.0,14,False,False,False,217.57142857142858,209.14285714285714,193.53571428571428,52.20222937119401,0.2697291792569537,1.1323420074349444,0,0.0,9.041666666666666,0.6458333333333333
2026-02-18,SKU-1011,Sugar,204.0,3065,4752.0,14,False,False,False,205.85714285714286,206.14285714285714,194.53571428571428,52.121995174325214,0.2679302120214992,1.0529777128242601,0,0.0,23.051975051975052,1.6465696465696467
2026-02-19,SKU-1011,Sugar,186.0,0,4566.0,14,False,False,False,198.0,213.0,193.32142857142858,51.90236815508344,0.2684770567785583,0.9985590778097984,0,0.0,21.43661971830986,1.5311871227364187
2026-02-20,SKU-1011,Sugar,117.0,0,4449.0,14,False,False,False,183.0,201.35714285714286,192.25,53.18773528911703,0.2766592212697895,0.897687456201822,0,0.0,22.095069173465767,1.5782192266761261
2026-02-21,SKU-1011,Sugar,183.0,0,4266.0,14,False,False,False,184.14285714285714,202.07142857142858,193.64285714285714,52.38194082761466,0.27050799394563085,0.8926592797783933,0,0.0,21.111346765641567,1.507953340402969
2026-02-22,SKU-1011,Sugar,134.0,0,4132.0,14,False,False,False,188.85714285714286,198.92857142857142,193.39285714285714,52.658465807161726,0.2722875424931724,0.9247988807275271,0,0.0,20.771274685816877,1.4836624775583485
2026-02-23,SKU-1011,Sugar,213.0,0,3919.0,14,False,False,False,179.57142857142858,200.35714285714286,194.28571428571428,52.77545525382681,0.27163837262999097,0.8636207488835452,0,0.0,19.56007130124777,1.3971479500891264
2026-02-24,SKU-1011,Sugar,280.0,0,3639.0,14,False,False,False,188.14285714285714,202.85714285714286,197.5,55.19024336749171,0.2794442702151479,0.8995901639344263,0,0.0,17.9387323943662,1.281338028169014
2026-02-25,SKU-1011,Sugar,128.0,0,3511.0,14,False,False,False,177.28571428571428,191.57142857142858,193.53571428571428,56.07830645647615,0.28975688886904083,0.86001386001386,0,0.0,18.327367636092468,1.309097688292319
2026-02-26,SKU-1011,Sugar,206.0,0,3305.0,14,False,False,False,180.14285714285714,189.07142857142858,193.67857142857142,56.10575567716577,0.2896848900904742,0.8457411133467472,0,0.0,17.48016622591613,1.248583301851152
2026-02-27,SKU-1011,Sugar,190.0,0,3115.0,14,False,False,False,190.57142857142858,186.78571428571428,195.32142857142858,55.26438379645715,0.2829407106053758,0.9464349059950338,0,0.0,16.676864244741875,1.191204588910134
2026-02-28,SKU-1011,Sugar,133.0,0,2982.0,14,False,False,False,183.42857142857142,183.78571428571428,195.03571428571428,55.57542898510371,0.2849500112768548,0.9077412513255566,0,0.0,16.225417800233192,1.1589584143023708
2026-03-01,SKU-1011,Sugar,103.0,0,2879.0,14,False,False,False,179.0,183.92857142857142,194.07142857142858,56.962579380988785,0.2935134749112414,0.8998204667863555,0,0.0,15.652815533980583,1.1180582524271845
2026-03-02,SKU-1011,Sugar,186.0,0,2693.0,14,False,False,False,175.14285714285714,177.35714285714286,192.64285714285714,56.63280968021215,0.29397824824730073,0.8741532976827094,0,0.0,15.184051550543696,1.0845751107531212
2026-03-03,SKU-1011,Sugar,189.0,0,2504.0,14,False,False,False,162.14285714285714,175.14285714285714,192.14285714285714,56.59977377635347,0.29457131333418163,0.7992957746478873,0,0.0,14.296900489396412,1.0212071778140295
2026-03-04,SKU-1011,Sugar,90.0,0,2414.0,14,False,False,False,156.71428571428572,167.0,186.57142857142858,58.7394930377173,0.314836486419618,0.8180462341536167,0,0.0,14.455089820359282,1.0325064157399486
2026-03-05,SKU-1011,Sugar,163.0,0,2251.0,14,False,False,False,150.57142857142858,165.35714285714286,189.17857142857142,55.843069513578946,0.29518707690772333,0.7963732527389498,0,0.0,13.612958963282937,0.9723542116630669
2026-03-06,SKU-1011,Sugar,146.0,0,2105.0,14,False,False,False,144.28571428571428,167.42857142857142,184.39285714285714,53.462579010905856,0.2899384490229254,0.7724665391969407,0,0.0,12.572525597269626,0.8980375426621162
2026-03-07,SKU-1011,Sugar,161.0,3832,5776.0,14,False,False,False,148.28571428571428,165.85714285714286,183.96428571428572,53.6051974697155,0.2913891533977934,0.8068402642829382,0,0.0,34.825150732127476,2.487510766580534
2026-03-08,SKU-1011,Sugar,109.0,0,5667.0,14,False,False,False,149.14285714285714,164.07142857142858,181.5,55.44399910754124,0.3054765791049104,0.810873786407767,0,0.0,34.53983456682629,2.4671310404875926
2026-03-09,SKU-1011,Sugar,185.0,0,5482.0,14,False,False,False,149.0,162.07142857142858,181.21428571428572,55.40314013219768,0.3057327401855607,0.8401127668143374,0,0.0,33.82459233142353,2.4160423093873953
2026-03-10,SKU-1011,Sugar,271.0,0,5211.0,14,False,False,False,160.71428571428572,161.42857142857142,182.14285714285714,56.714172430683945,0.31137192707042166,0.9176182707993475,0,0.0,32.28053097345133,2.3057522123893803
2026-03-11,SKU-1011,Sugar,187.0,0,5024.0,14,False,False,False,174.57142857142858,165.64285714285714,178.60714285714286,52.96143900201369,0.29652475346058454,1.045337895637297,0,0.0,30.33031479085813,2.1664510564898665
2026-03-12,SKU-1011,Sugar,216.0,0,4808.0,14,False,False,False,182.14285714285714,166.35714285714286,177.71428571428572,52.07391978421749,0.29302044894656143,1.101511879049676,0,0.0,28.90167453842851,2.064405324173465
2026-03-13,SKU-1011,Sugar,162.0,0,4646.0,14,False,False,False,184.42857142857142,164.35714285714286,175.57142857142858,51.414386638752674,0.292840281913156,1.1015358361774743,0,0.0,28.267709691438505,2.0191221208170362
2026-03-14,SKU-1011,Sugar,176.0,0,4470.0,14,False,False,False,186.57142857142858,167.42857142857142,175.60714285714286,51.414322320560984,0.29278035895377413,1.1248923341946597,0,0.0,26.697952218430036,1.9069965870307168
2026-03-15,SKU-1011,Sugar,91.0,0,4379.0,14,False,False,False,184.0,166.57142857142858,175.25,51.98334847351134,0.29662395705284644,1.1214627775359163,0,0.0,26.28902229845626,1.87778730703259
2026-03-16,SKU-1011,Sugar,122.0,0,4257.0,14,False,False,False,175.0,162.0,169.67857142857142,48.82702164097291,0.2877618619127008,1.0797708241516086,0,0.0,26.27777777777778,1.876984126984127
2026-03-17,SKU-1011,Sugar,121.0,0,4136.0,14,False,False,False,153.57142857142858,157.14285714285714,166.14285714285714,48.63219044100257,0.292713098097178,0.9513274336283187,0,0.0,26.32,1.8800000000000001
2026-03-18,SKU-1011,Sugar,319.0,0,3817.0,14,False,False,False,172.42857142857142,173.5,170.25,56.21297135135398,0.33017898003732143,1.0409659335920656,0,0.0,22.0,1.5714285714285714
2026-03-19,SKU-1011,Sugar,198.0,0,3619.0,14,False,False,False,169.85714285714286,176.0,170.67857142857142,56.38298506899932,0.33034601002970937,1.0210390725633318,0,0.0,20.5625,1.46875
2026-03-20,SKU-1011,Sugar,141.0,0,3478.0,14,False,False,False,166.85714285714286,175.64285714285714,171.53571428571428,55.715203153482776,0.3248023502597372,1.0152107779226422,0,0.0,19.801545343635624,1.4143960959739732
2026-03-21,SKU-1011,Sugar,167.0,0,3311.0,14,False,False,False,165.57142857142858,176.07142857142858,170.96428571428572,55.675303483586084,0.32565458482147697,0.9889078498293516,0,0.0,18.804868154158214,1.3432048681541582
2026-03-22,SKU-1011,Sugar,146.0,0,3165.0,14,False,False,False,173.42857142857142,178.71428571428572,171.39285714285714,55.42585256245615,0.32338484512372834,1.0411663807890221,0,0.0,17.709832134292565,1.264988009592326
2026-03-23,SKU-1011,Sugar,191.0,0,2974.0,14,False,False,False,183.28571428571428,179.14285714285714,170.60714285714286,54.96823276908771,0.3221918604844999,1.1313932980599646,0,0.0,16.60127591706539,1.1858054226475279
2026-03-24,SKU-1011,Sugar,208.0,0,2766.0,14,False,False,False,195.71428571428572,174.64285714285714,168.03571428571428,51.21738864361296,0.3048006125443492,1.2454545454545456,0,0.0,15.838036809815952,1.1312883435582823
2026-03-25,SKU-1011,Sugar,310.0,0,2456.0,14,False,False,False,194.42857142857142,183.42857142857142,174.53571428571428,57.153129037089066,0.32745807510507347,1.1206257719226018,0,0.0,13.389408099688474,0.956386292834891
2026-03-26,SKU-1011,Sugar,258.0,0,2198.0,14,False,False,False,203.0,186.42857142857142,176.39285714285714,59.02751353815735,0.33463664285653083,1.1534090909090908,0,0.0,11.790038314176247,0.8421455938697319
2026-03-27,SKU-1011,Sugar,197.0,0,2001.0,14,False,False,False,211.0,188.92857142857142,176.64285714285714,59.10205504086051,0.33458502651518285,1.2013013420089467,0,0.0,10.591304347826087,0.7565217391304347
2026-03-28,SKU-1011,Sugar,213.0,0,1788.0,14,False,False,False,217.57142857142858,191.57142857142858,179.5,58.84725991921795,0.3278398881293479,1.2356997971602435,0,0.0,9.333333333333332,0.6666666666666666
2026-03-29,SKU-1011,Sugar,132.0,0,1656.0,14,False,False,False,215.57142857142858,194.5,180.53571428571428,57.69490775581824,0.319576145828469,1.2062350119904077,0,0.0,8.51413881748072,0.6081527726771944
2026-03-30,SKU-1011,Sugar,145.0,3685,5196.0,14,False,False,False,209.0,196.14285714285714,179.07142857142858,58.070154616143846,0.32428486821939123,1.1666666666666667,0,0.0,26.49089584850692,1.8922068463219228
2026-03-31,SKU-1011,Sugar,228.0,0,4968.0,14,False,False,False,211.85714285714286,203.78571428571428,180.46428571428572,58.78049698153989,0.32571817048943535,1.2130879345603272,0,0.0,24.378548895899055,1.7413249211356467
2026-04-01,SKU-1011,Sugar,218.0,0,4750.0,14,False,False,False,198.71428571428572,196.57142857142858,185.03571428571428,56.41413149915744,0.3048823937418275,1.0833333333333335,0,0.0,24.16424418604651,1.726017441860465
2026-04-02,SKU-1011,Sugar,173.0,0,4577.0,14,False,False,False,186.57142857142858,194.78571428571428,185.39285714285714,56.30100274464839,0.3036848539491726,1.0007662835249043,0,0.0,23.4976164283095,1.6784011734506785
2026-04-03,SKU-1011,Sugar,165.0,0,4412.0,14,False,False,False,182.0,196.5,186.07142857142858,55.921855908526176,0.30053972465234796,0.9633270321361059,0,0.0,22.452926208651398,1.6037804434751
2026-04-04,SKU-1011,Sugar,118.0,0,4294.0,14,False,False,False,168.42857142857142,193.0,184.53571428571428,57.21142215848877,0.31002899563338215,0.8791946308724831,0,0.0,22.248704663212436,1.5891931902294598
2026-04-05,SKU-1011,Sugar,169.0,0,4125.0,14,False,False,False,173.71428571428572,194.64285714285714,186.67857142857142,55.37150863263492,0.29661416524082224,0.8931325743665076,0,0.0,21.192660550458715,1.5137614678899083
2026-04-06,SKU-1011,Sugar,228.0,0,3897.0,14,False,False,False,185.57142857142858,197.28571428571428,188.21428571428572,55.9168411276345,0.29709137601020225,0.9461034231609615,0,0.0,19.753077480086894,1.4109341057204925
2026-04-07,SKU-1011,Sugar,242.0,0,3655.0,14,False,False,False,187.57142857142858,199.71428571428572,187.17857142857142,54.57923466981607,0.29158911863286585,0.9204346302138101,0,0.0,18.301144492131616,1.3072246065808297
2026-04-08,SKU-1011,Sugar,247.0,0,3408.0,14,False,False,False,191.71428571428572,195.21428571428572,189.32142857142858,55.737515507247274,0.29440679762364147,0.9752906976744186,0,0.0,17.457738748627882,1.2469813391877058
2026-04-09,SKU-1011,Sugar,220.0,0,3188.0,14,False,False,False,198.42857142857142,192.5,189.46428571428572,55.81350038652674,0.29458586443407137,1.0187018701870187,0,0.0,16.56103896103896,1.1829313543599258
2026-04-10,SKU-1011,Sugar,218.0,0,2970.0,14,False,False,False,206.0,194.0,191.46428571428572,55.79624449253637,0.29141854985842536,1.0483460559796438,0,0.0,15.309278350515465,1.093519882179676
2026-04-11,SKU-1011,Sugar,159.0,0,2811.0,14,False,False,False,211.85714285714286,190.14285714285714,190.85714285714286,56.06260672690726,0.29374120291044226,1.0977054034048852,0,0.0,14.783621337340346,1.0559729526671675
2026-04-12,SKU-1011,Sugar,151.0,0,2660.0,14,False,False,False,209.28571428571428,191.5,193.0,53.17685377847934,0.27552773978486705,1.075229357798165,0,0.0,13.890339425587467,0.9921671018276762
2026-04-13,SKU-1011,Sugar,233.0,0,2427.0,14,False,False,False,210.0,197.78571428571428,196.96428571428572,51.80768007048482,0.2630308326334678,1.0644460535843592,0,0.0,12.270855904658722,0.876489707475623
2026-04-14,SKU-1011,Sugar,120.0,0,2307.0,14,False,False,False,192.57142857142858,190.07142857142858,196.92857142857142,51.862302423806916,0.2633559063958277,0.9642346208869814,0,0.0,12.137542277339346,0.866967305524239
2026-04-15,SKU-1011,Sugar,120.0,0,2187.0,14,False,False,False,174.42857142857142,183.07142857142858,189.82142857142858,48.00621377328727,0.2529019728414005,0.8935236004390779,0,0.0,11.946156847444401,0.8532969176746
2026-04-16,SKU-1011,Sugar,171.0,0,2016.0,14,False,False,False,167.42857142857142,182.92857142857142,188.85714285714286,48.10691356006044,0.25472647119547887,0.8697588126159554,0,0.0,11.02069504099961,0.7871925029285436
2026-04-17,SKU-1011,Sugar,176.0,0,1840.0,14,False,False,False,161.42857142857142,183.71428571428572,190.10714285714286,47.26469145356874,0.24862133396579458,0.8321060382916052,0,0.0,10.015552099533437,0.7153965785381027
2026-04-18,SKU-1011,Sugar,110.0,3097,4827.0,14,False,False,False,154.42857142857142,183.14285714285714,188.07142857142858,49.472722429135224,0.2630528347922116,0.8121712997746056,0,0.0,26.35647425897036,1.8826053042121684
2026-04-19,SKU-1011,Sugar,181.0,0,4646.0,14,False,False,False,158.71428571428572,184.0,189.32142857142858,48.808054565575404,0.25780523068027,0.8287952256620664,0,0.0,25.25,1.8035714285714286
2026-04-20,SKU-1011,Sugar,216.0,0,4430.0,14,False,False,False,156.28571428571428,183.14285714285714,190.21428571428572,49.0678722246653,0.25796102558967865,0.7901769591910437,0,0.0,24.18876755070203,1.7277691107644306
2026-04-21,SKU-1011,Sugar,177.0,0,4253.0,14,False,False,False,164.42857142857142,178.5,189.10714285714286,49.00139021891358,0.25911972164864594,0.8650883126644118,0,0.0,23.826330532212886,1.7018807523009205
2026-04-22,SKU-1011,Sugar,210.0,0,4043.0,14,False,False,False,177.28571428571428,175.85714285714286,185.53571428571428,43.15989405717361,0.2326231056017057,0.9683964104564962,0,0.0,22.99025182778229,1.6421608448415923
2026-04-23,SKU-1011,Sugar,239.0,0,3804.0,14,False,False,False,187.0,177.21428571428572,184.85714285714286,42.11511058613683,0.2278251731862116,1.0222569308863725,0,0.0,21.46553808948005,1.5332527206771462
2026-04-24,SKU-1011,Sugar,177.0,0,3627.0,14,False,False,False,187.14285714285714,174.28571428571428,184.14285714285714,42.07111640994128,0.2284699882618999,1.0186625194401244,0,0.0,20.81065573770492,1.4864754098360657
2026-04-25,SKU-1011,Sugar,115.0,0,3512.0,14,False,False,False,187.85714285714286,171.14285714285714,180.64285714285714,43.62908839865152,0.2415212485492769,1.0257410296411857,0,0.0,20.52086811352254,1.4657762938230385
2026-04-26,SKU-1011,Sugar,173.0,0,3339.0,14,False,False,False,186.71428571428572,172.71428571428572,182.10714285714286,42.61223897019381,0.23399542874395501,1.014751552795031,0,0.0,19.332506203473944,1.380893300248139
2026-04-27,SKU-1011,Sugar,127.0,0,3212.0,14,False,False,False,174.0,165.14285714285714,181.46428571428572,43.322632989010756,0.2387391701815196,0.9500780031201248,0,0.0,19.44982698961938,1.3892733564013842
2026-04-28,SKU-1011,Sugar,737.0,0,2475.0,14,False,False,False,254.0,209.21428571428572,199.64285714285714,113.5090840827824,0.5685607073913966,1.42296918767507,0,0.0,11.829976101058381,0.8449982929327415
2026-04-29,SKU-1011,Sugar,225.0,0,2250.0,14,False,False,False,256.14285714285717,216.71428571428572,199.89285714285714,113.55871031246649,0.5680978897175383,1.4565393988627133,0,0.0,10.38233355306526,0.7415952537903757
2026-04-30,SKU-1011,Sugar,166.0,0,2084.0,14,False,False,False,245.71428571428572,216.35714285714286,199.64285714285714,113.6277920769172,0.5691553091509269,1.3865376864167673,0,0.0,9.632221855397821,0.6880158468141301
2026-05-01,SKU-1011,Sugar,189.0,0,1895.0,14,False,False,False,247.42857142857142,217.28571428571428,200.5,113.44716505607029,0.5658212721001012,1.4196721311475409,0,0.0,8.721236028928336,0.6229454306377383
2026-05-02,SKU-1011,Sugar,155.0,3707,5487.0,14,True,False,False,253.14285714285714,220.5,201.82142857142858,112.66339691883519,0.5582330762214449,1.4791318864774625,0,0.0,24.8843537414966,1.7774538386783285
2026-05-03,SKU-1011,Sugar,121.0,0,5366.0,14,False,False,False,245.71428571428572,216.21428571428572,200.10714285714286,113.54305409083872,0.5674113001148464,1.422663358147229,0,0.0,24.817971589032044,1.7727122563594317
2026-05-04,SKU-1011,Sugar,211.0,0,5155.0,14,False,False,False,257.7142857142857,215.85714285714286,199.5,113.4337790176375,0.5685903710157268,1.5605536332179932,0,0.0,23.88153540701522,1.7058239576439445
2026-05-05,SKU-1011,Sugar,234.0,0,4921.0,14,False,False,False,185.85714285714286,219.92857142857142,199.21428571428572,113.33279645064242,0.5688989423840064,0.8883578012973711,0,0.0,22.375446573562847,1.5982461838259177
2026-05-06,SKU-1011,Sugar,229.0,0,4692.0,14,False,False,False,186.42857142857142,221.28571428571428,198.57142857142858,113.10251939802177,0.569581032939678,0.8602504943968358,0,0.0,21.203357004519045,1.5145255003227889
2026-05-07,SKU-1011,Sugar,128.0,0,4564.0,14,False,False,False,181.0,213.35714285714286,195.28571428571428,113.79118534593907,0.5826907808497246,0.8365797292835919,0,0.0,21.391362571141613,1.527954469367258
2026-05-08,SKU-1011,Sugar,201.0,0,4363.0,14,False,False,False,182.71428571428572,215.07142857142858,194.67857142857142,113.71082673343868,0.584095239137091,0.8408941485864564,0,0.0,20.28628362670209,1.4490202590501493
2026-05-09,SKU-1011,Sugar,118.0,0,4245.0,14,False,False,False,177.42857142857142,215.28571428571428,193.21428571428572,114.44887493350456,0.5923416817260864,0.8046647230320699,0,0.0,19.71798274717983,1.4084273390842734
2026-05-10,SKU-1011,Sugar,162.0,0,4083.0,14,False,False,False,183.28571428571428,214.5,193.60714285714286,114.3174071465915,0.5904606899288991,0.8477039973571192,0,0.0,19.034965034965033,1.3596403596403595
2026-05-11,SKU-1011,Sugar,122.0,0,3961.0,14,False,False,False,170.57142857142858,214.14285714285714,189.64285714285714,114.8242503376724,0.6054762729670108,0.7902051621442754,0,0.0,18.496997998665776,1.3212141427618411
2026-05-12,SKU-1011,Sugar,159.0,0,3802.0,14,False,False,False,159.85714285714286,172.85714285714286,191.03571428571428,114.18292086818157,0.5977045773619525,0.7268593699253005,0,0.0,21.995041322314048,1.571074380165289
2026-05-13,SKU-1011,Sugar,207.0,0,3595.0,14,False,False,False,156.71428571428572,171.57142857142858,194.14285714285714,113.35905403749243,0.5838950539090854,0.7081988379599743,0,0.0,20.953372189841797,1.496669442131557
2026-05-14,SKU-1011,Sugar,213.0,0,3382.0,14,False,False,False,168.85714285714286,174.92857142857142,195.64285714285714,113.31935021114059,0.5792153716524163,0.7914295279544694,0,0.0,19.333605553287057,1.3809718252347898
2026-05-15,SKU-1011,Sugar,62.0,0,3320.0,14,False,False,False,149.0,165.85714285714286,191.57142857142858,116.06589079178688,0.6058622188982163,0.6927930919960146,0,0.0,20.017226528854437,1.429801894918174
2026-05-16,SKU-1011,Sugar,163.0,0,3157.0,14,False,False,False,155.42857142857142,166.42857142857142,193.46428571428572,115.1145909414573,0.5950172690346693,0.7219641672196416,0,0.0,18.969098712446353,1.3549356223175966
2026-05-17,SKU-1011,Sugar,153.0,0,3004.0,14,False,False,False,154.14285714285714,168.71428571428572,192.46428571428572,115.34825919566751,0.5993229277191854,0.7186147186147186,0,0.0,17.805249788314985,1.2718035563082133
2026-05-18,SKU-1011,Sugar,110.0,0,2894.0,14,False,False,False,152.42857142857142,161.5,188.67857142857142,116.28287781078376,0.6163014534737735,0.7118078719146097,0,0.0,17.91950464396285,1.2799646174259178
2026-05-19,SKU-1011,Sugar,181.0,0,2713.0,14,False,False,False,155.57142857142858,157.71428571428572,188.82142857142858,116.27045533182012,0.6157693870419828,0.9,0,0.0,17.201992753623188,1.228713768115942
2026-05-20,SKU-1011,Sugar,229.0,0,2484.0,14,False,False,False,158.71428571428572,157.71428571428572,189.5,116.45393303155764,0.6145326281348689,0.9250624479600333,0,0.0,15.75,1.125
2026-05-21,SKU-1011,Sugar,187.0,0,2297.0,14,False,False,False,155.0,161.92857142857142,187.64285714285714,116.04922783208544,0.6184580090023586,0.8860759493670887,0,0.0,14.18526687251875,1.0132333480370534
2026-05-22,SKU-1011,Sugar,174.0,0,2123.0,14,False,True,False,171.0,160.0,187.53571428571428,116.06080211837148,0.6188730640476865,1.0310077519379846,0,0.0,13.26875,0.9477678571428572
2026-05-23,SKU-1011,Sugar,66.0,0,2057.0,14,False,False,False,157.14285714285714,156.28571428571428,185.78571428571428,117.5548279150523,0.6327441717842108,0.9442060085836911,0,0.0,13.161791590493602,0.940127970749543
2026-05-24,SKU-1011,Sugar,133.0,0,1924.0,14,False,False,False,154.28571428571428,154.21428571428572,184.35714285714286,117.9583147606137,0.6398358801428097,0.9144792548687553,0,0.0,12.476146364057433,0.8911533117183881
2026-05-25,SKU-1011,Sugar,171.0,0,1753.0,14,False,False,False,163.0,157.71428571428572,185.92857142857142,117.45792897614479,0.6317368442819927,1.0092879256965945,0,0.0,11.115036231884057,0.7939311594202898
2026-05-26,SKU-1011,Sugar,198.0,0,1555.0,14,False,False,False,165.42857142857142,160.5,166.67857142857142,46.584096452845706,0.27948461553025067,1.0489130434782608,0,0.0,9.688473520249222,0.6920338228749444
2026-05-27,SKU-1011,Sugar,157.0,0,1398.0,14,False,False,False,155.14285714285714,156.92857142857142,164.25,45.18244906712884,0.2750834037572532,0.983695652173913,0,0.0,8.90851160673646,0.6363222576240328
2026-05-28,SKU-1011,Sugar,312.0,0,1086.0,14,False,False,False,173.0,164.0,169.46428571428572,53.119349995226166,0.31345454159459063,1.0683722981914425,0,0.0,6.621951219512195,0.4729965156794425
2026-05-29,SKU-1011,Sugar,146.0,0,940.0,14,False,False,False,169.0,170.0,167.92857142857142,53.15520849809715,0.3165346316347768,1.05625,0,0.0,5.529411764705882,0.3949579831932773
2026-05-30,SKU-1011,Sugar,165.0,0,775.0,14,False,False,False,183.14285714285714,170.14285714285714,168.28571428571428,53.09869018601955,0.3155270214788938,1.1718464351005484,0,0.0,4.554995801847188,0.32535684298908485
2026-05-31,SKU-1011,Sugar,120.0,3912,4567.0,14,False,False,False,181.28571428571428,167.78571428571428,168.25,53.13199844970306,0.3157919670116081,1.175544233441408,0,0.0,27.219242230736484,1.944231587909749
2026-06-01,SKU-1011,Sugar,223.0,0,4344.0,14,False,False,False,188.71428571428572,175.85714285714286,168.67857142857142,53.53645595668531,0.31738741621579264,1.1965579710144927,0,0.0,24.70186839967506,1.7644191714053614
2026-06-02,SKU-1011,Sugar,257.0,0,4087.0,14,False,False,False,197.14285714285714,181.28571428571428,169.5,54.73877358265641,0.3229426170068225,1.2283044058744994,0,0.0,22.544523246650908,1.6103230890464935
2026-06-03,SKU-1011,Sugar,211.0,0,3876.0,14,False,False,False,204.85714285714286,180.0,168.85714285714286,54.11627692821651,0.32048556556473395,1.3054164770141103,0,0.0,21.533333333333335,1.5380952380952382
2026-06-04,SKU-1011,Sugar,271.0,0,3605.0,14,False,False,False,199.0,186.0,173.96428571428572,56.79885375920697,0.3264972090449179,1.2134146341463414,0,0.0,19.381720430107528,1.3844086021505377
2026-06-05,SKU-1011,Sugar,348.0,0,3257.0,14,False,False,False,227.85714285714286,198.42857142857142,179.21428571428572,65.51525530171328,0.3655693799218756,1.3403361344537816,0,0.0,16.41396688264939,1.172426205903528
2026-06-06,SKU-1011,Sugar,95.0,0,3162.0,14,False,False,False,217.85714285714286,200.5,178.39285714285714,66.44872112902199,0.3724853236461693,1.2804366078925273,0,0.0,15.770573566084789,1.1264695404346277
2026-06-07,SKU-1011,Sugar,158.0,0,3004.0,14,False,False,False,223.28571428571428,202.28571428571428,178.25,66.48955640633426,0.3730129391659706,1.330779054916986,0,0.0,14.850282485875708,1.0607344632768363
2026-06-08,SKU-1011,Sugar,156.0,0,2848.0,14,False,False,False,213.71428571428572,201.21428571428572,179.46428571428572,65.73035949034626,0.36625871954819805,1.215272136474411,0,0.0,14.154064607738729,1.0110046148384806
2026-06-09,SKU-1011,Sugar,49.0,0,2799.0,14,False,False,False,184.0,190.57142857142858,175.53571428571428,70.13821388956978,0.3995666305000924,1.0149724192277385,0,0.0,14.687406296851574,1.0491004497751124
2026-06-10,SKU-1011,Sugar,136.0,0,2663.0,14,False,False,False,173.28571428571428,189.07142857142858,173.0,70.24191003899251,0.4060226013814596,0.9626984126984126,0,0.0,14.084624102757838,1.006044578768417
2026-06-11,SKU-1011,Sugar,315.0,0,2348.0,14,False,False,False,179.57142857142858,189.28571428571428,176.64285714285714,74.88470856402908,0.4239328426592831,0.9654377880184333,0,0.0,12.404528301886794,0.8860377358490567
2026-06-12,SKU-1011,Sugar,141.0,0,2207.0,14,False,False,False,150.0,188.92857142857142,179.46428571428572,71.83132616059244,0.4002541557207141,0.755939524838013,0,0.0,11.681663516068054,0.8344045368620039
2026-06-13,SKU-1011,Sugar,117.0,0,2090.0,14,False,False,False,153.14285714285714,185.5,177.82142857142858,72.74208806228599,0.40907380312191355,0.7638047737798361,0,0.0,11.266846361185983,0.8047747400847131
2026-06-14,SKU-1011,Sugar,186.0,0,1904.0,14,False,False,False,157.14285714285714,190.21428571428572,179.0,72.5922146626594,0.40554309867407484,0.7768361581920904,0,0.0,10.009763424708975,0.7149831017649267
2026-06-15,SKU-1011,Sugar,149.0,0,1755.0,14,False,False,False,156.14285714285714,184.92857142857142,180.39285714285714,71.58643534125524,0.3968363075737768,0.7760028399006035,0,0.0,9.490150637311704,0.6778679026651216
2026-06-16,SKU-1011,Sugar,162.0,0,1593.0,14,False,False,False,172.28571428571428,178.14285714285714,179.71428571428572,71.67046870682566,0.3988022901015736,0.9040479760119939,0,0.0,8.942261427425823,0.6387329591018445
2026-06-17,SKU-1011,Sugar,278.0,0,1315.0,14,False,False,False,192.57142857142858,182.92857142857142,181.46428571428572,73.49350293423879,0.4050025747212529,1.0185115224782773,0,0.0,7.188598203826631,0.5134713002733308
2026-06-18,SKU-1011,Sugar,164.0,0,1151.0,14,False,False,False,171.0,175.28571428571428,180.64285714285714,73.55784535830699,0.40720040925911344,0.9033962264150944,0,0.0,6.5664221678891606,0.4690301548492258
2026-06-19,SKU-1011,Sugar,127.0,0,1024.0,14,False,False,False,169.0,159.5,178.96428571428572,74.24807374623565,0.414876484712552,0.8945179584120984,0,0.0,6.420062695924765,0.4585759068517689
2026-06-20,SKU-1011,Sugar,66.0,3930,4888.0,14,False,False,False,161.71428571428572,157.42857142857142,178.96428571428572,74.24807374623565,0.414876484712552,0.8717751251443975,0,0.0,31.049001814882036,2.2177858439201454
2026-06-21,SKU-1011,Sugar,148.0,0,4740.0,14,False,False,False,156.28571428571428,156.71428571428572,179.5,73.9576956154039,0.4120205883866513,0.8216297408937288,0,0.0,30.246125797629897,2.160437556973564
2026-06-22,SKU-1011,Sugar,220.0,0,4520.0,14,False,False,False,166.42857142857142,161.28571428571428,181.25,74.32791460069953,0.410085046072825,0.8999613750482812,0,0.0,28.024800708591677,2.0017714791851198
2026-06-23,SKU-1011,Sugar,242.0,0,4278.0,14,False,False,False,177.85714285714286,175.07142857142858,182.82142857142858,75.15566737528404,0.4110878465536146,0.9983961507618284,0,0.0,24.435740514075885,1.745410036719706
2026-06-24,SKU-1011,Sugar,201.0,0,4077.0,14,False,False,False,166.85714285714286,179.71428571428572,184.39285714285714,75.05570241899319,0.40704235284365864,0.9121436938695823,0,0.0,22.686009538950714,1.6204292527821937
2026-06-25,SKU-1011,Sugar,164.0,0,3913.0,14,False,False,False,166.85714285714286,168.92857142857142,179.10714285714286,70.82860861927045,0.3954538467277313,0.9519152404237979,0,0.0,23.163636363636364,1.6545454545454545
2026-06-26,SKU-1011,Sugar,137.0,0,3776.0,14,False,False,False,168.28571428571428,168.64285714285714,178.78571428571428,71.00462016415607,0.3971492937667539,1.0550828481862964,0,0.0,22.390512494705632,1.5993223210504024
2026-06-27,SKU-1011,Sugar,103.0,0,3673.0,14,False,False,False,173.57142857142858,167.64285714285714,176.57142857142858,72.40341130260342,0.41005168213448534,1.1025408348457353,0,0.0,21.909671921602047,1.5649765658287176
2026-06-28,SKU-1011,Sugar,136.0,0,3537.0,14,False,False,False,171.85714285714286,164.07142857142858,177.14285714285714,72.00242500325388,0.4064653024377235,1.096627164995442,0,0.0,21.557683935568132,1.5398345668262952
2026-06-29,SKU-1011,Sugar,164.0,0,3373.0,14,False,False,False,163.85714285714286,165.14285714285714,175.03571428571428,71.47207802007668,0.4083285420449188,1.0159433126660762,0,0.0,20.424740484429066,1.458910034602076
2026-01-01,SKU-1012,Beverages,436.0,6882,8422.0,14,False,False,False,,,,,,,0,,,
2026-01-02,SKU-1012,Beverages,471.0,0,7951.0,14,False,False,False,,,,,,,0,,,
2026-01-03,SKU-1012,Beverages,423.0,0,7528.0,14,False,False,False,443.3333333333333,,,,,,0,,,
2026-01-04,SKU-1012,Beverages,524.0,0,7004.0,14,False,False,False,463.5,,,,,,0,,,
2026-01-05,SKU-1012,Beverages,443.0,0,6561.0,14,False,False,False,459.4,459.4,,,,,0,0.0,14.281671745755334,1.0201194104110953
2026-01-06,SKU-1012,Beverages,463.0,0,6098.0,14,False,False,False,460.0,460.0,,,,,0,0.0,13.256521739130434,0.9468944099378882
2026-01-07,SKU-1012,Beverages,421.0,6486,12163.0,14,False,False,False,454.42857142857144,454.42857142857144,454.42857142857144,35.971549604546944,0.07915776398359906,,0,0.0,26.765482552656398,1.9118201823325998
2026-01-08,SKU-1012,Beverages,466.0,0,11697.0,14,False,True,False,458.7142857142857,455.875,455.875,33.55352866263526,0.07360247581603567,,0,0.0,25.65834932821497,1.8327392377296408
2026-01-09,SKU-1012,Beverages,418.0,0,11279.0,14,False,False,False,451.14285714285717,451.6666666666667,451.6666666666667,33.830459648074545,0.07490138667470378,,0,0.0,24.971955719557194,1.7837111228255138
2026-01-10,SKU-1012,Beverages,295.0,0,10984.0,14,False,False,False,432.85714285714283,436.0,436.0,58.92179374202536,0.13514172876611322,,0,0.0,25.192660550458715,1.7994757536041939
2026-01-11,SKU-1012,Beverages,339.0,0,10645.0,14,False,False,False,406.42857142857144,427.1818181818182,427.1818181818182,63.086952980498566,0.14768173713247162,,0,0.0,24.919131730155353,1.7799379807253823
2026-01-12,SKU-1012,Beverages,389.0,0,10256.0,14,False,False,False,398.7142857142857,424.0,424.0,61.15256628823,0.14422775067978774,0.8679022327259158,0,0.0,24.18867924528302,1.7277628032345014
2026-01-13,SKU-1012,Beverages,460.0,0,9796.0,14,False,False,False,398.2857142857143,426.7692307692308,426.7692307692308,59.39437942846367,0.13917212194845488,0.8658385093167702,0,0.0,22.953857245854362,1.63956123184674
2026-01-14,SKU-1012,Beverages,419.0,0,9377.0,14,False,False,False,398.0,426.2142857142857,426.2142857142857,57.1020389928666,0.13397495322609895,0.8758252121974222,0,0.0,22.00067035361153,1.5714764538293948
2026-01-15,SKU-1012,Beverages,429.0,0,8948.0,14,False,False,False,392.7142857142857,425.7142857142857,426.4,55.0296024232153,0.12905629086119913,0.8614516824004074,0,0.0,21.018791946308724,1.5013422818791946
2026-01-16,SKU-1012,Beverages,449.0,0,8499.0,14,False,False,False,397.14285714285717,424.14285714285717,427.8125,53.46303239934426,0.1249683737603372,0.8792830785450712,0,0.0,20.038059952846076,1.4312899966318626
2026-01-17,SKU-1012,Beverages,384.0,0,8115.0,14,False,False,False,409.85714285714283,421.35714285714283,425.2352941176471,52.84473650677605,0.12427175551462068,0.9400393184796854,0,0.0,19.25919647397864,1.3756568909984743
2026-01-18,SKU-1012,Beverages,450.0,0,7665.0,14,False,False,False,425.7142857142857,416.07142857142856,426.6111111111111,51.59815191502262,0.12094891710774934,0.9965646186118627,0,0.0,18.422317596566526,1.3158798283261803
2026-01-19,SKU-1012,Beverages,428.0,0,7237.0,14,False,False,False,431.2857142857143,415.0,426.6842105263158,50.14540261588068,0.117523455002064,1.0171832884097034,0,0.0,17.43855421686747,1.2456110154905335
2026-01-20,SKU-1012,Beverages,496.0,0,6741.0,14,False,False,False,436.42857142857144,417.35714285714283,430.15,51.209862331390816,0.11905117361708897,1.0226336388917499,0,0.0,16.15163443436591,1.1536881738832794
2026-01-21,SKU-1012,Beverages,538.0,0,6203.0,14,False,False,False,453.42857142857144,425.7142857142857,435.2857142857143,55.18346025499203,0.12677526149817664,1.0638511814982403,0,0.0,14.570805369127516,1.040771812080537
2026-01-22,SKU-1012,Beverages,414.0,6828,12617.0,14,False,False,False,451.2857142857143,422.0,434.3181818181818,54.04441415445911,0.12443507183653589,1.0600671140939597,0,0.0,29.898104265402843,2.1355788761002032
2026-01-23,SKU-1012,Beverages,416.0,0,12201.0,14,False,False,False,446.57142857142856,421.85714285714283,433.5217391304348,52.939819662791194,0.12211572081478261,1.0528797574941056,0,0.0,28.92211310531663,2.065865221808331
2026-01-24,SKU-1012,Beverages,326.0,0,11875.0,14,False,False,False,438.2857142857143,424.07142857142856,429.0416666666667,56.2359000041376,0.13107328349026923,1.0401763010679776,0,0.0,28.002358093313124,2.0001684352366516
2026-01-25,SKU-1012,Beverages,386.0,0,11489.0,14,False,False,False,429.14285714285717,427.42857142857144,427.32,55.720821960915124,0.13039600758428138,1.0314163090128756,0,0.0,26.879344919786096,1.9199532085561497
2026-01-26,SKU-1012,Beverages,360.0,0,11129.0,14,False,False,False,419.42857142857144,425.35714285714283,424.7307692307692,56.168715628760964,0.13224545923641992,1.010671256454389,0,0.0,26.163895885810245,1.8688497061293032
2026-01-27,SKU-1012,Beverages,407.0,0,10722.0,14,False,False,False,406.7142857142857,421.57142857142856,424.0740740740741,55.183557979030965,0.1301271672867979,0.9744994009926409,0,0.0,25.4334124025754,1.8166723144696715
2026-01-28,SKU-1012,Beverages,460.0,0,10262.0,14,False,False,False,395.57142857142856,424.5,425.35714285714283,54.575950670001085,0.1283061812560899,0.9291946308724832,0,0.0,24.17432273262662,1.7267373380447586
2026-01-29,SKU-1012,Beverages,359.0,0,9903.0,14,False,False,False,387.7142857142857,419.5,422.60714285714283,55.94265535198243,0.13237508238447632,0.9187542315504401,0,0.0,23.606674612634087,1.6861910437595777
2026-01-30,SKU-1012,Beverages,456.0,0,9447.0,14,False,False,False,393.42857142857144,420.0,422.07142857142856,55.5323919964426,0.13157107597735596,0.9326109041652557,0,0.0,22.492857142857144,1.6066326530612245
2026-01-31,SKU-1012,Beverages,344.0,0,9103.0,14,False,False,False,396.0,417.14285714285717,419.25,57.45698874423856,0.13704708108345512,0.9338049519959576,0,0.0,21.822260273972603,1.5587328767123287
2026-02-01,SKU-1012,Beverages,398.0,0,8705.0,14,False,False,False,397.7142857142857,413.42857142857144,414.75,53.76466208290432,0.12963149387077594,0.9304812834224598,0,0.0,21.05563234277816,1.5039737387698686
2026-02-02,SKU-1012,Beverages,388.0,0,8317.0,14,False,False,False,401.7142857142857,410.57142857142856,412.7857142857143,53.69899450252315,0.13008927548629937,0.9444164567590261,0,0.0,20.2571329157968,1.4469380654140571
2026-02-03,SKU-1012,Beverages,451.0,0,7866.0,14,False,False,False,408.0,407.35714285714283,412.35714285714283,53.33000981708093,0.12932966177708868,0.9678075228736022,0,0.0,19.30983692793267,1.3792740662809049
2026-02-04,SKU-1012,Beverages,477.0,0,7389.0,14,False,False,False,410.42857142857144,403.0,414.35714285714283,54.6986453117607,0.13200845274343215,0.9668517583711931,0,0.0,18.33498759305211,1.3096419709322935
2026-02-05,SKU-1012,Beverages,471.0,0,6918.0,14,False,False,False,426.42857142857144,407.07142857142856,414.5357142857143,54.88134145783649,0.1323923116067392,1.016516260854759,0,0.0,16.994560449201614,1.2138971749429726
2026-02-06,SKU-1012,Beverages,435.0,0,6483.0,14,False,False,False,423.42857142857144,408.42857142857144,415.14285714285717,55.01495708119297,0.13252054355414686,1.0081632653061225,0,0.0,15.873032528856243,1.133788037775446
2026-02-07,SKU-1012,Beverages,390.0,0,6093.0,14,False,False,False,430.0,413.0,418.5357142857143,50.035159595700286,0.11954812430067481,1.0308219178082192,0,0.0,14.753026634382566,1.0537876167416118
2026-02-08,SKU-1012,Beverages,309.0,0,5784.0,14,False,False,False,417.2857142857143,407.5,417.4642857142857,52.08076501604107,0.12475501928729146,1.0093296475466482,0,0.0,14.193865030674846,1.0138475021910605
2026-02-09,SKU-1012,Beverages,427.0,8179,13536.0,14,False,False,False,422.85714285714283,412.2857142857143,418.82142857142856,51.80594386849662,0.12369458756015225,1.0299234516353515,0,0.0,32.83160083160083,2.3451143451143452
2026-02-10,SKU-1012,Beverages,504.0,0,13032.0,14,False,False,False,430.42857142857144,419.2142857142857,420.39285714285717,53.732767632612415,0.12781560561661265,1.0566368577941436,0,0.0,31.086726869994887,2.2204804907139204
2026-02-11,SKU-1012,Beverages,465.0,0,12567.0,14,False,False,False,428.7142857142857,419.57142857142856,422.0357142857143,54.38782689431264,0.12887019996959923,1.0638071605813542,0,0.0,29.951991828396324,2.1394279877425944
2026-02-12,SKU-1012,Beverages,404.0,0,12163.0,14,False,False,False,419.14285714285717,422.7857142857143,421.14285714285717,54.474400569995446,0.1293489837143718,1.0296543253202317,0,0.0,28.76871093090049,2.0549079236357493
2026-02-13,SKU-1012,Beverages,393.0,0,11770.0,14,False,False,False,413.14285714285717,418.2857142857143,419.14285714285717,54.441755683526274,0.12988830599341647,1.011542497376705,0,0.0,28.138661202185794,2.0099043715846996
2026-02-14,SKU-1012,Beverages,366.0,0,11404.0,14,False,False,False,409.7142857142857,419.85714285714283,418.5,54.97575223071837,0.131363804613425,0.9920442753372536,0,0.0,27.161619598502895,1.9401156856073496
2026-02-15,SKU-1012,Beverages,401.0,0,11003.0,14,False,False,False,422.85714285714283,420.07142857142856,416.75,54.71517157059825,0.13129015373868808,1.0376862401402278,0,0.0,26.1931644278184,1.8709403162727427
2026-02-16,SKU-1012,Beverages,420.0,0,10583.0,14,False,False,False,421.85714285714283,422.35714285714283,416.4642857142857,54.67512274900762,0.13128406114160135,1.0232155232155231,0,0.0,25.05699306612549,1.7897852190089636
2026-02-17,SKU-1012,Beverages,438.0,0,10145.0,14,False,False,False,412.42857142857144,421.42857142857144,414.39285714285717,52.60991265962065,0.1269566107445814,0.9838132560913273,0,0.0,24.072881355932203,1.7194915254237289
2026-02-18,SKU-1012,Beverages,397.0,0,9748.0,14,False,False,False,402.7142857142857,415.7142857142857,409.35714285714283,46.763561539201554,0.11423658376353547,0.9598229485869936,0,0.0,23.448797250859105,1.6749140893470789
2026-02-19,SKU-1012,Beverages,419.0,0,9329.0,14,False,False,False,404.85714285714283,412.0,409.5357142857143,46.79148556835019,0.11425495734837406,0.9575941882074674,0,0.0,22.643203883495147,1.617371705963939
2026-02-20,SKU-1012,Beverages,431.0,0,8898.0,14,False,False,False,410.2857142857143,411.7142857142857,410.07142857142856,46.95382173648252,0.11450156842200927,0.9808743169398907,0,0.0,21.61207494795281,1.5437196391394863
2026-02-21,SKU-1012,Beverages,429.0,0,8469.0,14,False,False,False,419.2857142857143,414.5,413.75,44.06949478233638,0.10651237409628128,0.9986389928547125,0,0.0,20.431845597104946,1.4594175426503533
2026-02-22,SKU-1012,Beverages,409.0,0,8060.0,14,False,False,False,420.42857142857144,421.64285714285717,414.57142857142856,43.746262123014034,0.10552165226088844,1.0008501955449753,0,0.0,19.115703879383364,1.3654074199559545
2026-02-23,SKU-1012,Beverages,382.0,0,7678.0,14,False,False,False,415.0,418.42857142857144,415.35714285714283,42.919575336784845,0.10333173769819223,0.982580754270252,0,0.0,18.349607374530557,1.310686241037897
2026-02-24,SKU-1012,Beverages,431.0,0,7247.0,14,False,False,False,414.0,413.2142857142857,416.2142857142857,42.986093481546284,0.10327875557605079,0.9823728813559321,0,0.0,17.5381158167675,1.2527225583405357
2026-02-25,SKU-1012,Beverages,468.0,0,6779.0,14,False,False,False,424.14285714285717,413.42857142857144,416.5,43.3132432061724,0.10399338104723266,1.020274914089347,0,0.0,16.397028334485142,1.1712163096060817
2026-02-26,SKU-1012,Beverages,614.0,0,6165.0,14,False,False,False,452.0,428.42857142857144,425.60714285714283,55.78751970196703,0.13107749867039328,1.0970873786407767,0,0.0,14.389796598866289,1.027842614204735
2026-02-27,SKU-1012,Beverages,413.0,0,5752.0,14,False,False,False,449.42857142857144,429.85714285714283,424.07142857142856,55.51104566188782,0.130900225579658,1.0916030534351144,0,0.0,13.38118976404121,0.9557992688600864
2026-02-28,SKU-1012,Beverages,372.0,0,5380.0,14,False,False,False,441.2857142857143,430.2857142857143,425.07142857142856,54.25313001479381,0.12763297264444856,1.064621747372049,0,0.0,12.50332005312085,0.8930942895086321
2026-03-01,SKU-1012,Beverages,706.0,0,4674.0,14,False,False,False,483.7142857142857,452.07142857142856,436.07142857142856,75.58949984470391,0.1733420143858894,1.147213281382348,0,0.0,10.33907410333386,0.7385052930952758
2026-03-02,SKU-1012,Beverages,455.0,6428,10647.0,14,False,False,False,494.14285714285717,454.57142857142856,438.4642857142857,75.070081895301,0.17121139472741126,1.1809491293956982,0,0.0,23.4220615964802,1.6730043997485857
2026-03-03,SKU-1012,Beverages,474.0,0,10173.0,14,False,False,False,500.2857142857143,457.14285714285717,439.2857142857143,75.33768775166384,0.1715004274021616,1.2107173725151252,0,0.0,22.2534375,1.58953125
2026-03-04,SKU-1012,Beverages,477.0,0,9696.0,14,False,False,False,501.57142857142856,462.85714285714283,439.2857142857143,75.33768775166384,0.1715004274021616,1.2131997235659986,0,0.0,20.94814814814815,1.4962962962962965
2026-03-05,SKU-1012,Beverages,430.0,0,9266.0,14,False,False,False,475.2857142857143,463.64285714285717,437.82142857142856,75.09650757349142,0.17152314316483888,1.1093697899299766,0,0.0,19.985210291172393,1.427515020798028
2026-03-06,SKU-1012,Beverages,386.0,0,8880.0,14,False,False,False,471.42857142857144,460.42857142857144,436.07142857142856,75.73292672593735,0.17367092123884076,1.0967098703888336,0,0.0,19.286379149860377,1.3775985107043127
2026-03-07,SKU-1012,Beverages,356.0,0,8524.0,14,False,False,False,469.14285714285717,455.2142857142857,434.85714285714283,76.76453380822197,0.17652816578763267,1.0903054448871183,0,0.0,18.725247136356504,1.3375176525968933
2026-03-08,SKU-1012,Beverages,863.0,0,7661.0,14,False,False,False,491.57142857142856,487.64285714285717,454.64285714285717,108.11695117915201,0.23780633409397142,1.0873755727603096,0,0.0,15.710268053317709,1.1221620038084077
2026-03-09,SKU-1012,Beverages,391.0,0,7270.0,14,False,False,False,482.42857142857144,488.2857142857143,453.35714285714283,108.67048878271939,0.23970172411502624,1.0612822124450032,0,0.0,14.8888238736103,1.0634874195435928
2026-03-10,SKU-1012,Beverages,495.0,0,6775.0,14,False,False,False,485.42857142857144,492.85714285714283,453.0357142857143,108.52836534591356,0.23955807880848085,1.061875,0,0.0,13.746376811594203,0.9818840579710145
2026-03-11,SKU-1012,Beverages,486.0,0,6289.0,14,False,False,False,486.7142857142857,494.14285714285717,453.7857142857143,108.68655480678004,0.23951074567840713,1.0515432098765434,0,0.0,12.727088753975137,0.9090777681410812
2026-03-12,SKU-1012,Beverages,428.0,0,5861.0,14,False,False,False,486.42857142857144,480.85714285714283,454.64285714285717,108.37357006129628,0.23837077468313397,1.049144969958404,0,0.0,12.188651218062983,0.8706179441473559
2026-03-13,SKU-1012,Beverages,435.0,0,5426.0,14,False,False,False,493.42857142857144,482.42857142857144,456.14285714285717,107.77779414171046,0.23628078891073384,1.0716723549488054,0,0.0,11.247260882440035,0.8033757773171454
2026-03-14,SKU-1012,Beverages,374.0,0,5052.0,14,False,False,False,496.0,482.57142857142856,456.42857142857144,107.54032097274325,0.23561259681039207,1.0895967362309744,0,0.0,10.468916518650088,0.7477797513321491
2026-03-15,SKU-1012,Beverages,396.0,7535,12191.0,14,False,False,False,429.2857142857143,460.42857142857144,456.25,107.63987454745848,0.2359230127067583,0.8803281089790537,0,0.0,26.47750542972386,1.8912503878374185
2026-03-16,SKU-1012,Beverages,426.0,0,11765.0,14,False,False,False,434.2857142857143,458.35714285714283,456.4642857142857,107.57098677509288,0.23566134337709102,0.8894090111176126,0,0.0,25.667757519089918,1.8334112513635656
2026-03-17,SKU-1012,Beverages,501.0,0,11264.0,14,False,False,False,435.14285714285717,460.2857142857143,458.7142857142857,107.8290337947092,0.23506796529522406,0.8828985507246377,0,0.0,24.47175667287399,1.7479826194909993
2026-03-18,SKU-1012,Beverages,457.0,0,10807.0,14,False,False,False,431.0,458.85714285714283,460.85714285714283,107.15123071335324,0.23250422039475285,0.872217403873952,0,0.0,23.551992528019927,1.6822851805728518
2026-03-19,SKU-1012,Beverages,470.0,0,10337.0,14,False,False,False,437.0,461.7142857142857,462.67857142857144,106.84639496212367,0.2309300701612862,0.9087938205585265,0,0.0,22.388304455445546,1.5991646039603962
2026-03-20,SKU-1012,Beverages,458.0,0,9879.0,14,False,False,False,440.2857142857143,466.85714285714283,463.64285714285717,106.67160206836073,0.23007278215329688,0.9126443588984305,0,0.0,21.160648714810282,1.5114749082007344
2026-03-21,SKU-1012,Beverages,391.0,0,9488.0,14,False,False,False,442.7142857142857,469.35714285714283,462.2857142857143,107.36813001964481,0.2322549166061538,0.9174067495559504,0,0.0,20.21488357936387,1.443920255668848
2026-03-22,SKU-1012,Beverages,404.0,0,9084.0,14,False,False,False,443.85714285714283,436.57142857142856,462.10714285714283,107.4641505377196,0.23255245498540453,0.9640086875581755,0,0.0,20.80759162303665,1.486256544502618
2026-03-23,SKU-1012,Beverages,391.0,0,8693.0,14,False,False,False,438.85714285714283,436.57142857142856,462.42857142857144,107.22887552348833,0.23188202924449128,0.9574567554932212,0,0.0,19.91197643979058,1.4222840314136127
2026-03-24,SKU-1012,Beverages,498.0,0,8195.0,14,False,False,False,438.42857142857144,436.7857142857143,464.82142857142856,107.24912278720208,0.23073188152452234,0.952513966480447,0,0.0,18.762060506950125,1.340147179067866
2026-03-25,SKU-1012,Beverages,467.0,0,7728.0,14,False,False,False,439.85714285714283,435.42857142857144,464.7857142857143,107.2481916079456,0.23074760757818324,0.9585927770859277,0,0.0,17.748031496062993,1.2677165354330708
2026-03-26,SKU-1012,Beverages,429.0,0,7299.0,14,False,False,False,434.0,435.5,458.17857142857144,103.3426711090713,0.22555107888798787,0.9399752475247525,0,0.0,16.76004592422503,1.1971461374446448
2026-03-27,SKU-1012,Beverages,443.0,0,6856.0,14,False,False,False,431.85714285714283,436.07142857142856,459.25,103.01191049438754,0.22430464996056076,0.925030599755202,0,0.0,15.722194922194923,1.123013923013923
2026-03-28,SKU-1012,Beverages,363.0,0,6493.0,14,False,False,False,427.85714285714283,435.2857142857143,458.92857142857144,103.30785656237978,0.2251066135211388,0.9115811900776137,0,0.0,14.916639317361339,1.0654742369543813
2026-03-29,SKU-1012,Beverages,340.0,0,6153.0,14,False,False,False,418.7142857142857,431.2857142857143,445.85714285714283,93.58565665888729,0.20990054361173055,0.9590968586387435,0,0.0,14.266644584299437,1.0190460417356741
2026-03-30,SKU-1012,Beverages,426.0,6689,12416.0,14,False,False,False,423.7142857142857,431.2857142857143,444.82142857142856,93.64118023028458,0.21051409445587863,0.9705497382198953,0,0.0,28.788340510102685,2.056310036435906
2026-03-31,SKU-1012,Beverages,421.0,0,11995.0,14,False,False,False,412.7142857142857,425.57142857142856,442.92857142857144,93.56515993380846,0.21124209628661803,0.9448896156991006,0,0.0,28.18563276267204,2.0132594830480026
2026-04-01,SKU-1012,Beverages,439.0,0,11556.0,14,False,False,False,408.7142857142857,424.2857142857143,441.57142857142856,93.32794769042027,0.21135413582430992,0.9386482939632546,0,0.0,27.236363636363638,1.9454545454545455
2026-04-02,SKU-1012,Beverages,371.0,0,11185.0,14,False,False,False,400.42857142857144,417.2142857142857,439.4642857142857,94.26027093770035,0.21448903585986265,0.9194685911103821,0,0.0,26.808765622324945,1.9149118301660675
2026-04-03,SKU-1012,Beverages,835.0,0,10350.0,14,False,False,False,456.42857142857144,444.14285714285717,455.5,119.61125303186091,0.26259331071758707,1.0466830466830468,0,0.0,23.30331296236732,1.6645223544548085
2026-04-04,SKU-1012,Beverages,576.0,0,9946.0,14,True,False,False,486.85714285714283,457.35714285714283,463.35714285714283,120.05807677512499,0.25910483657341604,1.1184771906793567,0,0.0,21.746681243167266,1.5533343745119477
2026-04-05,SKU-1012,Beverages,317.0,0,9629.0,14,False,False,False,483.57142857142856,451.14285714285717,443.85714285714283,94.32713536203921,0.2125168804423156,1.1212321960914209,0,0.0,21.3435718809373,1.5245408486383787
2026-04-06,SKU-1012,Beverages,433.0,0,9196.0,14,False,False,False,484.57142857142856,454.14285714285717,445.35714285714283,93.78786713196982,0.2105902389490902,1.1235508446505464,0,0.0,20.249134948096884,1.4463667820069204
2026-04-07,SKU-1012,Beverages,440.0,0,8756.0,14,False,False,False,487.2857142857143,450.0,443.39285714285717,93.28424871435188,0.21038735110768042,1.1450151057401814,0,0.0,19.45777777777778,1.3898412698412699
2026-04-08,SKU-1012,Beverages,448.0,0,8308.0,14,False,False,False,488.57142857142856,448.64285714285717,442.0357142857143,92.91712043451018,0.21020274478195727,1.1515151515151516,0,0.0,18.518070370960036,1.3227193122114311
2026-04-09,SKU-1012,Beverages,465.0,0,7843.0,14,False,False,False,502.0,451.2142857142857,443.35714285714283,92.97319975678946,0.20970272218383315,1.2032186269474405,0,0.0,17.38198511951876,1.2415703656799113
2026-04-10,SKU-1012,Beverages,417.0,0,7426.0,14,False,False,False,442.2857142857143,449.35714285714283,442.7142857142857,93.09527463158462,0.21028296948083003,0.9958185911868768,0,0.0,16.525830551581624,1.180416467970116
2026-04-11,SKU-1012,Beverages,431.0,0,6995.0,14,False,False,False,421.57142857142856,454.2142857142857,444.75,92.15551469602289,0.20720745294215379,0.9217554271435265,0,0.0,15.40022016040258,1.1000157257430414
2026-04-12,SKU-1012,Beverages,394.0,0,6601.0,14,False,False,False,432.57142857142856,458.07142857142856,444.67857142857144,92.19546609380512,0.2073305799234233,0.9588347055098162,0,0.0,14.410416341805707,1.029315452986122
2026-04-13,SKU-1012,Beverages,455.0,0,6146.0,14,False,False,False,435.7142857142857,460.14285714285717,445.7142857142857,92.1407366147859,0.2067260116357376,0.9594212016357345,0,0.0,13.356721515057435,0.9540515367898168
2026-04-14,SKU-1012,Beverages,395.0,8278,14029.0,14,False,False,False,429.2857142857143,458.2857142857143,441.92857142857144,91.96252399812556,0.2080936376230415,0.9539682539682539,0,0.0,30.611907730673316,2.186564837905237
2026-04-15,SKU-1012,Beverages,438.0,0,13591.0,14,False,False,False,427.85714285714283,458.2142857142857,441.25,91.91728366872596,0.20831112446170189,0.9536697978028975,0,0.0,29.66079501169135,2.1186282151208107
2026-04-16,SKU-1012,Beverages,486.0,0,13105.0,14,False,False,False,430.85714285714283,466.42857142857144,441.82142857142856,92.15206979907705,0.20857311085394534,0.9548836473009339,0,0.0,28.096477794793262,2.0068912710566615
2026-04-17,SKU-1012,Beverages,369.0,0,12736.0,14,False,False,False,424.0,433.14285714285717,438.64285714285717,93.10337316788309,0.212253252621782,0.9435701796216818,0,0.0,29.403693931398415,2.100263852242744
2026-04-18,SKU-1012,Beverages,356.0,0,12380.0,14,False,False,False,413.2857142857143,417.42857142857144,437.39285714285717,93.99737556845197,0.2149037736520499,0.9098914923730146,0,0.0,29.657768651608485,2.118412046543463
2026-04-19,SKU-1012,Beverages,361.0,0,12019.0,14,False,False,False,408.57142857142856,420.57142857142856,435.85714285714283,94.90998241441602,0.2177547941333701,0.8919382504288165,0,0.0,28.577785326086957,2.0412703804347827
2026-04-20,SKU-1012,Beverages,444.0,0,11575.0,14,False,False,False,407.0,421.35714285714283,437.75,94.50989562141294,0.21589924756462123,0.884507916796026,0,0.0,27.47075775555179,1.9621969825394137
2026-04-21,SKU-1012,Beverages,407.0,0,11168.0,14,False,False,False,408.7142857142857,419.0,434.5,93.92412225163852,0.21616598907166518,0.8918329177057357,0,0.0,26.653937947494033,1.903852710535288
2026-04-22,SKU-1012,Beverages,360.0,0,10808.0,14,False,False,False,397.57142857142856,412.7142857142857,430.67857142857144,94.72613686460036,0.21994625028682396,0.8676539360872954,0,0.0,26.18760816891658,1.8705434406368986
2026-04-23,SKU-1012,Beverages,352.0,0,10456.0,14,False,False,False,378.42857142857144,404.64285714285717,427.92857142857144,95.88725191267645,0.22407303067559176,0.8113323124042879,0,0.0,25.840070609002645,1.8457193292144747
2026-04-24,SKU-1012,Beverages,349.0,0,10107.0,14,False,False,False,375.57142857142856,399.7857142857143,424.57142857142856,96.97935197244152,0.22841704704141677,0.867084432717678,0,0.0,25.281043416115775,1.805788815436841
2026-04-25,SKU-1012,Beverages,357.0,0,9750.0,14,False,False,False,375.7142857142857,394.5,424.35714285714283,97.12695559238688,0.22888021853112547,0.9000684462696783,0,0.0,24.714828897338403,1.7653449212384573
2026-04-26,SKU-1012,Beverages,414.0,0,9336.0,14,False,False,False,383.2857142857143,395.92857142857144,427.0,95.74348445097873,0.22422361698121482,0.9113451086956522,0,0.0,23.580010824463287,1.6842864874616634
2026-04-27,SKU-1012,Beverages,360.0,0,8976.0,14,False,False,False,371.2857142857143,389.14285714285717,424.64285714285717,96.5778190490711,0.2274330473821691,0.8811662993727751,0,0.0,23.066079295154182,1.647577092511013
2026-04-28,SKU-1012,Beverages,440.0,0,8536.0,14,False,False,False,376.0,392.35714285714283,425.32142857142856,96.61801594573859,0.2271647028701554,0.8973747016706444,0,0.0,21.755689058802112,1.5539777899144365
2026-04-29,SKU-1012,Beverages,920.0,0,7616.0,14,False,False,False,456.0,426.7857142857143,442.5,134.48158348374804,0.30391318301411985,1.1048805815160956,0,0.0,17.845020920502094,1.2746443514644352
2026-04-30,SKU-1012,Beverages,434.0,0,7182.0,14,False,False,False,467.7142857142857,423.07142857142856,444.75,133.76613782878547,0.30076703277973127,1.1558693733451015,0,0.0,16.97585682930947,1.2125612020935337
2026-05-01,SKU-1012,Beverages,340.0,0,6842.0,14,False,False,False,466.42857142857144,421.0,427.07142857142856,111.0635215545852,0.26005842143572383,1.1666964445238521,0,0.0,16.251781472684087,1.160841533763149
2026-05-02,SKU-1012,Beverages,416.0,0,6426.0,14,False,False,False,474.85714285714283,425.2857142857143,421.35714285714283,107.1648830975528,0.25433266034340385,1.2036936447582836,0,0.0,15.10984212294256,1.07927443735304
2026-05-03,SKU-1012,Beverages,702.0,0,5724.0,14,False,False,False,516.0,449.64285714285717,435.10714285714283,117.48170520638972,0.2700063814970789,1.3032653797582536,0,0.0,12.73010325655282,0.9092930897537729
2026-05-04,SKU-1012,Beverages,449.0,0,5275.0,14,False,False,False,528.7142857142857,450.0,435.67857142857144,117.50998494105325,0.26971715536925084,1.358663729809104,0,0.0,11.722222222222221,0.8373015873015872
2026-05-05,SKU-1012,Beverages,470.0,6667,11472.0,14,False,False,False,533.0,454.5,436.75,117.68747848684919,0.26946188548792027,1.358456217003459,0,0.0,25.24092409240924,1.8029231494578029
2026-05-06,SKU-1012,Beverages,451.0,0,11021.0,14,False,False,False,466.0,461.0,436.85714285714283,117.69946482955655,0.269423235384858,1.0918828451882845,0,0.0,23.906724511930587,1.7076231794236134
2026-05-07,SKU-1012,Beverages,399.0,0,10622.0,14,False,False,False,461.0,464.35714285714283,434.5,117.77583855845877,0.27106061808621124,1.0896505149417526,0,0.0,22.87463467158899,1.6339024765420707
2026-05-08,SKU-1012,Beverages,404.0,0,10218.0,14,False,False,False,470.14285714285717,468.2857142857143,434.0357142857143,117.87296430600915,0.27157434383018647,1.1167288768238888,0,0.0,21.820012202562538,1.5585723001830385
2026-05-09,SKU-1012,Beverages,421.0,0,9797.0,14,False,False,False,470.85714285714283,472.85714285714283,433.67857142857144,117.89764976497969,0.2718549117532266,1.1071548538797447,0,0.0,20.718731117824774,1.4799093655589124
2026-05-10,SKU-1012,Beverages,387.0,0,9410.0,14,False,False,False,425.85714285714283,470.92857142857144,433.42857142857144,117.99228743515353,0.2722300632979811,0.947100873709293,0,0.0,19.981798877597452,1.427271348399818
2026-05-11,SKU-1012,Beverages,341.0,0,9069.0,14,False,False,False,410.42857142857144,469.57142857142856,429.35714285714283,119.1812234421346,0.2775806235551297,0.9120634920634921,0,0.0,19.31335564344387,1.3795254031031337
2026-05-12,SKU-1012,Beverages,438.0,0,8631.0,14,False,False,False,405.85714285714283,469.42857142857144,430.89285714285717,118.99901626910983,0.27616845880937213,0.8929750117868929,0,0.0,18.386183810103468,1.313298843578819
2026-05-13,SKU-1012,Beverages,418.0,0,8213.0,14,False,False,False,401.14285714285717,433.57142857142856,430.17857142857144,119.01479944432323,0.27666370979170196,0.8701580415246359,0,0.0,18.942668863261943,1.3530477759472817
2026-05-14,SKU-1012,Beverages,491.0,0,7722.0,14,False,False,False,414.2857142857143,437.64285714285717,430.35714285714283,119.10537329226563,0.27675937362518155,0.8921704353176435,0,0.0,17.64452423698384,1.26032315978456
2026-05-15,SKU-1012,Beverages,372.0,0,7350.0,14,False,False,False,409.7142857142857,439.92857142857144,430.4642857142857,119.04947062052166,0.2765606220339008,0.8749237339841367,0,0.0,16.70725767169995,1.1933755479785677
2026-05-16,SKU-1012,Beverages,417.0,0,6933.0,14,False,False,False,409.14285714285717,440.0,432.64285714285717,118.19137471998984,0.27318462045234565,0.8652567975830817,0,0.0,15.756818181818181,1.125487012987013
2026-05-17,SKU-1012,Beverages,454.0,0,6479.0,14,False,False,False,418.7142857142857,422.2857142857143,435.9642857142857,117.40764128796826,0.2693056407031303,0.8891248293644775,0,0.0,15.342692828146143,1.0959066305818674
2026-05-18,SKU-1012,Beverages,475.0,0,6004.0,14,False,False,False,437.85714285714283,424.14285714285717,437.07142857142856,117.63217264986667,0.269137182071929,0.9324612108305446,0,0.0,14.15560794880431,1.0111148534860221
2026-05-19,SKU-1012,Beverages,391.0,7690,13303.0,14,False,False,False,431.14285714285717,418.5,436.5,117.82237101294096,0.26992524859780287,0.9184418746195984,0,0.0,31.787335722819595,2.2705239802013994
2026-05-20,SKU-1012,Beverages,446.0,0,12857.0,14,False,False,False,435.14285714285717,418.14285714285717,439.57142857142856,116.87138501327274,0.2658757540113452,1.0036243822075783,0,0.0,30.747864707892038,2.196276050563717
2026-05-21,SKU-1012,Beverages,413.0,0,12444.0,14,False,False,False,424.0,419.14285714285717,441.75,115.74161036710336,0.2620070410121185,0.9688265056308144,0,0.0,29.68916155419223,2.1206543967280163
2026-05-22,SKU-1012,Beverages,423.0,0,12021.0,14,False,False,False,431.2857142857143,420.5,444.39285714285717,114.3821856389114,0.2573897932885573,0.9803539535638902,0,0.0,28.587395957193817,2.0419568540852726
2026-05-23,SKU-1012,Beverages,397.0,0,11624.0,14,False,False,False,428.42857142857144,418.7857142857143,445.82142857142856,113.49663188718618,0.2545786824354092,0.9737012987012987,0,0.0,27.75643868326795,1.982602763090568
2026-05-24,SKU-1012,Beverages,467.0,0,11157.0,14,False,False,False,430.2857142857143,424.5,447.7142857142857,113.38817533975184,0.25326012360506156,1.0189445196211095,0,0.0,26.28268551236749,1.8773346794548207
2026-05-25,SKU-1012,Beverages,406.0,0,10751.0,14,False,False,False,420.42857142857144,429.14285714285717,449.35714285714283,112.39916115599543,0.25013324688983246,0.9912428427079825,0,0.0,25.052263648468706,1.7894474034620504
2026-05-26,SKU-1012,Beverages,400.0,0,10351.0,14,False,False,False,421.7142857142857,426.42857142857144,447.92857142857144,112.77605753633684,0.25177241357179325,1.0076804915514592,0,0.0,24.273701842546064,1.7338358458961474
2026-05-27,SKU-1012,Beverages,469.0,0,9882.0,14,False,False,False,425.0,430.07142857142856,431.82142857142856,64.90052420688173,0.1502948207586377,1.0163990433891357,0,0.0,22.977578475336323,1.641255605381166
2026-05-28,SKU-1012,Beverages,424.0,0,9458.0,14,False,False,False,426.57142857142856,425.2857142857143,431.4642857142857,64.91560455149218,0.15045417825029228,1.0177232447171096,0,0.0,22.23916694659053,1.5885119247564663
2026-05-29,SKU-1012,Beverages,370.0,0,9088.0,14,False,False,False,419.0,425.14285714285717,432.5357142857143,63.58399643915599,0.1470028817022845,0.9964328180737217,0,0.0,21.376344086021504,1.5268817204301075
2026-05-30,SKU-1012,Beverages,372.0,0,8716.0,14,False,False,False,415.42857142857144,421.92857142857144,430.9642857142857,64.54426109431913,0.1497670763769732,0.9919836261299676,0,0.0,20.65752497037413,1.4755374978838665
2026-05-31,SKU-1012,Beverages,375.0,0,8341.0,14,False,False,False,402.2857142857143,416.2857142857143,419.2857142857143,37.67979824477819,0.08986663976608086,0.9476695271748276,0,0.0,20.03671928620453,1.431194234728895
2026-06-01,SKU-1012,Beverages,397.0,0,8053.0,14,True,False,False,401.0,410.7142857142857,417.42857142857144,37.441736042598116,0.08969615068384217,0.9344207723035951,0,0.0,19.607304347826087,1.4005217391304348
2026-06-02,SKU-1012,Beverages,419.0,0,7634.0,14,False,False,False,403.7142857142857,412.7142857142857,415.60714285714283,36.00240659210537,0.08662605349995278,0.9467336683417086,0,0.0,18.49705780546902,1.3212184146763586
2026-06-03,SKU-1012,Beverages,515.0,0,7119.0,14,False,False,False,410.2857142857143,417.64285714285717,417.89285714285717,40.12788749108714,0.09602434405182803,0.9539943530974921,0,0.0,17.045664443304258,1.2175474602360183
2026-06-04,SKU-1012,Beverages,491.0,0,6628.0,14,False,False,False,419.85714285714283,423.2142857142857,421.17857142857144,42.23484042862884,0.10027775222603304,0.9872354719516291,0,0.0,15.661097046413502,1.118649789029536
2026-06-05,SKU-1012,Beverages,398.0,0,6230.0,14,False,False,False,423.85714285714283,421.42857142857144,420.9642857142857,42.34031625947515,0.10057935482016664,0.9969758064516128,0,0.0,14.783050847457627,1.0559322033898304
2026-06-06,SKU-1012,Beverages,376.0,6492,12346.0,14,False,False,False,424.42857142857144,419.92857142857144,419.35714285714283,43.18454309014692,0.10297796001738321,1.0059251735229389,0,0.0,29.400238135737368,2.1000170096955264
2026-06-07,SKU-1012,Beverages,434.0,0,11912.0,14,False,False,False,432.85714285714283,417.57142857142856,421.0357142857143,42.791901399643606,0.1016348493672085,1.0398078242964996,0,0.0,28.526855969893944,2.0376325692781387
2026-06-08,SKU-1012,Beverages,410.0,0,11447.0,14,True,False,False,434.7142857142857,417.85714285714283,423.5,39.90126703641261,0.09421786785457524,1.0584347826086957,0,0.0,27.394529914529915,1.9567521367521368
2026-06-09,SKU-1012,Beverages,387.0,0,11060.0,14,False,False,False,430.14285714285717,416.92857142857144,421.67857142857144,40.376059620475424,0.09575079777871702,1.0422291450328833,0,0.0,26.527325681000512,1.8948089772143224
2026-06-10,SKU-1012,Beverages,419.0,0,10641.0,14,False,False,False,416.42857142857144,413.35714285714283,421.7142857142857,40.3731274239365,0.09573573576136704,0.9970925260817513,0,0.0,25.742871954380508,1.8387765681700363
2026-06-11,SKU-1012,Beverages,419.0,0,10222.0,14,False,False,False,406.14285714285717,413.0,419.14285714285717,38.02115813081526,0.09071169288197233,0.959662447257384,0,0.0,24.750605326876514,1.7679003804911795
2026-06-12,SKU-1012,Beverages,440.0,0,9782.0,14,False,False,False,412.14285714285717,418.0,421.57142857142856,37.057941190667904,0.08790429967288219,0.9779661016949153,0,0.0,23.401913875598087,1.6715652768284348
2026-06-13,SKU-1012,Beverages,339.0,0,9443.0,14,False,False,False,406.85714285714283,415.64285714285717,418.7857142857143,40.21180694757961,0.09602000635615121,0.9688722571865963,0,0.0,22.719023887265852,1.6227874205189894
2026-06-14,SKU-1012,Beverages,450.0,0,8993.0,14,False,False,False,409.14285714285717,421.0,418.64285714285717,40.08898831508445,0.09575939880757248,0.979815258296271,0,0.0,21.36104513064133,1.5257889379029521
2026-06-15,SKU-1012,Beverages,391.0,0,8602.0,14,False,False,False,406.42857142857144,420.57142857142856,415.64285714285717,38.83890211450768,0.09344296779568784,0.9726495726495727,0,0.0,20.453125,1.4609375
2026-06-16,SKU-1012,Beverages,470.0,0,8132.0,14,False,False,False,418.2857142857143,424.2142857142857,418.4642857142857,39.83901135064497,0.09520289475275745,1.0032550967962994,0,0.0,19.169557164505807,1.3692540831789863
2026-06-17,SKU-1012,Beverages,451.0,0,7681.0,14,False,False,False,422.85714285714283,419.64285714285717,418.64285714285717,39.97797012403317,0.09549421288798232,1.0229825470883014,0,0.0,18.303659574468085,1.307404255319149
2026-06-18,SKU-1012,Beverages,437.0,0,7244.0,14,False,False,False,425.42857142857144,415.7857142857143,419.5,40.10957214653096,0.09561280607039561,1.0300933932895193,0,0.0,17.42243600755884,1.2444597148256313
2026-06-19,SKU-1012,Beverages,407.0,0,6837.0,14,False,False,False,420.7142857142857,416.42857142857144,418.92857142857144,40.171787199133675,0.09589173414967969,1.0064935064935066,0,0.0,16.418181818181818,1.1727272727272726
2026-06-20,SKU-1012,Beverages,369.0,0,6468.0,14,False,False,False,425.0,415.92857142857144,417.92857142857144,41.0761971006806,0.0982852092650023,1.0225124591854269,0,0.0,15.55074703760948,1.1107676455435342
2026-06-21,SKU-1012,Beverages,391.0,0,6077.0,14,False,False,False,416.57142857142856,412.85714285714283,415.2142857142857,40.21549097407249,0.09685478645054443,0.9894808279606379,0,0.0,14.719377162629758,1.0513840830449828
2026-06-22,SKU-1012,Beverages,420.0,0,5657.0,14,False,False,False,420.7142857142857,413.57142857142856,415.7142857142857,40.18370513939886,0.09666183366865705,1.0003396739130435,0,0.0,13.678411053540588,0.9770293609671848
2026-06-23,SKU-1012,Beverages,411.0,7942,13188.0,14,False,False,False,412.2857142857143,415.2857142857143,416.10714285714283,40.07801585030559,0.09631657744473063,0.9718807880114497,0,0.0,31.756449948400412,2.268317853457172
2026-06-24,SKU-1012,Beverages,508.0,0,12680.0,14,False,False,False,420.42857142857144,421.64285714285717,417.5,42.583686669549444,0.10199685429832202,1.0018723404255319,0,0.0,30.07284431644926,2.1480603083178043
2026-06-25,SKU-1012,Beverages,351.0,0,12329.0,14,False,False,False,408.14285714285717,416.7857142857143,414.89285714285717,44.36827302018462,0.10693911031808291,0.9816182786462808,0,0.0,29.581148243359042,2.1129391602399314
2026-06-26,SKU-1012,Beverages,392.0,0,11937.0,14,False,False,False,406.0,413.35714285714283,415.67857142857144,43.734090077657115,0.10521131731028431,0.9749571183533448,0,0.0,28.878175220321413,2.0627268014515296
2026-06-27,SKU-1012,Beverages,362.0,0,11575.0,14,False,False,False,405.0,415.0,415.32142857142856,44.14291065218234,0.10628613795348744,0.973724884080371,0,0.0,27.89156626506024,1.9922547332185887
2026-06-28,SKU-1012,Beverages,391.0,0,11184.0,14,False,False,False,405.0,410.7857142857143,415.89285714285717,43.70298683386583,0.10508232128366193,0.9809688581314879,0,0.0,27.22587376108503,1.9447052686489308
2026-06-29,SKU-1012,Beverages,413.0,0,10771.0,14,False,False,False,404.0,412.35714285714283,416.4642857142857,43.55114672373591,0.10457354500168128,0.9768566493955095,0,0.0,26.12056123332756,1.8657543738091114
2026-01-01,SKU-1013,Pasta,436.0,0,1514.0,10,False,False,False,,,,,,,0,,,
2026-01-02,SKU-1013,Pasta,377.0,0,1137.0,10,False,False,False,,,,,,,0,,,
2026-01-03,SKU-1013,Pasta,445.0,0,692.0,10,False,False,False,419.3333333333333,,,,,,0,,,
2026-01-04,SKU-1013,Pasta,504.0,0,188.0,10,False,False,False,440.5,,,,,,0,,,
2026-01-05,SKU-1013,Pasta,476.0,0,0.0,10,False,False,False,447.6,447.6,,,,,1,0.2,0.0,0.0
2026-01-06,SKU-1013,Pasta,501.0,0,0.0,10,False,False,False,456.5,456.5,,,,,1,0.3333333333333333,0.0,0.0
2026-01-07,SKU-1013,Pasta,556.0,0,0.0,10,False,False,False,470.7142857142857,470.7142857142857,470.7142857142857,57.69955021694793,0.12257871062781046,,1,0.42857142857142855,0.0,0.0
2026-01-08,SKU-1013,Pasta,640.0,0,0.0,10,False,False,False,499.85714285714283,491.875,491.875,80.22368282318062,0.16309770332539897,,1,0.5,0.0,0.0
2026-01-09,SKU-1013,Pasta,427.0,0,0.0,10,False,False,False,507.0,484.6666666666667,484.6666666666667,78.09609465267773,0.1611336203287711,,1,0.5555555555555556,0.0,0.0
2026-01-10,SKU-1013,Pasta,425.0,6481,6056.0,10,False,False,False,504.14285714285717,478.7,478.7,76.00884451459872,0.15878179342928497,,0,0.5,12.650929601002716,1.2650929601002716
2026-01-11,SKU-1013,Pasta,321.0,0,5735.0,10,False,False,False,478.0,464.3636363636364,464.3636363636364,86.37392283238354,0.1860049238755323,,0,0.45454545454545453,12.350234925606891,1.235023492560689
2026-01-12,SKU-1013,Pasta,386.0,0,5349.0,10,False,False,False,465.14285714285717,457.8333333333333,457.8333333333333,85.40474048300655,0.1865411149974661,1.0391931571556237,0,0.4166666666666667,11.683290862759375,1.1683290862759375
2026-01-13,SKU-1013,Pasta,532.0,0,4817.0,10,False,False,False,469.57142857142856,463.53846153846155,463.53846153846155,84.31648255690718,0.18189748975104436,1.0286340165858239,0,0.38461538461538464,10.3918021905078,1.03918021905078
2026-01-14,SKU-1013,Pasta,456.0,0,4361.0,10,False,False,False,455.2857142857143,463.0,463.0,81.03370618737328,0.17501880386041746,0.9672230652503794,0,0.35714285714285715,9.419006479481641,0.9419006479481642
2026-01-15,SKU-1013,Pasta,1071.0,0,3290.0,10,False,False,False,516.8571428571429,508.35714285714283,503.53333333333336,175.3330979538525,0.34820554340100457,1.0507896169903794,0,0.3333333333333333,6.471828017423072,0.6471828017423072
2026-01-16,SKU-1013,Pasta,396.0,0,2894.0,10,False,False,False,512.4285714285714,509.7142857142857,496.8125,171.50790798094414,0.3452165716058757,1.0572804087247003,0,0.3125,5.677690582959642,0.5677690582959641
2026-01-17,SKU-1013,Pasta,473.0,0,2421.0,10,False,False,False,519.2857142857143,511.7142857142857,495.4117647058824,166.16221698370896,0.3354022427835493,1.0847831925751292,0,0.29411764705882354,4.731155778894473,0.47311557788944725
2026-01-18,SKU-1013,Pasta,898.0,0,1523.0,10,False,False,False,601.7142857142857,539.8571428571429,517.7777777777778,187.05631601065258,0.36126756311070235,1.2957825260096207,0,0.2777777777777778,2.8211166975390314,0.2821116697539031
2026-01-19,SKU-1013,Pasta,480.0,0,1043.0,10,False,False,False,615.1428571428571,540.1428571428571,515.7894736842105,181.99254531355837,0.3528426898936336,1.3435956107961933,0,0.2631578947368421,1.9309706426871198,0.19309706426871198
2026-01-20,SKU-1013,Pasta,592.0,0,451.0,10,False,False,False,623.7142857142857,546.6428571428571,519.6,177.9563518335177,0.3424872052223204,1.345550234697264,0,0.25,0.8250359336208023,0.08250359336208023
2026-01-21,SKU-1013,Pasta,348.0,0,103.0,10,False,False,False,608.2857142857143,531.7857142857143,511.42857142857144,177.4464909285533,0.3469624124301321,1.3137920394939835,0,0.23809523809523808,0.1936870382807253,0.01936870382807253
2026-01-22,SKU-1013,Pasta,507.0,0,0.0,10,False,False,False,527.7142857142857,522.2857142857143,511.22727272727275,173.17261738293215,0.33873900439446136,1.0380778417872698,1,0.2727272727272727,0.0,0.0
2026-01-23,SKU-1013,Pasta,415.0,0,0.0,10,False,False,False,530.4285714285714,521.4285714285714,507.04347826086956,170.37671582831584,0.3360199334634938,1.0406390134529149,1,0.30434782608695654,0.0,0.0
2026-01-24,SKU-1013,Pasta,412.0,4936,4524.0,10,False,False,False,521.7142857142857,520.5,503.0833333333333,167.75730831398562,0.3334582905032015,1.019542155220547,0,0.2916666666666667,8.69164265129683,0.8691642651296829
2026-01-25,SKU-1013,Pasta,399.0,0,4125.0,10,False,False,False,450.42857142857144,526.0714285714286,498.92,165.5392501291864,0.3317951778425126,0.8343477110346652,0,0.28,7.841140529531568,0.7841140529531568
2026-01-26,SKU-1013,Pasta,309.0,0,3816.0,10,False,False,False,426.0,520.5714285714286,491.61538461538464,166.4163638403572,0.33850926770844053,0.7886802433218726,0,0.2692307692307692,7.330406147091109,0.7330406147091109
2026-01-27,SKU-1013,Pasta,482.0,0,3334.0,10,False,False,False,410.2857142857143,517.0,491.25925925925924,163.1951622097327,0.3321976311567237,0.7505553377760356,0,0.25925925925925924,6.448742746615087,0.6448742746615087
2026-01-28,SKU-1013,Pasta,548.0,0,2786.0,10,False,False,False,438.85714285714283,523.5714285714286,493.2857142857143,160.50311111392415,0.3253755510563189,0.8252518468770986,0,0.25,5.321145975443383,0.5321145975443383
2026-01-29,SKU-1013,Pasta,461.0,0,2325.0,10,False,False,False,432.2857142857143,480.0,494.17857142857144,160.24195907980985,0.3242592219581322,0.8276805251641137,0,0.25,4.84375,0.484375
2026-01-30,SKU-1013,Pasta,604.0,4646,6367.0,10,False,False,False,459.2857142857143,494.85714285714283,502.2857142857143,159.8357622669936,0.31821681907535704,0.8808219178082192,0,0.25,12.86633949191686,1.2866339491916858
2026-01-31,SKU-1013,Pasta,416.0,0,5951.0,10,False,False,False,459.85714285714283,490.7857142857143,501.25,160.31395701814242,0.31982834317833897,0.8834911486208316,0,0.25,12.125454810071314,1.2125454810071314
2026-02-01,SKU-1013,Pasta,399.0,0,5552.0,10,False,False,False,459.85714285714283,455.14285714285717,497.5,161.47113031723637,0.3245650860647967,0.8741344195519348,0,0.25,12.198367859384808,1.2198367859384809
2026-02-02,SKU-1013,Pasta,292.0,0,5260.0,10,False,False,False,457.42857142857144,441.7142857142857,490.92857142857144,166.05753767928098,0.33825193183616087,0.8787047200878156,0,0.21428571428571427,11.908150064683053,1.1908150064683052
2026-02-03,SKU-1013,Pasta,504.0,0,4756.0,10,False,False,False,460.57142857142856,435.42857142857144,491.0357142857143,166.0652442382672,0.3381938205448747,0.8908538270240398,0,0.17857142857142858,10.92257217847769,1.092257217847769
2026-02-04,SKU-1013,Pasta,581.0,0,4175.0,10,False,False,False,465.2857142857143,452.07142857142856,491.92857142857144,166.49411702907403,0.338451813330483,0.8886766712141883,0,0.14285714285714285,9.235266234792226,0.9235266234792225
2026-02-05,SKU-1013,Pasta,400.0,0,3775.0,10,False,False,False,456.57142857142856,444.42857142857144,483.35714285714283,164.7575579755081,0.3408609149781459,0.9511904761904761,0,0.10714285714285714,8.494053359048538,0.8494053359048538
2026-02-06,SKU-1013,Pasta,378.0,0,3397.0,10,False,False,False,424.2857142857143,441.7857142857143,481.60714285714283,165.63622328949808,0.34392393415691114,0.8573903002309469,0,0.07142857142857142,7.689248181083266,0.7689248181083266
2026-02-07,SKU-1013,Pasta,452.0,0,2945.0,10,False,False,False,429.42857142857144,444.64285714285717,482.57142857142856,165.37285114002205,0.34269092894616765,0.8749818075971475,0,0.07142857142857142,6.6232931726907625,0.6623293172690763
2026-02-08,SKU-1013,Pasta,413.0,0,2532.0,10,False,False,False,431.42857142857144,445.64285714285717,485.85714285714283,162.93982399458469,0.33536570654574915,0.9478970495919649,0,0.07142857142857142,5.681679756371213,0.5681679756371213
2026-02-09,SKU-1013,Pasta,423.0,5185,7294.0,10,False,False,False,450.14285714285717,453.7857142857143,487.17857142857144,162.2485641256851,0.3330371523729333,1.0190815006468306,0,0.07142857142857142,16.073665984574216,1.6073665984574217
2026-02-10,SKU-1013,Pasta,521.0,0,6773.0,10,False,False,False,452.57142857142856,456.57142857142856,486.7857142857143,162.14930411628913,0.3331020187275199,1.0393700787401574,0,0.07142857142857142,14.83448060075094,1.4834480600750939
2026-02-11,SKU-1013,Pasta,494.0,0,6279.0,10,False,False,False,440.14285714285717,452.7142857142857,488.14285714285717,162.04108173334367,0.3319542207004406,0.9736135250434509,0,0.07142857142857142,13.869674976333227,1.3869674976333228
2026-02-12,SKU-1013,Pasta,429.0,0,5850.0,10,False,False,False,444.2857142857143,450.42857142857144,465.2142857142857,115.14929347746684,0.24751882522409577,0.9996785599485696,0,0.07142857142857142,12.987630827783063,1.2987630827783063
2026-02-13,SKU-1013,Pasta,518.0,0,5332.0,10,False,False,False,464.2857142857143,444.2857142857143,469.57142857142856,114.74074757225156,0.24435206358556769,1.0509296685529508,0,0.07142857142857142,12.00128617363344,1.200128617363344
2026-02-14,SKU-1013,Pasta,429.0,0,4903.0,10,False,False,False,461.0,445.2142857142857,468.0,114.99307547590597,0.2457116997348418,1.0367871485943774,0,0.07142857142857142,11.012674474570833,1.1012674474570834
2026-02-15,SKU-1013,Pasta,447.0,0,4456.0,10,False,False,False,465.85714285714283,448.64285714285717,451.89285714285717,78.24668459937233,0.17315317859657198,1.0453598333066196,0,0.07142857142857142,9.932176405031045,0.9932176405031046
2026-02-16,SKU-1013,Pasta,494.0,0,3962.0,10,False,False,False,476.0,463.07142857142856,452.39285714285717,78.47733302643381,0.173471644804622,1.0489532504328665,0,0.07142857142857142,8.555915471232455,0.8555915471232455
2026-02-17,SKU-1013,Pasta,532.0,0,3430.0,10,False,False,False,477.57142857142856,465.07142857142856,450.25,75.2780647801007,0.16719170412015705,1.0459949937421777,0,0.07142857142857142,7.375211181078176,0.7375211181078176
2026-02-18,SKU-1013,Pasta,571.0,0,2859.0,10,False,False,False,488.57142857142856,464.35714285714283,458.2142857142857,75.85383466117077,0.16554227361752,1.079204796465762,0,0.07142857142857142,6.156898938624828,0.6156898938624827
2026-02-19,SKU-1013,Pasta,412.0,0,2447.0,10,False,False,False,486.14285714285717,465.2142857142857,454.82142857142856,75.71538009591436,0.16647276346176695,1.0792895654931811,0,0.03571428571428571,5.259941655151236,0.5259941655151236
2026-02-20,SKU-1013,Pasta,385.0,0,2062.0,10,False,False,False,467.14285714285717,465.7142857142857,453.75,76.50786693996704,0.16861237893105685,1.0514469453376207,0,0.0,4.42760736196319,0.442760736196319
2026-02-21,SKU-1013,Pasta,404.0,6577,8235.0,10,False,False,False,463.57142857142856,462.2857142857143,453.4642857142857,76.68428886499606,0.16910767017562336,1.0412321514519491,0,0.0,17.813658838071692,1.7813658838071693
2026-02-22,SKU-1013,Pasta,491.0,0,7744.0,10,False,False,False,469.85714285714283,467.85714285714283,456.75,76.23386289472579,0.16690500907438596,1.0472854640980735,0,0.0,16.55206106870229,1.655206106870229
2026-02-23,SKU-1013,Pasta,324.0,0,7420.0,10,False,False,False,445.57142857142856,460.7857142857143,457.2857142857143,75.20286496850302,0.1644548749701722,0.9622088539256517,0,0.0,16.102929778328942,1.6102929778328943
2026-02-24,SKU-1013,Pasta,426.0,0,6994.0,10,False,False,False,430.42857142857144,454.0,455.2857142857143,75.26587793251588,0.1653157030209009,0.9255106742435878,0,0.0,15.405286343612335,1.5405286343612334
2026-02-25,SKU-1013,Pasta,455.0,0,6539.0,10,False,False,False,413.85714285714283,451.2142857142857,451.9642857142857,73.04208941012588,0.16161031240486168,0.8912475003845562,0,0.0,14.49200569890771,1.4492005698907708
2026-02-26,SKU-1013,Pasta,638.0,0,5901.0,10,False,False,False,446.14285714285717,466.14285714285717,458.2857142857143,81.07100552298543,0.17690057314865898,0.9590050667894979,0,0.0,12.659209316579833,1.2659209316579834
2026-02-27,SKU-1013,Pasta,543.0,0,5358.0,10,False,False,False,468.7142857142857,467.92857142857144,456.10714285714283,77.76238226313603,0.170491480962165,1.0064417177914111,0,0.0,11.450465577774386,1.1450465577774387
2026-02-28,SKU-1013,Pasta,537.0,0,4821.0,10,False,False,False,487.7142857142857,475.64285714285717,460.42857142857144,78.80610456304838,0.1711581544962267,1.0550061804697157,0,0.0,10.135756119537467,1.0135756119537467
2026-03-01,SKU-1013,Pasta,392.0,0,4429.0,10,False,False,False,473.57142857142856,471.7142857142857,460.17857142857144,79.01901017004684,0.171713797808406,1.0122137404580154,0,0.0,9.389158086008479,0.9389158086008479
2026-03-02,SKU-1013,Pasta,553.0,0,3876.0,10,False,False,False,506.2857142857143,475.92857142857144,469.5,73.65761633697116,0.15688523181463507,1.098744380716168,0,0.0,8.14407924358397,0.814407924358397
2026-03-03,SKU-1013,Pasta,533.0,0,3343.0,10,False,False,False,521.5714285714286,476.0,470.5357142857143,74.36122154618808,0.15803523364654773,1.1488357457520453,0,0.0,7.023109243697479,0.7023109243697478
2026-03-04,SKU-1013,Pasta,550.0,0,2793.0,10,False,False,False,535.1428571428571,474.5,469.42857142857144,72.87148940603564,0.1552344570426809,1.1860060155136931,0,0.0,5.8861959957850365,0.5886195995785036
2026-03-05,SKU-1013,Pasta,416.0,0,2377.0,10,False,False,False,503.42857142857144,474.7857142857143,470.0,72.36788729202412,0.15397422828090238,1.079987741342323,0,0.0,5.006469083797202,0.5006469083797203
2026-03-06,SKU-1013,Pasta,543.0,0,1834.0,10,False,False,False,503.42857142857144,486.07142857142856,475.89285714285717,71.30910247112979,0.14984276691869675,1.0758662799572585,0,0.0,3.7731080088170463,0.37731080088170466
2026-03-07,SKU-1013,Pasta,416.0,0,1418.0,10,False,False,False,486.14285714285717,486.92857142857144,474.60714285714283,72.07626582473658,0.15186510972177172,1.022075386694699,0,0.0,2.9121314361155934,0.29121314361155937
2026-03-08,SKU-1013,Pasta,349.0,6569,7638.0,10,False,False,False,480.0,476.7857142857143,472.32142857142856,75.05556143009854,0.15890780491816703,1.017565112053301,0,0.0,16.019775280898877,1.6019775280898876
2026-03-09,SKU-1013,Pasta,449.0,0,7189.0,10,False,False,False,465.14285714285717,485.7142857142857,473.25,74.58210737664051,0.15759557818624512,0.9773375356446046,0,0.0,14.800882352941176,1.4800882352941176
2026-03-10,SKU-1013,Pasta,537.0,0,6652.0,10,False,False,False,465.7142857142857,493.64285714285717,473.82142857142856,75.02150485344976,0.15833286620159745,0.9783913565426171,0,0.0,13.475329185356678,1.3475329185356677
2026-03-11,SKU-1013,Pasta,473.0,0,6179.0,10,False,False,False,454.7142857142857,494.92857142857144,473.07142857142856,74.9172029749329,0.15836340656032927,0.9583019720006022,0,0.0,12.484629816712367,1.2484629816712367
2026-03-12,SKU-1013,Pasta,488.0,0,5691.0,10,False,False,False,465.0,484.2142857142857,475.17857142857144,74.46005818256026,0.15669910778742482,0.9793891981344968,0,0.0,11.753060923440035,1.1753060923440035
2026-03-13,SKU-1013,Pasta,451.0,0,5240.0,10,False,False,False,451.85714285714283,477.64285714285717,472.7857142857143,74.10870751200918,0.15674904142138216,0.9296105804555473,0,0.0,10.970539853446986,1.0970539853446986
2026-03-14,SKU-1013,Pasta,400.0,0,4840.0,10,False,False,False,449.57142857142856,467.85714285714283,471.75,74.94127330413087,0.15885802502200502,0.9232800352061024,0,0.0,10.345038167938933,1.0345038167938934
2026-03-15,SKU-1013,Pasta,397.0,0,4443.0,10,False,False,False,456.42857142857144,468.2142857142857,469.9642857142857,76.13899674540518,0.1620101762194198,0.957303370786517,0,0.0,9.489244851258581,0.9489244851258581
2026-03-16,SKU-1013,Pasta,449.0,0,3994.0,10,False,False,False,456.42857142857144,460.7857142857143,468.35714285714283,76.08777304106884,0.16245673670504251,0.9397058823529412,0,0.0,8.667803441326926,0.8667803441326927
2026-03-17,SKU-1013,Pasta,474.0,0,3520.0,10,False,False,False,447.42857142857144,456.57142857142856,466.2857142857143,75.07372038245798,0.1610036895457126,0.9063811315294458,0,0.0,7.709637046307885,0.7709637046307886
2026-03-18,SKU-1013,Pasta,1366.0,0,2154.0,10,False,False,False,575.0,514.8571428571429,494.67857142857144,185.40467323436823,0.3747982709235658,1.1617838071871842,0,0.0,4.183684794672586,0.4183684794672586
2026-03-19,SKU-1013,Pasta,1292.0,0,862.0,10,False,False,False,689.8571428571429,577.4285714285714,526.1071428571429,237.99709604293017,0.4523738163873494,1.4246939076559966,0,0.0,1.4928253339930726,0.14928253339930725
2026-03-20,SKU-1013,Pasta,448.0,0,414.0,10,False,False,False,689.4285714285714,570.6428571428571,528.3571428571429,236.908986163184,0.44838796894478516,1.44339763720652,0,0.0,0.7254975591438227,0.07254975591438227
2026-03-21,SKU-1013,Pasta,386.0,0,28.0,10,False,False,False,687.4285714285714,568.5,527.7142857142857,237.28305602644423,0.4496430406564997,1.4693129770992368,0,0.0,0.04925241864555849,0.004925241864555849
2026-03-22,SKU-1013,Pasta,465.0,0,0.0,10,False,False,False,697.1428571428571,576.7857142857143,526.7857142857143,237.4828425994192,0.4508148876463551,1.4889397406559877,1,0.03571428571428571,0.0,0.0
2026-03-23,SKU-1013,Pasta,447.0,0,0.0,10,False,False,False,696.8571428571429,576.6428571428571,531.1785714285714,234.71433442180046,0.4418746294500378,1.5123236707487213,1,0.07142857142857142,0.0,0.0
2026-03-24,SKU-1013,Pasta,457.0,0,0.0,10,False,False,False,694.4285714285714,570.9285714285714,532.2857142857143,234.27253156872453,0.44012552898042717,1.5209637046307887,1,0.10714285714285714,0.0,0.0
2026-03-25,SKU-1013,Pasta,483.0,5799,5316.0,10,False,False,False,568.2857142857143,571.6428571428571,533.2857142857143,233.99000566546158,0.43877043655457565,1.1037735849056605,0,0.10714285714285714,9.299512682743972,0.9299512682743971
2026-03-26,SKU-1013,Pasta,348.0,0,4968.0,10,False,False,False,433.42857142857144,561.6428571428571,522.9285714285714,235.5960020681085,0.45053189850478337,0.7506185056902523,0,0.10714285714285714,8.845478824876002,0.8845478824876002
2026-03-27,SKU-1013,Pasta,448.0,0,4520.0,10,False,False,False,433.42857142857144,561.4285714285714,519.5357142857143,235.9799869327995,0.45421321469157805,0.7595443735135813,0,0.10714285714285714,8.05089058524173,0.805089058524173
2026-03-28,SKU-1013,Pasta,499.0,0,4021.0,10,False,False,False,449.57142857142856,568.5,518.1785714285714,235.9850989601185,0.4554126935614665,0.7908028646814926,0,0.10714285714285714,7.072999120492524,0.7072999120492524
2026-03-29,SKU-1013,Pasta,376.0,0,3645.0,10,False,False,False,436.85714285714283,567.0,517.6071428571429,236.32108404013545,0.4565645727678046,0.7573993808049535,0,0.10714285714285714,6.428571428571429,0.6428571428571429
2026-03-30,SKU-1013,Pasta,637.0,0,3008.0,10,False,False,False,464.0,580.4285714285714,520.6071428571429,237.31809240790508,0.4558487060040709,0.8046575003096743,0,0.10714285714285714,5.182377553531873,0.5182377553531873
2026-03-31,SKU-1013,Pasta,577.0,0,2431.0,10,False,False,False,481.14285714285717,587.7857142857143,522.1785714285714,237.54875578638877,0.45491862129942445,0.8427373952208183,0,0.10714285714285714,4.1358609794628745,0.4135860979462874
2026-04-01,SKU-1013,Pasta,565.0,0,1866.0,10,False,False,False,492.85714285714283,530.5714285714286,522.7142857142857,237.63072147422307,0.4546091965891122,0.8621766837435961,0,0.10714285714285714,3.516962843295638,0.3516962843295638
2026-04-02,SKU-1013,Pasta,539.0,0,1327.0,10,False,False,False,520.1428571428571,476.7857142857143,527.1071428571429,236.72007836819733,0.4490929056378837,0.9261096273686887,0,0.10714285714285714,2.783220973782772,0.2783220973782772
2026-04-03,SKU-1013,Pasta,441.0,0,886.0,10,False,False,False,519.1428571428571,476.2857142857143,523.4642857142857,237.25068506990146,0.45323184703262887,0.9246819338422391,0,0.10714285714285714,1.8602279544091183,0.18602279544091183
2026-04-04,SKU-1013,Pasta,386.0,6215,6715.0,10,False,False,False,503.0,476.2857142857143,522.3928571428571,237.821025031619,0.4552532098779881,0.8847845206684257,0,0.10714285714285714,14.09868026394721,1.409868026394721
2026-04-05,SKU-1013,Pasta,411.0,0,6304.0,10,False,False,False,508.0,472.42857142857144,524.6071428571429,236.43139154954216,0.4506827533111294,0.8959435626102292,0,0.10714285714285714,13.34381614756577,1.334381614756577
2026-04-06,SKU-1013,Pasta,379.0,0,5925.0,10,False,False,False,471.14285714285717,467.57142857142856,522.1071428571429,237.62752354702087,0.4551317230533268,0.8117154811715481,0,0.10714285714285714,12.671860678276811,1.2671860678276812
2026-04-07,SKU-1013,Pasta,477.0,0,5448.0,10,False,False,False,456.85714285714283,469.0,519.9642857142857,237.75874515876572,0.457259761277934,0.7772511848341231,0,0.10714285714285714,11.616204690831557,1.1616204690831557
2026-04-08,SKU-1013,Pasta,481.0,0,4967.0,10,False,False,False,444.85714285714283,468.85714285714283,520.25,237.70501872263011,0.45690536996180703,0.838449111470113,0,0.10714285714285714,10.593845216331506,1.0593845216331506
2026-04-09,SKU-1013,Pasta,610.0,0,4357.0,10,False,False,False,455.0,487.57142857142856,524.6071428571429,238.20957770428313,0.45407231096193934,0.954307116104869,0,0.10714285714285714,8.936126574860827,0.8936126574860828
2026-04-10,SKU-1013,Pasta,451.0,0,3906.0,10,False,False,False,456.42857142857144,487.7857142857143,524.6071428571429,238.20957770428313,0.45407231096193934,0.9583083383323335,0,0.10714285714285714,8.007614584858691,0.8007614584858691
2026-04-11,SKU-1013,Pasta,386.0,0,3520.0,10,False,False,False,456.42857142857144,479.7142857142857,524.1071428571429,238.4953356614656,0.4550507256232393,0.9583083383323335,0,0.10714285714285714,7.337701012507445,0.7337701012507445
2026-04-12,SKU-1013,Pasta,422.0,6375,9473.0,10,False,False,False,458.0,483.0,525.0,238.04823663065216,0.4534252126298136,0.9694587239189597,0,0.10714285714285714,19.612836438923395,1.9612836438923396
2026-04-13,SKU-1013,Pasta,497.0,0,8976.0,10,False,False,False,474.85714285714283,473.0,526.7142857142857,237.65316420158697,0.4511993895880415,1.0155820348304307,0,0.10714285714285714,18.976744186046513,1.8976744186046512
2026-04-14,SKU-1013,Pasta,585.0,0,8391.0,10,False,False,False,490.2857142857143,473.57142857142856,530.6785714285714,237.66706460484505,0.44785502449260794,1.045385318306427,0,0.10714285714285714,17.718552036199096,1.7718552036199096
2026-04-15,SKU-1013,Pasta,617.0,0,7774.0,10,False,False,False,509.7142857142857,477.2857142857143,503.92857142857144,173.71388323192025,0.34471925800806286,1.0871419865935406,0,0.10714285714285714,16.28793774319066,1.6287937743190661
2026-04-16,SKU-1013,Pasta,623.0,0,7151.0,10,False,False,False,511.57142857142856,483.2857142857143,480.0357142857143,84.3060922814431,0.17562462494460285,1.049223556987987,0,0.10714285714285714,14.796630209872895,1.4796630209872894
2026-04-17,SKU-1013,Pasta,416.0,0,6735.0,10,False,False,False,506.57142857142856,481.5,478.89285714285717,84.97073103295708,0.17743161077804445,1.0385122272660712,0,0.10714285714285714,13.98753894080997,1.398753894080997
2026-04-18,SKU-1013,Pasta,384.0,0,6351.0,10,False,False,False,506.2857142857143,481.35714285714283,478.82142857142856,85.05251256829452,0.17762887684882872,1.0553901131625967,0,0.10714285714285714,13.193945689271406,1.3193945689271405
2026-04-19,SKU-1013,Pasta,394.0,0,5957.0,10,False,False,False,502.2857142857143,480.14285714285717,476.2857142857143,86.52546494908934,0.1816671429644947,1.0399290150842946,0,0.07142857142857142,12.406724189229395,1.2406724189229394
2026-04-20,SKU-1013,Pasta,410.0,0,5547.0,10,False,False,False,489.85714285714283,482.35714285714283,474.9642857142857,87.26862833838685,0.1837372429111085,1.0356387798248263,0,0.03571428571428571,11.499777876499333,1.1499777876499333
2026-04-21,SKU-1013,Pasta,575.0,0,4972.0,10,False,False,False,488.42857142857144,489.35714285714283,479.17857142857144,89.19684995742868,0.1861453230087205,1.031372549019608,0,0.0,10.160268573930814,1.0160268573930815
2026-04-22,SKU-1013,Pasta,420.0,0,4552.0,10,False,False,False,460.2857142857143,485.0,476.92857142857144,89.88879078614147,0.18847432544645507,0.9643819215803652,0,0.0,9.385567010309279,0.9385567010309279
2026-04-23,SKU-1013,Pasta,567.0,0,3985.0,10,False,False,False,452.2857142857143,481.92857142857144,484.75,87.75750469122075,0.18103662649039864,0.9358557493349099,0,0.0,8.268860234178153,0.8268860234178153
2026-04-24,SKU-1013,Pasta,352.0,0,3633.0,10,False,False,False,443.14285714285717,474.85714285714283,481.32142857142856,91.05962782762634,0.1891867314071038,0.9203382287494437,0,0.0,7.65072202166065,0.765072202166065
2026-04-25,SKU-1013,Pasta,334.0,0,3299.0,10,False,False,False,436.0,471.14285714285717,475.42857142857144,95.1215318427212,0.20007533740956981,0.9057723697878024,0,0.0,7.00212249848393,0.7002122498483929
2026-04-26,SKU-1013,Pasta,402.0,0,2897.0,10,False,False,False,437.14285714285717,469.7142857142857,476.35714285714283,94.23776638777373,0.19783006889021326,0.9104433204403451,0,0.0,6.167579075425791,0.6167579075425791
2026-04-27,SKU-1013,Pasta,519.0,0,2378.0,10,False,False,False,452.7142857142857,471.2857142857143,472.14285714285717,89.29672313083367,0.18913072977786252,0.9385458314823042,0,0.0,5.0457714458926946,0.5045771445892695
2026-04-28,SKU-1013,Pasta,535.0,0,1843.0,10,False,False,False,447.0,467.7142857142857,470.64285714285717,87.81049219587909,0.1865756398151931,0.9134432929499343,0,0.0,3.940439828955406,0.3940439828955406
2026-04-29,SKU-1013,Pasta,460.0,0,1383.0,10,False,False,False,452.7142857142857,456.5,466.89285714285717,85.85187039775927,0.18387916860225345,0.9334315169366716,0,0.0,3.0295728368017523,0.3029572836801752
2026-04-30,SKU-1013,Pasta,336.0,0,1047.0,10,False,False,False,419.7142857142857,436.0,459.64285714285717,88.07959964155081,0.19162616860632656,0.8709055876685934,0,0.0,2.4013761467889907,0.24013761467889908
2026-05-01,SKU-1013,Pasta,470.0,5258,5835.0,10,False,False,False,436.57142857142856,439.85714285714283,460.67857142857144,88.02274687973542,0.19107193678832404,0.9193742478941035,0,0.0,13.265670672296201,1.3265670672296201
2026-05-02,SKU-1013,Pasta,436.0,0,5399.0,10,False,False,False,451.14285714285717,443.57142857142856,462.4642857142857,86.95229945753238,0.18801949067965917,0.957550030321407,0,0.0,12.171658615136877,1.2171658615136878
2026-05-03,SKU-1013,Pasta,400.0,0,4999.0,10,False,False,False,450.85714285714283,444.0,462.07142857142856,87.21787472736122,0.1887540958700042,0.95985401459854,0,0.0,11.25900900900901,1.125900900900901
2026-05-04,SKU-1013,Pasta,471.0,0,4528.0,10,False,False,False,444.0,448.35714285714283,465.35714285714283,85.69204737971306,0.18414254233553076,0.9421036677781146,0,0.0,10.099091922893102,1.0099091922893102
2026-05-05,SKU-1013,Pasta,388.0,0,4140.0,10,False,False,False,423.0,435.0,462.17857142857144,86.8864962322295,0.18799334630263706,0.9043982895540623,0,0.0,9.517241379310345,0.9517241379310345
2026-05-06,SKU-1013,Pasta,464.0,0,3676.0,10,False,False,False,423.57142857142856,438.14285714285717,461.57142857142856,86.80946721345317,0.1880737451235445,0.927867313409482,0,0.0,8.3899576133029,0.8389957613302901
2026-05-07,SKU-1013,Pasta,494.0,0,3182.0,10,False,False,False,446.14285714285717,432.92857142857144,457.42857142857144,82.10401197912796,0.17949034473888062,1.0232634338138926,0,0.0,7.349942253753506,0.7349942253753505
2026-05-08,SKU-1013,Pasta,521.0,5032,7693.0,10,False,False,False,453.42857142857144,445.0,459.92857142857144,82.96225316211859,0.18038073369617336,1.0308541734329328,0,0.0,17.287640449438204,1.7287640449438204
2026-05-09,SKU-1013,Pasta,365.0,0,7328.0,10,False,False,False,443.2857142857143,447.2142857142857,459.17857142857144,83.74655485293383,0.1823834126065293,0.9993558776167472,0,0.0,16.38588084970452,1.638588084970452
2026-05-10,SKU-1013,Pasta,941.0,0,6387.0,10,False,False,False,520.5714285714286,485.7142857142857,477.7142857142857,123.30535933288398,0.2581152856848648,1.1724581724581724,0,0.0,13.149705882352942,1.3149705882352942
2026-05-11,SKU-1013,Pasta,493.0,0,5894.0,10,False,False,False,523.7142857142857,483.85714285714283,477.57142857142856,123.28450341818628,0.2581488255839976,1.1680739206627369,0,0.0,12.181281369943903,1.2181281369943904
2026-05-12,SKU-1013,Pasta,322.0,0,5572.0,10,False,False,False,514.2857142857143,468.64285714285717,468.17857142857144,124.80593930888261,0.2665776413646131,1.1822660098522169,0,0.0,11.889650967840268,1.1889650967840268
2026-05-13,SKU-1013,Pasta,535.0,0,5037.0,10,False,False,False,524.4285714285714,474.0,465.25,122.11761937969054,0.2624774194082548,1.1969351157482881,0,0.0,10.626582278481013,1.0626582278481014
2026-05-14,SKU-1013,Pasta,456.0,0,4564.0,10,True,False,False,519.0,482.57142857142856,459.2857142857143,118.14111372135766,0.25722793034199176,1.198812077214981,0,0.0,9.457667258732979,0.9457667258732979
2026-05-15,SKU-1013,Pasta,376.0,0,4188.0,10,False,False,False,498.2857142857143,475.85714285714283,457.85714285714283,118.92316669480168,0.25973858560487106,1.1197431781701443,0,0.0,8.80096067247073,0.880096067247073
2026-05-16,SKU-1013,Pasta,228.0,0,3960.0,10,False,False,False,478.7142857142857,461.0,452.2857142857143,125.9576228392818,0.27849126970150745,1.0704360325826545,0,0.0,8.59002169197397,0.859002169197397
2026-05-17,SKU-1013,Pasta,367.0,0,3593.0,10,False,False,False,396.7142857142857,458.64285714285717,451.32142857142856,126.52244818284188,0.28033778184059294,0.816764705882353,0,0.0,7.833982245756112,0.7833982245756113
2026-05-18,SKU-1013,Pasta,416.0,0,3177.0,10,False,False,False,385.7142857142857,454.7142857142857,451.5357142857143,126.45493477559721,0.28005522215587453,0.7971656333038087,0,0.0,6.986804901036757,0.6986804901036757
2026-05-19,SKU-1013,Pasta,514.0,0,2663.0,10,False,False,False,413.14285714285717,463.7142857142857,449.35714285714283,124.76324669095358,0.27764829974143224,0.881572930955647,0,0.0,5.742760320394331,0.5742760320394331
2026-05-20,SKU-1013,Pasta,422.0,5661,7902.0,10,False,False,False,397.0,460.7142857142857,449.42857142857144,124.74638822691979,0.2775666616619321,0.8375527426160337,0,0.0,17.151627906976742,1.7151627906976743
2026-05-21,SKU-1013,Pasta,524.0,0,7378.0,10,False,False,False,406.7142857142857,462.85714285714283,447.89285714285717,123.50388786374432,0.2757442676170035,0.8428063943161634,0,0.0,15.940123456790124,1.5940123456790123
2026-05-22,SKU-1013,Pasta,436.0,0,6942.0,10,False,False,False,415.2857142857143,456.7857142857143,450.89285714285717,122.10054729932077,0.27079725341631533,0.8727108976283399,0,0.0,15.197498045347928,1.5197498045347928
2026-05-23,SKU-1013,Pasta,368.0,0,6574.0,10,False,False,False,435.2857142857143,457.0,452.10714285714283,121.0596239036061,0.2677675542539672,0.9442206383638053,0,0.0,14.385120350109409,1.4385120350109408
2026-05-24,SKU-1013,Pasta,479.0,0,6095.0,10,False,False,False,451.2857142857143,424.0,454.85714285714283,120.75341089752396,0.2654754636566168,0.9839588849088926,0,0.0,14.375,1.4375
2026-05-25,SKU-1013,Pasta,491.0,0,5604.0,10,False,False,False,462.0,423.85714285714283,453.85714285714283,120.31770113474252,0.2651003802150449,1.0160226201696512,0,0.0,13.221435793731041,1.3221435793731042
2026-05-26,SKU-1013,Pasta,416.0,0,5188.0,10,False,False,False,448.0,430.57142857142856,449.60714285714283,119.44387781334783,0.2656627673980252,0.9661121380160197,0,0.0,12.049104180491042,1.2049104180491041
2026-05-27,SKU-1013,Pasta,430.0,0,4758.0,10,False,False,False,449.14285714285717,423.07142857142856,448.5357142857143,119.48174574443405,0.2663817884261608,0.9748837209302326,0,0.0,11.24632787438798,1.124632787438798
2026-05-28,SKU-1013,Pasta,505.0,0,4253.0,10,False,False,False,446.42857142857144,426.57142857142856,454.57142857142856,117.84372217960053,0.2592413750022639,0.9645061728395062,0,0.0,9.970194239785666,0.9970194239785666
2026-05-29,SKU-1013,Pasta,372.0,0,3881.0,10,False,False,False,437.2857142857143,426.2857142857143,451.07142857142856,118.81979152120607,0.26341679830512826,0.9573103987490227,0,0.0,9.104222520107239,0.9104222520107239
2026-05-30,SKU-1013,Pasta,485.0,0,3396.0,10,False,False,False,454.0,444.64285714285717,452.82142857142856,118.9503642425662,0.26268713611419303,0.9934354485776805,0,0.0,7.637590361445783,0.7637590361445783
2026-05-31,SKU-1013,Pasta,442.0,0,2954.0,10,False,False,False,448.7142857142857,450.0,454.32142857142856,118.52365088920371,0.26088060882774183,1.0582884097035041,0,0.0,6.564444444444445,0.6564444444444445
2026-06-01,SKU-1013,Pasta,432.0,0,2522.0,10,False,False,False,440.2857142857143,451.14285714285717,452.92857142857144,118.54954537658391,0.2617400465655535,1.0387596899224807,0,0.0,5.590246991766941,0.5590246991766941
2026-06-02,SKU-1013,Pasta,579.0,0,1943.0,10,False,False,False,463.57142857142856,455.7857142857143,459.75,120.1593463635623,0.261358012753806,1.0766423357664234,0,0.0,4.262968186804576,0.4262968186804576
2026-06-03,SKU-1013,Pasta,485.0,0,1458.0,10,False,False,False,471.42857142857144,460.2857142857143,460.5,120.25235810423696,0.2611343281308077,1.1143001857166976,0,0.0,3.1675977653631286,0.3167597765363129
2026-06-04,SKU-1013,Pasta,517.0,0,941.0,10,False,False,False,473.14285714285717,459.7857142857143,461.32142857142856,120.56780897423066,0.2613531509854036,1.1091761553918287,0,0.0,2.0466055615970173,0.20466055615970175
2026-06-05,SKU-1013,Pasta,457.0,4717,5201.0,10,False,False,False,485.2857142857143,461.2857142857143,459.0357142857143,119.99984016744212,0.2614172196909966,1.1384048257372654,0,0.0,11.275007742335088,1.1275007742335088
2026-06-06,SKU-1013,Pasta,392.0,0,4809.0,10,False,False,False,472.0,463.0,460.0,119.32278041483085,0.25939734872789316,1.0615261044176707,0,0.0,10.386609071274298,1.0386609071274298
2026-06-07,SKU-1013,Pasta,382.0,0,4427.0,10,False,False,False,463.42857142857144,456.07142857142856,440.0357142857143,74.03376714208656,0.16824490544423534,1.0298412698412698,0,0.0,9.706812842599843,0.9706812842599843
2026-06-08,SKU-1013,Pasta,434.0,0,3993.0,10,False,False,False,463.7142857142857,452.0,437.92857142857144,73.30652468127637,0.1673937931068128,1.0278657378087397,0,0.0,8.834070796460177,0.8834070796460176
2026-06-09,SKU-1013,Pasta,427.0,0,3566.0,10,False,False,False,442.0,452.7857142857143,441.67857142857144,69.75621760230347,0.1579343489014714,0.969753957060022,0,0.0,7.875690171951412,0.7875690171951412
2026-06-10,SKU-1013,Pasta,452.0,0,3114.0,10,False,False,False,437.2857142857143,454.35714285714283,438.7142857142857,67.36625000852919,0.15355380985337164,0.9500310366232154,0,0.0,6.8536393648797365,0.6853639364879737
2026-06-11,SKU-1013,Pasta,615.0,0,2499.0,10,False,False,False,451.2857142857143,462.2142857142857,444.39285714285717,75.13116396637162,0.1690647425105204,0.9815131272331832,0,0.0,5.406583217431618,0.5406583217431618
2026-06-12,SKU-1013,Pasta,517.0,5844,7860.0,10,True,False,False,459.85714285714283,472.57142857142856,449.42857142857144,75.10261058313573,0.16710688940939292,0.9969030659646949,0,0.0,16.632406287787184,1.6632406287787185
2026-06-13,SKU-1013,Pasta,419.0,0,7441.0,10,False,False,False,463.7142857142857,467.85714285714283,456.25,61.72917252596824,0.13529681649527284,1.0015427337241591,0,0.0,15.90442748091603,1.590442748091603
2026-06-14,SKU-1013,Pasta,529.0,0,6912.0,10,False,False,False,484.7142857142857,474.07142857142856,462.0357142857143,60.636428448800174,0.131237535484765,1.0628034455755677,0,0.0,14.580081362061172,1.4580081362061172
2026-06-15,SKU-1013,Pasta,612.0,0,6300.0,10,False,False,False,510.14285714285717,486.92857142857144,469.0357142857143,66.18463631883225,0.14110788219959666,1.1286346396965867,0,0.0,12.938242628722312,1.2938242628722312
2026-06-16,SKU-1013,Pasta,609.0,0,5691.0,10,False,False,False,536.1428571428571,489.07142857142856,472.42857142857144,70.84590924776715,0.14996110212711522,1.18409843823947,0,0.0,11.636337081933695,1.1636337081933694
2026-06-17,SKU-1013,Pasta,472.0,0,5219.0,10,False,False,False,539.0,488.14285714285717,474.2142857142857,70.15451578235064,0.1479384276175492,1.1862914636063513,0,0.0,10.691542288557214,1.0691542288557214
2026-06-18,SKU-1013,Pasta,481.0,0,4738.0,10,False,False,False,519.8571428571429,485.57142857142856,472.67857142857144,69.49183462368137,0.14701710385062927,1.1247102457116367,0,0.0,9.757575757575758,0.9757575757575758
2026-06-19,SKU-1013,Pasta,463.0,0,4275.0,10,False,False,False,512.1428571428571,486.0,473.64285714285717,69.15051446514083,0.14599716521067282,1.0837363966142683,0,0.0,8.796296296296296,0.8796296296296295
2026-06-20,SKU-1013,Pasta,475.0,0,3800.0,10,False,False,False,520.1428571428571,491.92857142857144,477.4642857142857,65.98006553209117,0.13818848342423165,1.1117557251908396,0,0.0,7.7246987077101785,0.7724698707710178
2026-06-21,SKU-1013,Pasta,396.0,0,3404.0,10,False,False,False,501.14285714285717,492.92857142857144,474.5,67.74926540533826,0.14278032751388464,1.0571041133042038,0,0.0,6.905665845529633,0.6905665845529633
2026-06-22,SKU-1013,Pasta,458.0,0,2946.0,10,False,False,False,479.14285714285717,494.64285714285717,473.32142857142856,67.73863363526377,0.14311338880158345,0.9840105618307173,0,0.0,5.955812274368231,0.5955812274368231
2026-06-23,SKU-1013,Pasta,451.0,4806,7301.0,10,False,False,False,456.57142857142856,496.35714285714283,474.57142857142856,66.96014766755951,0.14109603662640474,0.9335475390682051,0,0.0,14.709166786588,1.4709166786588
2026-06-24,SKU-1013,Pasta,488.0,0,6813.0,10,False,False,False,458.85714285714283,498.92857142857144,476.64285714285717,66.42523744264803,0.13936060605380973,0.9400058530875035,0,0.0,13.655261274158912,1.3655261274158912
2026-06-25,SKU-1013,Pasta,433.0,0,6380.0,10,False,False,False,452.0,485.92857142857144,474.07142857142856,66.67995899231592,0.14065382339798446,0.9308620182406591,0,0.0,13.129501690430692,1.3129501690430692
2026-06-26,SKU-1013,Pasta,524.0,0,5856.0,10,False,False,False,460.7142857142857,486.42857142857144,479.5,64.20366898481043,0.13389711988490186,0.9479717813051146,0,0.0,12.038766519823788,1.203876651982379
2026-06-27,SKU-1013,Pasta,494.0,0,5362.0,10,False,False,False,463.42857142857144,491.7857142857143,479.82142857142856,64.25473239319133,0.13391384495789782,0.9420647596921736,0,0.0,10.903122730573712,1.090312273057371
2026-06-28,SKU-1013,Pasta,495.0,0,4867.0,10,False,False,False,477.57142857142856,489.35714285714283,481.7142857142857,63.878853594189785,0.1326073473188993,0.9688450949137806,0,0.0,9.945701357466064,0.9945701357466064
2026-06-29,SKU-1013,Pasta,472.0,0,4395.0,10,False,False,False,479.57142857142856,479.35714285714283,483.14285714285717,63.169210904911594,0.13074644480614464,0.9695306859205776,0,0.0,9.168529280286098,0.9168529280286097
2026-01-01,SKU-1014,Snacks,345.0,0,1726.0,7,False,False,False,,,,,,,0,,,
2026-01-02,SKU-1014,Snacks,207.0,2945,4464.0,7,False,False,False,,,,,,,0,,,
2026-01-03,SKU-1014,Snacks,251.0,0,4213.0,7,False,False,False,267.6666666666667,,,,,,0,,,
2026-01-04,SKU-1014,Snacks,197.0,0,4016.0,7,False,False,False,250.0,,,,,,0,,,
2026-01-05,SKU-1014,Snacks,382.0,0,3634.0,7,False,False,False,276.4,276.4,,,,,0,0.0,13.147612156295226,1.8782303080421752
2026-01-06,SKU-1014,Snacks,296.0,0,3338.0,7,False,False,False,279.6666666666667,279.6666666666667,,,,,0,0.0,11.935637663885577,1.7050910948407967
2026-01-07,SKU-1014,Snacks,264.0,0,3074.0,7,False,False,False,277.42857142857144,277.42857142857144,277.42857142857144,68.50026068772085,0.24691134130486403,,0,0.0,11.080329557157569,1.5829042224510812
2026-01-08,SKU-1014,Snacks,332.0,0,2742.0,7,False,False,False,275.57142857142856,284.25,284.25,66.28886999877345,0.23320622690861373,,0,0.0,9.646437994722955,1.3780625706747078
2026-01-09,SKU-1014,Snacks,268.0,0,2474.0,7,False,False,False,284.2857142857143,282.44444444444446,282.44444444444446,62.24369669113314,0.22037500795444462,,0,0.0,8.759244689221086,1.2513206698887267
2026-01-10,SKU-1014,Snacks,293.0,0,2181.0,7,False,False,False,290.2857142857143,283.5,283.5,58.778775458871586,0.20733254130113435,,0,0.0,7.693121693121693,1.0990173847316704
2026-01-11,SKU-1014,Snacks,217.0,0,1964.0,7,False,False,False,293.14285714285717,277.45454545454544,277.45454545454544,59.25768074496948,0.21357617568632511,,0,0.0,7.078636959370905,1.0112338513387007
2026-01-12,SKU-1014,Snacks,253.0,0,1711.0,7,False,False,False,274.7142857142857,275.4166666666667,275.4166666666667,56.93929516013816,0.2067387418824986,0.9939011784163739,0,0.0,6.212405446293494,0.887486492327642
2026-01-13,SKU-1014,Snacks,240.0,0,1471.0,7,False,False,False,266.7142857142857,272.6923076923077,272.6923076923077,55.39311722495346,0.20313413932987165,0.95368636131449,0,0.0,5.394358251057828,0.7706226072939755
2026-01-14,SKU-1014,Snacks,392.0,0,1079.0,7,False,False,False,285.0,281.2142857142857,281.2142857142857,62.04115082430688,0.2206187735687824,1.0272914521112255,0,0.0,3.8369316738633477,0.5481330962661926
2026-01-15,SKU-1014,Snacks,373.0,2987,3693.0,7,False,False,False,290.85714285714283,283.2142857142857,287.3333333333333,64.31025986426678,0.22381760973642734,1.0232441261465006,0,0.0,13.039596469104666,1.862799495586381
2026-01-16,SKU-1014,Snacks,144.0,0,3549.0,7,False,False,False,273.14285714285717,278.7142857142857,278.375,71.72249763265823,0.25764705031938295,0.9670675508598404,0,0.0,12.73347001537673,1.8190671450538185
2026-01-17,SKU-1014,Snacks,182.0,0,3367.0,7,False,False,False,257.2857142857143,273.7857142857143,272.70588235294116,73.27325970799507,0.2686896926306981,0.9075333837238598,0,0.0,12.29793895121315,1.7568484216018785
2026-01-18,SKU-1014,Snacks,308.0,0,3059.0,7,False,False,False,270.2857142857143,281.7142857142857,274.6666666666667,71.57061506775298,0.2605726276738579,0.9741621419209886,0,0.0,10.858519269776876,1.5512170385395536
2026-01-19,SKU-1014,Snacks,360.0,0,2699.0,7,False,False,False,285.57142857142856,280.14285714285717,279.1578947368421,72.25668993087132,0.25883806724859637,1.0368705424681217,0,0.0,9.634370219275878,1.3763386027536968
2026-01-20,SKU-1014,Snacks,340.0,0,2359.0,7,False,False,False,299.85714285714283,283.2857142857143,282.2,71.63327659537482,0.2538386838957294,1.0996171670360668,0,0.0,8.327281896116995,1.189611699445285
2026-01-21,SKU-1014,Snacks,229.0,0,2130.0,7,False,False,False,276.57142857142856,280.7857142857143,279.6666666666667,70.77805686322091,0.2530800602975718,0.9834899669799338,0,0.0,7.585856016280845,1.0836937166115492
2026-01-22,SKU-1014,Snacks,298.0,0,1832.0,7,False,False,False,265.85714285714283,278.35714285714283,280.5,69.18281509711717,0.2466410520396334,0.9387137452711222,0,0.0,6.581472927893252,0.9402104182704646
2026-01-23,SKU-1014,Snacks,327.0,0,1505.0,7,False,False,False,292.0,282.57142857142856,282.5217391304348,68.28407878136574,0.24169495413533576,1.0476678626345464,0,0.0,5.326086956521739,0.7608695652173914
2026-01-24,SKU-1014,Snacks,409.0,0,1096.0,7,False,False,False,324.42857142857144,290.85714285714283,287.7916666666667,71.59972016381232,0.2487901091546975,1.1849726063135926,0,0.0,3.7681728880157173,0.5383104125736738
2026-01-25,SKU-1014,Snacks,212.0,0,884.0,7,False,False,False,310.7142857142857,290.5,284.76,71.71255120270091,0.2518350583041892,1.1029411764705883,0,0.0,3.0430292598967297,0.4347184656995328
2026-01-26,SKU-1014,Snacks,184.0,0,700.0,7,False,False,False,285.57142857142856,285.57142857142856,280.88461538461536,72.98949344834607,0.2598557893546485,1.019377868434472,0,0.0,2.4512256128064034,0.3501750875437719
2026-01-27,SKU-1014,Snacks,181.0,0,519.0,7,False,False,False,262.85714285714283,281.35714285714283,277.18518518518516,74.10856746746472,0.26736121347161246,0.9278870398386283,0,0.0,1.8446306169078448,0.26351865955826353
2026-01-28,SKU-1014,Snacks,412.0,0,107.0,7,False,False,False,289.0,282.7857142857143,282.0,77.05697747626607,0.2732516931782485,1.029254642584584,0,0.0,0.3783783783783784,0.05405405405405406
2026-01-29,SKU-1014,Snacks,297.0,0,0.0,7,False,False,False,288.85714285714283,277.35714285714283,280.2857142857143,76.13188223118809,0.2716224136688668,1.0377213240954581,1,0.03571428571428571,0.0,0.0
2026-01-30,SKU-1014,Snacks,194.0,0,0.0,7,False,False,False,269.85714285714283,280.92857142857144,279.82142857142856,76.63335197497649,0.2738652016974272,0.955005055611729,1,0.07142857142857142,0.0,0.0
2026-01-31,SKU-1014,Snacks,31.0,2653,2622.0,7,False,False,False,215.85714285714286,270.14285714285717,271.9642857142857,89.83832480169364,0.33033133216643756,0.7421414538310414,0,0.07142857142857142,9.70597567424643,1.3865679534637756
2026-02-01,SKU-1014,Snacks,191.0,0,2431.0,7,False,False,False,212.85714285714286,261.7857142857143,271.75,90.03070463890515,0.3312997410815277,0.7327268256700271,0,0.07142857142857142,9.286221009549795,1.3266030013642565
2026-02-02,SKU-1014,Snacks,286.0,0,2145.0,7,False,False,False,227.42857142857142,256.5,268.32142857142856,87.4681121033296,0.325982582043555,0.7963981990995498,0,0.07142857142857142,8.362573099415204,1.1946532999164579
2026-02-03,SKU-1014,Snacks,300.0,0,1845.0,7,False,False,False,244.42857142857142,253.64285714285714,268.4642857142857,87.51824450760607,0.32599585555580285,0.8687484133028688,0,0.07142857142857142,7.27400732188116,1.03914390312588
2026-02-04,SKU-1014,Snacks,316.0,0,1529.0,7,False,True,False,230.71428571428572,259.85714285714283,270.32142857142856,87.97055634170322,0.3254294593166456,0.8158625915635261,0,0.07142857142857142,5.884002199010446,0.8405717427157781
2026-02-05,SKU-1014,Snacks,199.0,0,1330.0,7,False,False,False,216.71428571428572,252.78571428571428,265.57142857142856,88.10743802268134,0.33176550089229123,0.7813546227143962,0,0.07142857142857142,5.261373269285109,0.7516247527550155
2026-02-06,SKU-1014,Snacks,193.0,0,1137.0,7,False,False,False,216.57142857142858,243.21428571428572,262.89285714285717,89.1645749643401,0.3391669744601987,0.7709127892194254,0,0.07142857142857142,4.67488986784141,0.66784140969163
2026-02-07,SKU-1014,Snacks,239.0,2727,3625.0,7,False,False,False,246.28571428571428,231.07142857142858,260.9642857142857,89.07320424395718,0.34132335005211456,0.9116869381279745,0,0.07142857142857142,15.687789799072641,2.2411128284389488
2026-02-08,SKU-1014,Snacks,257.0,0,3368.0,7,False,False,False,255.71428571428572,234.28571428571428,262.39285714285717,88.66179572490068,0.33789713900874085,0.9768076398362893,0,0.07142857142857142,14.375609756097562,2.053658536585366
2026-02-09,SKU-1014,Snacks,235.0,0,3133.0,7,False,False,False,248.42857142857142,237.92857142857142,261.75,88.79757462486944,0.339245748328059,0.9685324422166527,0,0.07142857142857142,13.167817472230562,1.8811167817472232
2026-02-10,SKU-1014,Snacks,256.0,0,2877.0,7,False,False,False,242.14285714285714,243.28571428571428,262.32142857142856,88.70385751828573,0.33814949087978224,0.9546606589693044,0,0.07142857142857142,11.825601879036993,1.6893716970052848
2026-02-11,SKU-1014,Snacks,277.0,0,2600.0,7,False,False,False,236.57142857142858,233.64285714285714,258.2142857142857,85.0648367718792,0.329435052505203,0.9103903243540408,0,0.07142857142857142,11.128095383674717,1.589727911953531
2026-02-12,SKU-1014,Snacks,180.0,0,2420.0,7,False,False,False,233.85714285714286,225.28571428571428,251.32142857142858,83.21861150960942,0.33112421802885655,0.925120090421023,0,0.07142857142857142,10.741915028535194,1.534559289790742
2026-02-13,SKU-1014,Snacks,240.0,0,2180.0,7,False,False,False,240.57142857142858,228.57142857142858,254.75,80.56863878430336,0.3162655104388748,0.9891336270190896,0,0.07142857142857142,9.5375,1.3625
2026-02-14,SKU-1014,Snacks,242.0,0,1938.0,7,False,False,False,241.0,243.64285714285714,256.89285714285717,79.35076339137291,0.3088866085024943,1.042967542503864,0,0.07142857142857142,7.9542656112576955,1.1363236587510994
2026-02-15,SKU-1014,Snacks,342.0,0,1596.0,7,False,False,False,253.14285714285714,254.42857142857142,258.10714285714283,80.41482233266233,0.31155597416833336,1.0804878048780489,0,0.07142857142857142,6.272880404267266,0.8961257720381808
2026-02-16,SKU-1014,Snacks,347.0,0,1249.0,7,False,False,False,269.14285714285717,258.7857142857143,257.64285714285717,79.84021741866886,0.3098871760081408,1.131191834283999,0,0.07142857142857142,4.826386972122551,0.6894838531603644
2026-02-17,SKU-1014,Snacks,110.0,0,1139.0,7,False,False,False,248.28571428571428,245.21428571428572,249.42857142857142,82.82888589510506,0.3320745711716698,1.0205519671168526,0,0.07142857142857142,4.644916982231284,0.6635595688901834
2026-02-18,SKU-1014,Snacks,340.0,0,799.0,7,False,False,False,257.2857142857143,246.92857142857142,253.39285714285714,84.45526507531544,0.33329773391244993,1.101192295933965,0,0.07142857142857142,3.235753543534857,0.4622505062192653
2026-02-19,SKU-1014,Snacks,354.0,2064,2509.0,7,False,False,False,282.14285714285717,258.0,255.39285714285714,86.19587481996359,0.33750307578785915,1.2523779327837667,0,0.07142857142857142,9.724806201550388,1.3892580287929126
2026-02-20,SKU-1014,Snacks,641.0,0,1868.0,7,False,False,False,339.42857142857144,290.0,266.60714285714283,112.32338870775602,0.4213067493392055,1.485,0,0.07142857142857142,6.441379310344828,0.9201970443349754
2026-02-21,SKU-1014,Snacks,245.0,0,1623.0,7,False,False,False,339.85714285714283,290.42857142857144,260.75,108.84532858857818,0.4174317491412394,1.3948988566402813,0,0.07142857142857142,5.588293162813575,0.7983275946876536
2026-02-22,SKU-1014,Snacks,234.0,2674,4063.0,7,False,False,False,324.42857142857144,288.7857142857143,261.5357142857143,108.5594161065581,0.41508448053852615,1.2751263335204943,0,0.07142857142857142,14.069255503339106,2.009893643334158
2026-02-23,SKU-1014,Snacks,167.0,0,3896.0,7,False,False,False,298.7142857142857,283.92857142857144,260.92857142857144,109.05551714656998,0.417951612387621,1.1542920231852056,0,0.07142857142857142,13.721761006289308,1.960251572327044
2026-02-24,SKU-1014,Snacks,241.0,0,3655.0,7,False,False,False,317.42857142857144,282.85714285714283,263.07142857142856,108.01129178673476,0.4105778129281256,1.294494611127294,0,0.07142857142857142,12.921717171717173,1.8459595959595962
2026-02-25,SKU-1014,Snacks,294.0,0,3361.0,7,False,False,False,310.85714285714283,284.07142857142856,258.85714285714283,104.22081767084173,0.40261905281230254,1.2588949956609776,0,0.07142857142857142,11.831531305003772,1.6902187578576817
2026-02-26,SKU-1014,Snacks,305.0,0,3056.0,7,False,False,False,303.85714285714283,293.0,259.14285714285717,104.34015394309003,0.40263565468667595,1.1777408637873754,0,0.03571428571428571,10.430034129692833,1.4900048756704047
2026-02-27,SKU-1014,Snacks,339.0,0,2717.0,7,False,False,False,260.7142857142857,300.07142857142856,264.32142857142856,104.58526685115855,0.39567456719800564,0.8990147783251232,0,0.0,9.054510830754582,1.2935015472506546
2026-02-28,SKU-1014,Snacks,209.0,0,2508.0,7,False,False,False,255.57142857142858,297.7142857142857,270.67857142857144,94.83281724969068,0.35035214183815,0.8799803246433842,0,0.0,8.424184261036467,1.203454894433781
2026-03-01,SKU-1014,Snacks,247.0,0,2261.0,7,False,False,False,257.42857142857144,290.92857142857144,272.67857142857144,93.67360732348632,0.34353123838344685,0.8914172644076181,0,0.0,7.771667075865455,1.110238153695065
2026-03-02,SKU-1014,Snacks,220.0,0,2041.0,7,False,False,False,265.0,281.85714285714283,270.32142857142856,94.1551334417787,0.34830806399389663,0.9333333333333332,0,0.0,7.241256969082616,1.0344652812975166
2026-03-03,SKU-1014,Snacks,273.0,0,1768.0,7,False,False,False,269.57142857142856,293.5,269.35714285714283,93.97801724269206,0.348897438715908,0.953030303030303,0,0.0,6.023850085178876,0.8605500121684109
2026-03-04,SKU-1014,Snacks,263.0,0,1505.0,7,False,False,False,265.14285714285717,288.0,267.4642857142857,93.53647818537296,0.3497157683523091,0.9333668594417904,0,0.0,5.225694444444445,0.7465277777777778
2026-03-05,SKU-1014,Snacks,304.0,2077,3278.0,7,False,False,False,265.0,284.42857142857144,271.2142857142857,92.79182480866918,0.3421347240772632,0.9044368600682594,0,0.0,11.524861878453038,1.6464088397790053
2026-03-06,SKU-1014,Snacks,292.0,0,2986.0,7,False,False,False,258.2857142857143,259.5,274.75,91.57940290827976,0.3333190278736297,0.8607474410854559,0,0.0,11.506743737957612,1.6438205339939445
2026-03-07,SKU-1014,Snacks,214.0,0,2772.0,7,False,False,False,259.0,257.2857142857143,273.85714285714283,92.06145865296818,0.3361659940379642,0.8699616122840691,0,0.0,10.77401443642421,1.5391449194891729
2026-03-08,SKU-1014,Snacks,311.0,0,2461.0,7,False,False,False,268.14285714285717,262.7857142857143,275.7857142857143,92.26064412861237,0.3345374301477786,0.9216793518291186,0,0.0,9.36504484914379,1.337863549877684
2026-03-09,SKU-1014,Snacks,322.0,0,2139.0,7,False,False,False,282.7142857142857,273.85714285714283,278.89285714285717,92.30117341484134,0.3309556736605913,1.003041054232134,0,0.0,7.810641627543037,1.1158059467918624
2026-03-10,SKU-1014,Snacks,311.0,0,1828.0,7,False,False,False,288.14285714285717,278.85714285714283,280.85714285714283,92.38114056600045,0.3289257293804696,0.9817473837916769,0,0.0,6.555327868852459,0.9364754098360656
2026-03-11,SKU-1014,Snacks,650.0,0,1178.0,7,False,False,False,343.42857142857144,304.2857142857143,294.17857142857144,115.74366747622332,0.39344696968972354,1.1924603174603174,0,0.0,3.871361502347418,0.5530516431924883
2026-03-12,SKU-1014,Snacks,311.0,0,867.0,7,False,False,False,344.42857142857144,304.7142857142857,298.85714285714283,113.58492149724093,0.3800642688722211,1.2109492717227524,0,0.0,2.8452883263009845,0.40646976090014064
2026-03-13,SKU-1014,Snacks,224.0,0,643.0,7,False,False,False,334.7142857142857,296.5,298.2857142857143,113.93170701097152,0.38195495645440647,1.2898431048720067,0,0.0,2.1686340640809445,0.30980486629727777
2026-03-14,SKU-1014,Snacks,286.0,0,357.0,7,False,False,False,345.0,302.0,299.85714285714283,113.42895126080897,0.3782766359340938,1.3409217101610218,0,0.0,1.1821192052980132,0.16887417218543047
2026-03-15,SKU-1014,Snacks,422.0,0,0.0,7,False,False,False,360.85714285714283,314.5,302.7142857142857,115.518110538711,0.3816077271217447,1.3731992389236205,1,0.03571428571428571,0.0,0.0
2026-03-16,SKU-1014,Snacks,310.0,0,0.0,7,False,False,False,359.14285714285717,320.92857142857144,301.39285714285717,115.20395417780178,0.3822385018341568,1.3114241001564948,1,0.07142857142857142,0.0,0.0
2026-03-17,SKU-1014,Snacks,329.0,0,0.0,7,False,False,False,361.7142857142857,324.92857142857144,309.2142857142857,108.99553410588182,0.35249190979033157,1.2971311475409837,1,0.10714285714285714,0.0,0.0
2026-03-18,SKU-1014,Snacks,364.0,0,0.0,7,False,False,False,320.85714285714283,332.14285714285717,310.07142857142856,109.34042272795561,0.35262978995424527,1.0544600938967135,1,0.14285714285714285,0.0,0.0
2026-03-19,SKU-1014,Snacks,155.0,2282,2127.0,7,False,False,False,298.57142857142856,321.5,302.9642857142857,112.79233036142033,0.3722957974914263,0.9798406000937646,0,0.14285714285714285,6.615863141524105,0.9451233059320151
2026-03-20,SKU-1014,Snacks,211.0,0,1916.0,7,False,False,False,296.7142857142857,315.7142857142857,287.60714285714283,92.51279762750515,0.32166376922515144,1.0007227174174897,0,0.14285714285714285,6.068778280542986,0.8669683257918551
2026-03-21,SKU-1014,Snacks,263.0,0,1653.0,7,False,False,False,293.42857142857144,319.2142857142857,288.25,92.26797727071742,0.3200970590484559,0.9716177861873226,0,0.14285714285714285,5.17833967330499,0.7397628104721414
2026-03-22,SKU-1014,Snacks,94.0,0,1559.0,7,False,False,False,246.57142857142858,303.7142857142857,283.25,98.87351628329107,0.3490680186523957,0.7840109016579605,0,0.14285714285714285,5.1331138287864535,0.7333019755409219
2026-03-23,SKU-1014,Snacks,259.0,0,1300.0,7,False,False,False,239.28571428571428,299.2142857142857,286.5357142857143,96.3640789624729,0.33630739261488735,0.745604273314044,0,0.14285714285714285,4.344712341847696,0.620673191692528
2026-03-24,SKU-1014,Snacks,341.0,2546,3505.0,7,False,False,False,241.0,301.35714285714283,290.10714285714283,96.4669735408289,0.3325218834350867,0.741701472851176,0,0.14285714285714285,11.630718179663429,1.661531168523347
2026-03-25,SKU-1014,Snacks,238.0,0,3267.0,7,False,False,False,223.0,271.92857142857144,288.10714285714283,96.9625125292184,0.3365501860441447,0.6713978494623656,0,0.14285714285714285,12.01418439716312,1.7163120567375887
2026-03-26,SKU-1014,Snacks,330.0,0,2937.0,7,False,False,False,248.0,273.2857142857143,289.0,97.23853831343483,0.3364655304963143,0.7713841368584758,0,0.14285714285714285,10.746994249869315,1.5352848928384737
2026-03-27,SKU-1014,Snacks,286.0,0,2651.0,7,False,False,False,258.7142857142857,277.7142857142857,287.10714285714283,96.7437773999365,0.33696053827568384,0.8194570135746606,0,0.14285714285714285,9.545781893004115,1.3636831275720165
2026-03-28,SKU-1014,Snacks,201.0,0,2450.0,7,False,False,False,249.85714285714286,271.64285714285717,286.82142857142856,96.99448383377218,0.33817028356937134,0.7827254419333184,0,0.14285714285714285,9.019195372074677,1.2884564817249538
2026-03-29,SKU-1014,Snacks,317.0,0,2133.0,7,False,False,False,281.7142857142857,264.14285714285717,289.32142857142856,96.83206293732675,0.33468679943774216,0.9275634995296331,0,0.14285714285714285,8.075175770686856,1.1535965386695508
2026-03-30,SKU-1014,Snacks,331.0,0,1802.0,7,False,False,False,292.0,265.64285714285717,293.2857142857143,96.15876422098992,0.327867194129045,0.9758892337073287,0,0.14285714285714285,6.783543963431029,0.9690777090615755
2026-03-31,SKU-1014,Snacks,414.0,0,1388.0,7,False,False,False,302.42857142857144,271.7142857142857,298.32142857142856,98.71509831287527,0.330901802078356,1.0035553448684524,0,0.14285714285714285,5.108307045215563,0.729758149316509
2026-04-01,SKU-1014,Snacks,326.0,0,1120.0,7,True,False,False,315.0,269.0,300.57142857142856,98.59811003050359,0.3280355371737287,1.1583924349881796,0,0.14285714285714285,4.163568773234201,0.5947955390334573
2026-04-02,SKU-1014,Snacks,237.0,2515,3398.0,7,False,False,False,301.7142857142857,274.85714285714283,298.17857142857144,99.32216699782002,0.33309626014360527,1.104025091479352,0,0.14285714285714285,12.362785862785865,1.7661122661122663
2026-04-03,SKU-1014,Snacks,177.0,0,3221.0,7,False,False,False,286.14285714285717,272.42857142857144,294.07142857142856,101.93059678451095,0.3466184976884026,1.0303497942386832,0,0.14285714285714285,11.823282642894599,1.6890403775563712
2026-04-04,SKU-1014,Snacks,261.0,0,2960.0,7,False,False,False,294.7142857142857,272.2857142857143,295.75,100.94539227831162,0.341320007703505,1.0849329476728897,0,0.14285714285714285,10.87093389296957,1.55299055613851
2026-04-05,SKU-1014,Snacks,268.0,0,2692.0,7,False,False,False,287.7142857142857,284.7142857142857,294.2142857142857,101.03184578356398,0.34339544573194847,1.0892374256354787,0,0.14285714285714285,9.455092824887105,1.3507275464124435
2026-04-06,SKU-1014,Snacks,157.0,0,2535.0,7,False,False,False,262.85714285714283,277.42857142857144,288.32142857142856,104.11605119481871,0.36111104093334867,0.9895133100295777,0,0.14285714285714285,9.137487126673532,1.3053553038105046
2026-04-07,SKU-1014,Snacks,325.0,0,2210.0,7,False,False,False,250.14285714285714,276.2857142857143,288.82142857142856,104.2625082899919,0.360992980353626,0.9206098843322817,0,0.14285714285714285,7.9989658738366085,1.1427094105480868
2026-04-08,SKU-1014,Snacks,382.0,0,1828.0,7,False,False,False,258.14285714285717,286.57142857142856,279.25,79.1564905740521,0.2834610226465608,0.9596388741370155,0,0.14285714285714285,6.378863409770688,0.9112662013958126
2026-04-09,SKU-1014,Snacks,211.0,0,1617.0,7,False,False,False,254.42857142857142,278.07142857142856,275.67857142857144,79.9231360242932,0.2899142128099766,0.9256756756756758,0,0.14285714285714285,5.815052658618033,0.8307218083740047
2026-04-10,SKU-1014,Snacks,234.0,0,1383.0,7,False,False,False,262.57142857142856,274.35714285714283,276.0357142857143,79.70570040623618,0.2887514052755354,0.9638175144205557,0,0.14285714285714285,5.040874772194742,0.7201249674563917
2026-04-11,SKU-1014,Snacks,213.0,0,1170.0,7,False,False,False,255.71428571428572,275.2142857142857,273.42857142857144,80.5570552679227,0.2946182794542628,0.9391395592864639,0,0.14285714285714285,4.251232805606021,0.6073189722294315
2026-04-12,SKU-1014,Snacks,306.0,0,864.0,7,False,False,False,261.14285714285717,274.42857142857144,269.2857142857143,75.45460108831553,0.2802027626621797,0.917210235825389,0,0.10714285714285714,3.148360229047371,0.4497657470067673
2026-04-13,SKU-1014,Snacks,543.0,0,321.0,7,False,False,False,316.2857142857143,289.57142857142856,277.60714285714283,91.29615597185948,0.3288681805238731,1.1400617919670442,0,0.07142857142857142,1.1085347804637395,0.15836211149481993
2026-04-14,SKU-1014,Snacks,315.0,0,6.0,7,False,False,False,314.85714285714283,282.5,277.10714285714283,91.04225282220227,0.32854531241418533,1.139607032057911,0,0.03571428571428571,0.021238938053097345,0.003034134007585335
2026-04-15,SKU-1014,Snacks,377.0,0,0.0,7,False,False,False,314.14285714285717,286.14285714285717,277.57142857142856,91.53361194884704,0.32976597202363833,1.0962113659022932,1,0.03571428571428571,0.0,0.0
2026-04-16,SKU-1014,Snacks,291.0,0,0.0,7,False,False,False,325.57142857142856,290.0,282.42857142857144,88.3412694847651,0.3127915459753949,1.1708194194708452,1,0.07142857142857142,0.0,0.0
2026-04-17,SKU-1014,Snacks,193.0,0,0.0,7,False,False,False,319.7142857142857,291.14285714285717,281.7857142857143,88.94374299516191,0.3156431944061513,1.165321530851341,1,0.10714285714285714,0.0,0.0
2026-04-18,SKU-1014,Snacks,239.0,2473,2234.0,7,False,False,False,323.42857142857144,289.57142857142856,280.92857142857144,89.24661154328308,0.31768435331959394,1.1751881650661822,0,0.10714285714285714,7.714849531327085,1.1021213616181549
2026-04-19,SKU-1014,Snacks,170.0,0,2064.0,7,False,False,False,304.0,282.57142857142856,283.64285714285717,84.37360228119194,0.2974642236053103,1.107756376887038,0,0.10714285714285714,7.304347826086957,1.0434782608695652
2026-04-20,SKU-1014,Snacks,328.0,0,1736.0,7,False,False,False,273.2857142857143,294.7857142857143,286.10714285714283,84.63443799800463,0.29581378903309574,0.943759250123335,0,0.10714285714285714,5.889023503755755,0.8412890719651079
2026-04-21,SKU-1014,Snacks,316.0,0,1420.0,7,False,False,False,273.42857142857144,294.14285714285717,285.2142857142857,84.16445855975122,0.2950920159871067,0.967888748419722,0,0.10714285714285714,4.827586206896552,0.689655172413793
2026-04-22,SKU-1014,Snacks,243.0,0,1177.0,7,False,False,False,254.28571428571428,284.2142857142857,285.39285714285717,84.065820458211,0.29456175357651204,0.8886669995007488,0,0.10714285714285714,4.1412415179693385,0.5916059311384769
2026-04-23,SKU-1014,Snacks,299.0,0,878.0,7,False,False,False,255.42857142857142,290.5,284.2857142857143,83.65974169785834,0.2942804984346776,0.8807881773399014,0,0.10714285714285714,3.0223752151462997,0.4317678878780428
2026-04-24,SKU-1014,Snacks,234.0,0,644.0,7,False,False,False,261.2857142857143,290.5,282.42857142857144,84.19572812750438,0.2981133519941986,0.8974484789008831,0,0.10714285714285714,2.216867469879518,0.31669535283993117
2026-04-25,SKU-1014,Snacks,228.0,0,416.0,7,False,False,False,259.7142857142857,291.57142857142856,283.39285714285717,83.37924925513063,0.2942178927717275,0.8968919585594476,0,0.10714285714285714,1.426751592356688,0.20382165605095542
2026-04-26,SKU-1014,Snacks,212.0,0,204.0,7,False,False,False,265.7142857142857,284.85714285714283,279.64285714285717,84.16923617011334,0.30098832857767216,0.9403437815975734,0,0.10714285714285714,0.7161484453360081,0.10230692076228687
2026-04-27,SKU-1014,Snacks,408.0,2572,2368.0,7,False,False,False,277.14285714285717,275.2142857142857,282.39285714285717,87.11564867109836,0.30849097796771896,0.9401502301914224,0,0.10714285714285714,8.604204515961587,1.229172073708798
2026-04-28,SKU-1014,Snacks,328.0,0,2040.0,7,False,False,False,278.85714285714283,276.14285714285717,279.32142857142856,83.75495720936674,0.2998515281757152,0.9480330257406506,0,0.10714285714285714,7.387480600103466,1.0553543714433522
2026-04-29,SKU-1014,Snacks,321.0,0,1719.0,7,False,False,False,290.0,272.14285714285717,279.14285714285717,83.65702214696236,0.29969250513241374,1.0203568735863282,0,0.10714285714285714,6.316535433070865,0.9023622047244093
2026-04-30,SKU-1014,Snacks,273.0,0,1446.0,7,False,False,False,286.2857142857143,270.85714285714283,280.42857142857144,83.26104801407507,0.296906437136284,0.985492992377674,0,0.10714285714285714,5.338607594936709,0.7626582278481013
2026-05-01,SKU-1014,Snacks,268.0,2293,3471.0,7,False,False,False,291.14285714285717,276.2142857142857,283.67857142857144,80.81439804401766,0.28488016432487656,1.0022129333661176,0,0.10714285714285714,12.56633048875097,1.795190069821567
2026-05-02,SKU-1014,Snacks,240.0,0,3231.0,7,False,False,False,292.85714285714283,276.2857142857143,282.92857142857144,81.12949345949785,0.2867490301522267,1.0044096031357177,0,0.10714285714285714,11.694415718717684,1.670630816959669
2026-05-03,SKU-1014,Snacks,213.0,0,3018.0,7,False,False,False,293.0,279.35714285714283,280.9642857142857,82.1635596179993,0.2924341768531817,1.0285857572718156,0,0.10714285714285714,10.803375095883407,1.5433392994119153
2026-05-04,SKU-1014,Snacks,207.0,0,2811.0,7,False,False,False,264.2857142857143,270.7142857142857,282.75,79.88121969060849,0.2825153658376958,0.9602906825849986,0,0.10714285714285714,10.383641160949868,1.483377308707124
2026-05-05,SKU-1014,Snacks,263.0,0,2548.0,7,False,False,False,255.0,266.92857142857144,280.5357142857143,79.52520315288692,0.2834762174768725,0.9234350750129332,0,0.10714285714285714,9.545624832753544,1.3636606903933635
2026-05-06,SKU-1014,Snacks,412.0,0,2136.0,7,False,False,False,268.0,279.0,281.60714285714283,81.12876791944386,0.2880920103670803,0.984776902887139,0,0.10714285714285714,7.655913978494624,1.0937019969278035
2026-05-07,SKU-1014,Snacks,376.0,0,1760.0,7,False,False,False,282.7142857142857,284.5,287.5,81.79989133380447,0.284521361161059,1.043776371308017,0,0.10714285714285714,6.186291739894552,0.8837559628420788
2026-05-08,SKU-1014,Snacks,255.0,2870,4375.0,7,False,False,False,280.85714285714283,286.0,288.25,81.3864239293016,0.2823466571701703,1.016808895784846,0,0.10714285714285714,15.297202797202797,2.1853146853146854
2026-05-09,SKU-1014,Snacks,242.0,0,4133.0,7,False,False,False,281.14285714285717,287.0,289.2857142857143,80.57380198388034,0.2785267229072407,1.017580144777663,0,0.10714285714285714,14.400696864111499,2.0572424091587855
2026-05-10,SKU-1014,Snacks,241.0,0,3892.0,7,False,False,False,285.14285714285717,289.07142857142856,286.9642857142857,81.00959346154151,0.28229852108564557,1.020710815648172,0,0.10714285714285714,13.463800345935262,1.923400049419323
2026-05-11,SKU-1014,Snacks,207.0,0,3685.0,7,False,False,False,285.14285714285717,274.7142857142857,274.9642857142857,64.97776379931669,0.23631346751277663,1.0532981530343009,0,0.10714285714285714,13.413936557462298,1.9162766510660425
2026-05-12,SKU-1014,Snacks,258.0,0,3427.0,7,False,False,False,284.42857142857144,269.7142857142857,272.92857142857144,64.56861327383317,0.23657696567224923,1.0655606101150656,0,0.10714285714285714,12.70603813559322,1.8151483050847457
2026-05-13,SKU-1014,Snacks,372.0,0,3055.0,7,False,False,False,278.7142857142857,273.35714285714283,272.75,64.27638527253777,0.23566044096255825,0.9989759344598055,0,0.07142857142857142,11.175855761693233,1.5965508230990333
2026-05-14,SKU-1014,Snacks,455.0,0,2600.0,7,False,False,False,290.0,286.35714285714283,278.60714285714283,72.89532794342061,0.2616419923619763,1.0193321616871704,0,0.03571428571428571,9.079570965328013,1.2970815664754305
2026-05-15,SKU-1014,Snacks,254.0,0,2346.0,7,False,False,False,289.85714285714283,285.35714285714283,280.7857142857143,71.13230091037568,0.2533330482689543,1.0134865134865134,0,0.0,8.221276595744682,1.1744680851063831
2026-05-16,SKU-1014,Snacks,181.0,0,2165.0,7,False,False,False,281.14285714285717,281.14285714285717,278.7142857142857,73.20840730046585,0.2626647109704054,0.979591836734694,0,0.0,7.700711382113821,1.1001016260162602
2026-05-17,SKU-1014,Snacks,222.0,0,1943.0,7,False,False,False,278.42857142857144,281.7857142857143,280.57142857142856,70.97387551269132,0.2529618781002237,0.9631826043983198,0,0.0,6.895310519645121,0.985044359949303
2026-05-18,SKU-1014,Snacks,279.0,0,1664.0,7,False,False,False,288.7142857142857,286.92857142857144,278.82142857142856,70.36258137066076,0.25235715106679923,1.0509620384815392,0,0.0,5.799352750809061,0.8284789644012944
2026-05-19,SKU-1014,Snacks,264.0,0,1400.0,7,False,False,False,289.57142857142856,287.0,276.9642857142857,70.03040722791734,0.2528499551749433,1.073622881355932,0,0.0,4.878048780487805,0.6968641114982578
2026-05-20,SKU-1014,Snacks,444.0,0,956.0,7,False,False,False,299.85714285714283,289.2857142857143,284.14285714285717,76.4294466646221,0.2689824668940949,1.0969427750195977,0,0.0,3.3046913580246913,0.4720987654320988
2026-05-21,SKU-1014,Snacks,231.0,2618,3343.0,7,False,False,False,267.85714285714283,278.92857142857144,281.7142857142857,77.01796670756242,0.2733903483534163,0.9353953604390122,0,0.0,11.985147247119077,1.7121638924455824
2026-05-22,SKU-1014,Snacks,353.0,0,2990.0,7,False,False,False,282.0,285.92857142857144,285.9642857142857,77.56883783565794,0.27125358553745754,0.9882352941176471,0,0.0,10.457157132150886,1.4938795903072695
2026-05-23,SKU-1014,Snacks,115.0,0,2875.0,7,False,False,False,272.57142857142856,276.85714285714283,281.92857142857144,83.41548331780412,0.29587452912319673,0.9695121951219511,0,0.0,10.384416924664604,1.4834881320949436
2026-05-24,SKU-1014,Snacks,234.0,0,2641.0,7,False,False,False,274.2857142857143,276.35714285714283,282.7142857142857,82.83399603707947,0.29299543823120583,0.973384030418251,0,0.0,9.556474541225123,1.3652106487464462
2026-05-25,SKU-1014,Snacks,250.0,0,2077.0,7,True,False,False,270.14285714285717,279.42857142857144,277.07142857142856,79.28893649012736,0.28616785533946454,0.9414986308190192,0,0.0,7.433026584867076,1.0618609406952966
2026-05-26,SKU-1014,Snacks,265.0,0,1812.0,7,False,False,False,270.2857142857143,279.92857142857144,274.82142857142856,78.68175635475345,0.28630138764562657,0.9417620706819313,0,0.0,6.47307986731309,0.9247256953304415
2026-05-27,SKU-1014,Snacks,219.0,0,1593.0,7,False,False,False,238.14285714285714,269.0,271.17857142857144,78.82566491781375,0.29067807423927106,0.8232098765432099,0,0.0,5.921933085501859,0.8459904407859798
2026-05-28,SKU-1014,Snacks,256.0,0,1337.0,7,False,False,False,241.71428571428572,254.78571428571428,270.57142857142856,78.87656957242265,0.29151847254855257,0.8665813060179257,0,0.0,5.247546958228203,0.7496495654611719
2026-05-29,SKU-1014,Snacks,230.0,2886,3963.0,7,True,False,False,224.14285714285714,253.07142857142858,269.2142857142857,79.24848737561341,0.2943695471633292,0.7839120659505371,0,0.0,15.65961049957663,2.237087214225233
2026-05-30,SKU-1014,Snacks,205.0,0,3758.0,7,False,False,False,237.0,254.78571428571428,267.9642857142857,79.99883431690425,0.29854289762405956,0.8560371517027865,0,0.0,14.749649565461173,2.1070927950658818
2026-05-31,SKU-1014,Snacks,219.0,0,3539.0,7,False,False,False,234.85714285714286,254.57142857142858,268.17857142857144,79.85405834972096,0.2977645004384321,0.8498319979322824,0,0.0,13.901795735129069,1.9859708193041528
2026-06-01,SKU-1014,Snacks,317.0,0,3222.0,7,False,False,False,244.42857142857142,257.2857142857143,272.10714285714283,79.43753161177298,0.29193475326547363,0.8747443762781185,0,0.0,12.523042754025541,1.7890061077179344
2026-06-02,SKU-1014,Snacks,173.0,0,3049.0,7,False,False,False,231.28571428571428,250.78571428571428,268.89285714285717,81.61079235353272,0.3035067320891109,0.8262311814238326,0,0.0,12.157789803474794,1.7368271147821133
2026-06-03,SKU-1014,Snacks,300.0,0,2749.0,7,False,False,False,242.85714285714286,240.5,264.89285714285717,76.94843838124447,0.29048891393755494,0.9028146574614976,0,0.0,11.43035343035343,1.6329076329076329
2026-06-04,SKU-1014,Snacks,291.0,0,2458.0,7,False,False,False,247.85714285714286,244.78571428571428,261.85714285714283,74.02387717172346,0.28268801975017144,0.9728062797869359,0,0.0,10.041435658009922,1.4344908082871317
2026-06-05,SKU-1014,Snacks,257.0,0,2201.0,7,False,False,False,251.71428571428572,237.92857142857142,261.92857142857144,74.01798008363498,0.28258841591788647,0.9946373130115721,0,0.0,9.250675472830983,1.3215250675472832
2026-06-06,SKU-1014,Snacks,156.0,0,2045.0,7,False,False,False,244.71428571428572,240.85714285714286,258.85714285714283,76.61433686821694,0.29597150004278067,0.960470984020185,0,0.0,8.490510083036773,1.212930011862396
2026-06-07,SKU-1014,Snacks,115.0,0,1930.0,7,False,False,False,229.85714285714286,232.35714285714286,254.35714285714286,81.26145014964534,0.3194777596447725,0.9029180695847362,0,0.0,8.306178911773747,1.1865969873962496
2026-06-08,SKU-1014,Snacks,105.0,0,1825.0,7,False,False,False,199.57142857142858,222.0,250.71428571428572,85.63179452051818,0.341551317175856,0.7756801776790673,0,0.0,8.22072072072072,1.1743886743886744
2026-06-09,SKU-1014,Snacks,223.0,0,1602.0,7,False,False,False,206.71428571428572,219.0,249.46428571428572,85.77683454124058,0.34384414705150124,0.824266590714896,0,0.0,7.315068493150685,1.0450097847358122
2026-06-10,SKU-1014,Snacks,146.0,0,1456.0,7,False,False,False,184.71428571428572,213.78571428571428,241.39285714285714,84.44210784152418,0.3498119573254441,0.768042768042768,0,0.0,6.810557968593385,0.9729368526561979
2026-06-11,SKU-1014,Snacks,186.0,2008,3278.0,7,False,False,False,169.71428571428572,208.78571428571428,231.78571428571428,73.88146519575075,0.31874900238536535,0.693317770644879,0,0.0,15.70030790283955,2.2429011289770786
2026-06-12,SKU-1014,Snacks,192.0,0,3113.0,7,True,False,False,160.42857142857142,206.07142857142858,229.57142857142858,74.11973724815464,0.3228613321325964,0.6742719903932752,0,0.0,15.106412478336221,2.158058925476603
2026-06-13,SKU-1014,Snacks,198.0,0,2915.0,7,False,False,False,166.42857142857142,205.57142857142858,230.17857142857142,73.7759639526512,0.3205162126724955,0.6909845788849347,0,0.0,14.179986101459345,2.025712300208478
2026-06-14,SKU-1014,Snacks,302.0,0,2613.0,7,False,False,False,193.14285714285714,211.5,233.03571428571428,74.98665666136013,0.3217818216885952,0.8312327082692899,0,0.0,12.354609929078014,1.7649442755825735
2026-06-15,SKU-1014,Snacks,232.0,0,2381.0,7,False,False,False,211.28571428571428,205.42857142857142,231.35714285714286,74.4437218633496,0.321769714753595,0.9517374517374517,0,0.0,11.590403337969402,1.6557719054242004
2026-06-16,SKU-1014,Snacks,191.0,0,2190.0,7,False,False,False,206.71428571428572,206.71428571428572,228.75,74.53640671461133,0.3258422151458419,0.943900848010437,0,0.0,10.594333102971666,1.5134761575673807
2026-06-17,SKU-1014,Snacks,307.0,0,1883.0,7,False,False,False,229.71428571428572,207.21428571428572,223.85714285714286,63.573645999018346,0.2839920370090162,1.0745071834279987,0,0.0,9.087211306446052,1.2981730437780075
2026-06-18,SKU-1014,Snacks,338.0,0,1545.0,7,False,False,False,251.42857142857142,210.57142857142858,227.67857142857142,67.13505104909888,0.2948676751960421,1.2042422169004448,0,0.0,7.337177747625509,1.048168249660787
2026-06-19,SKU-1014,Snacks,274.0,0,1271.0,7,False,False,False,263.14285714285717,211.78571428571428,224.85714285714286,63.2190280109204,0.28115196701171713,1.276949740034662,0,0.0,6.001349072512648,0.8573355817875211
2026-06-20,SKU-1014,Snacks,152.0,2232,3351.0,7,False,True,False,256.57142857142856,211.5,226.17857142857142,61.19189826029624,0.2705468421424751,1.2480889506601804,0,0.0,15.843971631205674,2.2634245187436677
2026-06-21,SKU-1014,Snacks,219.0,0,3132.0,7,False,False,False,244.71428571428572,218.92857142857142,225.64285714285714,61.18654795617812,0.2711654546965792,1.1570415400202634,0,0.0,14.306035889070147,2.0437194127243066
2026-06-22,SKU-1014,Snacks,219.0,0,2913.0,7,False,False,False,242.85714285714286,227.07142857142858,224.53571428571428,61.00970301873217,0.27171491721401314,1.1821974965229487,0,0.0,12.828562441019187,1.8326517772884554
2026-06-23,SKU-1014,Snacks,407.0,0,2506.0,7,False,False,False,273.7142857142857,240.21428571428572,229.60714285714286,69.77070343776884,0.3038699169789279,1.3241188666205943,0,0.0,10.432352066607196,1.4903360095153138
2026-06-24,SKU-1014,Snacks,360.0,0,2146.0,7,False,False,False,281.2857142857143,255.5,234.64285714285714,73.94052378906363,0.31511943167333056,1.3574629438124783,0,0.0,8.399217221135029,1.1998881744478613
2026-06-25,SKU-1014,Snacks,157.0,0,1989.0,7,False,False,False,255.42857142857142,253.42857142857142,231.10714285714286,75.2370767964024,0.32555063364229136,1.213025780189959,0,0.0,7.8483652762119505,1.1211950394588501
2026-06-26,SKU-1014,Snacks,335.0,0,1654.0,7,False,False,False,264.14285714285717,263.64285714285717,234.85714285714286,77.75446362593365,0.33107131714205323,1.2472175379426647,0,0.0,6.273638580330533,0.8962340829043619
2026-06-27,SKU-1014,Snacks,125.0,0,1529.0,7,False,False,False,260.2857142857143,258.42857142857144,232.0,80.31973144414322,0.3462057389833759,1.2306653157716987,0,0.0,5.916528468767274,0.8452183526810392
2026-06-28,SKU-1014,Snacks,164.0,0,1365.0,7,False,False,False,252.42857142857142,248.57142857142858,230.03571428571428,81.31579143381663,0.35349202921081596,1.1530179445350734,0,0.0,5.491379310344827,0.7844827586206896
2026-06-29,SKU-1014,Snacks,245.0,0,1120.0,7,False,False,False,256.14285714285717,249.5,227.46428571428572,79.58386312463917,0.3498741038608724,1.1280276816608996,0,0.0,4.488977955911824,0.6412825651302605
2026-01-01,SKU-1015,Pasta,355.0,0,1993.0,7,False,False,False,,,,,,,0,,,
2026-01-02,SKU-1015,Pasta,285.0,0,1708.0,7,False,False,False,,,,,,,0,,,
2026-01-03,SKU-1015,Pasta,293.0,0,1415.0,7,False,False,False,311.0,,,,,,0,,,
2026-01-04,SKU-1015,Pasta,272.0,0,1143.0,7,False,False,False,301.25,,,,,,0,,,
2026-01-05,SKU-1015,Pasta,352.0,0,791.0,7,False,False,False,311.4,311.4,,,,,0,0.0,2.540141297366731,0.36287732819524726
2026-01-06,SKU-1015,Pasta,395.0,0,396.0,7,False,False,False,325.3333333333333,325.3333333333333,,,,,0,0.0,1.2172131147540983,0.17388758782201405
2026-01-07,SKU-1015,Pasta,413.0,0,0.0,7,False,False,False,337.85714285714283,337.85714285714283,337.85714285714283,55.601044868565126,0.164569688828734,,1,0.14285714285714285,0.0,0.0
2026-01-08,SKU-1015,Pasta,390.0,0,0.0,7,False,False,False,342.85714285714283,344.375,344.375,54.67811654191675,0.15877493006727186,,1,0.25,0.0,0.0
2026-01-09,SKU-1015,Pasta,282.0,0,0.0,7,False,False,False,342.42857142857144,337.44444444444446,337.44444444444446,55.21121061684646,0.1636157048243721,,1,0.3333333333333333,0.0,0.0
2026-01-10,SKU-1015,Pasta,271.0,3314,3043.0,7,False,False,False,339.2857142857143,330.8,330.8,56.13436261922521,0.16969275277879445,,0,0.3,9.198911729141475,1.3141302470202108
2026-01-11,SKU-1015,Pasta,245.0,0,2798.0,7,False,False,False,335.42857142857144,323.0,323.0,59.20472954080613,0.18329637628732548,,0,0.2727272727272727,8.662538699690403,1.2375055285272005
2026-01-12,SKU-1015,Pasta,329.0,0,2469.0,7,False,False,False,332.14285714285717,323.5,323.5,56.476060897919005,0.17457824079727668,1.066611615744564,0,0.25,7.632148377125193,1.0903069110178847
2026-01-13,SKU-1015,Pasta,467.0,0,2002.0,7,False,False,False,342.42857142857144,334.53846153846155,334.53846153846155,67.13992277899365,0.20069418168013736,1.0525468384074943,0,0.23076923076923078,5.984364221660152,0.8549091745228788
2026-01-14,SKU-1015,Pasta,356.0,2959,4605.0,7,False,False,False,334.2857142857143,336.07142857142856,336.07142857142856,64.76046311151259,0.19269850872713631,0.9894291754756872,0,0.21428571428571427,13.702444208289055,1.9574920297555793
2026-01-15,SKU-1015,Pasta,399.0,0,4206.0,7,False,False,False,335.57142857142856,339.2142857142857,340.26666666666665,64.48528809699451,0.18951397363928638,0.9744360902255639,0,0.2,12.399241945672772,1.771320277953253
2026-01-16,SKU-1015,Pasta,266.0,0,3940.0,7,False,False,False,333.2857142857143,337.85714285714283,335.625,65.00653813271401,0.19368800933397098,0.9876758078931276,0,0.1875,11.661733615221989,1.6659619450317127
2026-01-17,SKU-1015,Pasta,252.0,0,3688.0,7,False,False,False,330.57142857142856,334.92857142857144,330.70588235294116,66.12938520986941,0.1999643451739203,0.9993090343755398,0,0.17647058823529413,11.011303049690765,1.5730432928129665
2026-01-18,SKU-1015,Pasta,306.0,0,3382.0,7,False,False,False,339.2857142857143,337.35714285714283,329.3333333333333,64.41866737120812,0.19560324100569268,1.050420168067227,0,0.16666666666666666,10.024984120262546,1.4321405886089351
2026-01-19,SKU-1015,Pasta,675.0,0,2707.0,7,False,False,False,388.7142857142857,360.42857142857144,347.5263157894737,101.03430023789646,0.2907241715159825,1.2015897549127843,0,0.15789473684210525,7.510503369005153,1.0729290527150217
2026-01-20,SKU-1015,Pasta,429.0,0,2278.0,7,False,False,False,383.2857142857143,362.85714285714283,351.6,100.0128412807707,0.2844506293537278,1.1457149426797621,0,0.15,6.277952755905512,0.8968503937007875
2026-01-21,SKU-1015,Pasta,423.0,0,1855.0,7,False,False,False,392.85714285714283,363.57142857142856,355.0,98.71777955363461,0.2780782522637595,1.1689691817215728,0,0.14285714285714285,5.102161100196464,0.7288801571709235
2026-01-22,SKU-1015,Pasta,435.0,3348,4768.0,7,False,False,False,398.0,366.7857142857143,358.6363636363636,97.83686395245888,0.2728024089929145,1.1732996420299011,0,0.13636363636363635,12.999415774099319,1.8570593962999027
2026-01-23,SKU-1015,Pasta,297.0,0,4471.0,7,False,False,False,402.42857142857144,367.85714285714283,355.95652173913044,96.4475732579715,0.27095324110581953,1.1911205073995772,0,0.13043478260869565,12.154174757281554,1.7363106796116505
2026-01-24,SKU-1015,Pasta,271.0,0,4200.0,7,False,False,False,405.14285714285717,367.85714285714283,352.4166666666667,95.90843308193439,0.27214499810433024,1.2096395820004266,0,0.125,11.41747572815534,1.6310679611650485
2026-01-25,SKU-1015,Pasta,254.0,0,3946.0,7,False,False,False,397.7142857142857,368.5,348.48,95.9301481982246,0.27528164657433596,1.1789117086597503,0,0.12,10.708276797829036,1.5297538282612908
2026-01-26,SKU-1015,Pasta,314.0,0,3632.0,7,False,False,False,346.14285714285717,367.42857142857144,347.15384615384613,94.23489472915745,0.27144995157966917,0.9603646452635751,0,0.11538461538461539,9.884914463452565,1.4121306376360807
2026-01-27,SKU-1015,Pasta,405.0,0,3227.0,7,False,False,False,342.7142857142857,363.0,349.2962962962963,93.07309568076663,0.26645886792288187,0.944488188976378,0,0.1111111111111111,8.889807162534435,1.2699724517906337
2026-01-28,SKU-1015,Pasta,422.0,0,2805.0,7,False,False,False,342.57142857142856,367.7142857142857,351.89285714285717,92.36094223638936,0.26246893155575984,0.9422396856581532,0,0.10714285714285714,7.628205128205128,1.0897435897435896
2026-01-29,SKU-1015,Pasta,398.0,0,2407.0,7,False,False,False,337.2857142857143,367.64285714285717,353.42857142857144,92.77109566279893,0.26248895296669056,0.9195715676728335,0,0.10714285714285714,6.547114824169419,0.9353021177384884
2026-01-30,SKU-1015,Pasta,783.0,0,1624.0,7,False,False,False,406.7142857142857,404.57142857142856,371.2142857142857,122.22727983763664,0.3292634053736604,1.1056310679611652,0,0.10714285714285714,4.0141242937853105,0.5734463276836158
2026-01-31,SKU-1015,Pasta,283.0,0,1341.0,7,False,False,False,408.42857142857144,406.7857142857143,370.85714285714283,122.4786343531633,0.3302582590416576,1.1102912621359224,0,0.10714285714285714,3.29657594381036,0.47093942054433713
2026-02-01,SKU-1015,Pasta,243.0,0,1098.0,7,False,False,False,406.85714285714283,402.2857142857143,369.82142857142856,123.46421091013127,0.33384818015293827,1.1040899399108353,0,0.10714285714285714,2.729403409090909,0.38991477272727276
2026-02-02,SKU-1015,Pasta,321.0,3626,4403.0,7,False,False,False,407.85714285714283,377.0,368.7142857142857,123.76855854640985,0.33567605959894187,1.1100311041990667,0,0.10714285714285714,11.679045092838196,1.6684350132625994
2026-02-03,SKU-1015,Pasta,357.0,0,4046.0,7,False,False,False,401.0,371.85714285714283,367.35714285714283,123.67796123496738,0.33666954254122955,1.1046831955922864,0,0.10714285714285714,10.880522474068384,1.5543603534383406
2026-02-04,SKU-1015,Pasta,388.0,0,3658.0,7,False,False,False,396.14285714285717,369.35714285714283,366.4642857142857,123.42623592367109,0.3368029047717367,1.0773115773115773,0,0.07142857142857142,9.903693676271514,1.414813382324502
2026-02-05,SKU-1015,Pasta,437.0,0,3221.0,7,False,False,False,401.7142857142857,369.5,368.14285714285717,124.07605621096974,0.3370323606817183,1.092675344861084,0,0.03571428571428571,8.717185385656292,1.2453121979508988
2026-02-06,SKU-1015,Pasta,318.0,0,2903.0,7,False,False,False,335.2857142857143,371.0,369.42857142857144,123.33466322749315,0.3338525300048152,0.8287429378531074,0,0.0,7.824797843665769,1.117828263380824
2026-02-07,SKU-1015,Pasta,292.0,0,2611.0,7,False,False,False,336.57142857142856,372.5,370.17857142857144,122.77653701879704,0.3316684068042757,0.8273924495171202,0,0.0,7.009395973154362,1.0013422818791946
2026-02-08,SKU-1015,Pasta,235.0,0,2376.0,7,False,False,False,335.42857142857144,371.14285714285717,369.82142857142856,123.1680735362226,0.33304742240600993,0.8338068181818182,0,0.0,6.401847575057737,0.9145496535796767
2026-02-09,SKU-1015,Pasta,377.0,0,1999.0,7,False,False,False,343.42857142857144,375.64285714285717,371.5357142857143,122.9126405044135,0.33082321773753515,0.9109511178476696,0,0.0,5.321544019775622,0.7602205742536603
2026-02-10,SKU-1015,Pasta,471.0,0,1528.0,7,False,True,False,359.7142857142857,380.35714285714283,371.67857142857144,123.02997333424216,0.33101174722386667,0.9673453707260854,0,0.0,4.017276995305164,0.5738967136150235
2026-02-11,SKU-1015,Pasta,425.0,0,1103.0,7,False,False,False,365.0,380.57142857142856,374.14285714285717,123.39479378107947,0.3298066271353785,0.9882034422742216,0,0.0,2.8982732732732734,0.41403903903903905
2026-02-12,SKU-1015,Pasta,406.0,0,697.0,7,False,True,False,360.57142857142856,381.14285714285717,374.39285714285717,123.4540968180644,0.3297447973772587,0.97583607191185,0,0.0,1.828710644677661,0.26124437781109444
2026-02-13,SKU-1015,Pasta,305.0,0,392.0,7,False,False,False,358.7142857142857,347.0,375.7857142857143,122.40139104234284,0.32572124588344414,0.9668848671544089,0,0.0,1.1296829971181557,0.16138328530259366
2026-02-14,SKU-1015,Pasta,244.0,0,148.0,7,False,False,False,351.85714285714283,344.2142857142857,375.5,122.70998631220174,0.3267909089539327,0.9445829338446787,0,0.0,0.42996472297157085,0.061423531853081546
2026-02-15,SKU-1015,Pasta,280.0,2754,2622.0,7,False,False,False,358.2857142857143,346.85714285714283,374.57142857142856,123.3520792274514,0.32931523821211284,0.9653579676674364,0,0.0,7.559308072487645,1.0799011532125207
2026-02-16,SKU-1015,Pasta,139.0,0,2483.0,7,False,False,False,324.2857142857143,333.85714285714283,355.42857142857144,116.39664898174645,0.32748253330877214,0.8632819927742916,0,0.0,7.437312794180574,1.0624732563115107
2026-02-17,SKU-1015,Pasta,264.0,0,2064.0,7,True,False,False,294.7142857142857,327.2142857142857,349.5357142857143,116.71030363059202,0.33390094019174177,0.7748356807511738,0,0.0,6.307793058284218,0.9011132940406025
2026-02-18,SKU-1015,Pasta,388.0,0,1676.0,7,False,False,False,289.42857142857144,327.2142857142857,348.2857142857143,116.08006724059915,0.33328977468588766,0.7605105105105106,0,0.0,5.1220257585679985,0.731717965509714
2026-02-19,SKU-1015,Pasta,354.0,0,1322.0,7,False,False,False,282.0,321.2857142857143,345.39285714285717,114.84170725336564,0.3324958952635961,0.7398800599700149,0,0.0,4.114717652289907,0.5878168074699868
2026-02-20,SKU-1015,Pasta,363.0,2506,3465.0,7,False,False,False,290.2857142857143,324.5,347.75,114.48843545027533,0.3292262701661404,0.8365582544256895,0,0.0,10.677966101694915,1.5254237288135593
2026-02-21,SKU-1015,Pasta,273.0,0,3192.0,7,False,False,False,294.42857142857144,323.14285714285717,347.82142857142856,114.43939155126765,0.3290176571963748,0.8553641834405479,0,0.0,9.877984084880636,1.4111405835543764
2026-02-22,SKU-1015,Pasta,296.0,0,2896.0,7,False,False,False,296.7142857142857,327.5,349.32142857142856,113.43493928122614,0.3247294039335786,0.8554365733113675,0,0.0,8.842748091603054,1.2632497273718648
2026-02-23,SKU-1015,Pasta,375.0,0,2521.0,7,False,False,False,330.42857142857144,327.35714285714283,351.5,113.31715570811768,0.32238166631043436,0.9897304236200258,0,0.0,7.7010691686668125,1.1001527383809733
2026-02-24,SKU-1015,Pasta,435.0,0,2086.0,7,False,False,False,354.85714285714283,324.7857142857143,352.57142857142856,113.98161923665383,0.3232866023730052,1.0844793713163063,0,0.0,6.422696283263691,0.9175280404662416
2026-02-25,SKU-1015,Pasta,431.0,3183,4838.0,7,False,False,False,361.0,325.2142857142857,352.89285714285717,114.19714574032972,0.3236028823731638,1.1032525649421523,0,0.0,14.876345266857017,2.1251921809795737
2026-02-26,SKU-1015,Pasta,390.0,0,4448.0,7,False,False,False,366.14285714285717,324.07142857142856,352.60714285714283,114.09006815141123,0.3235614208689876,1.1396176078257003,0,0.0,13.725369186687239,1.9607670266696056
2026-02-27,SKU-1015,Pasta,348.0,0,4100.0,7,False,False,False,364.0,327.14285714285717,337.07142857142856,76.85287944745525,0.22800176144614825,1.1217257318952234,0,0.0,12.532751091703055,1.7903930131004364
2026-02-28,SKU-1015,Pasta,246.0,0,3854.0,7,False,False,False,360.14285714285717,327.2857142857143,335.75,78.12460370269865,0.23268683157914713,1.114500442086649,0,0.0,11.775643823657791,1.6822348319511131
2026-03-01,SKU-1015,Pasta,310.0,0,3544.0,7,False,False,False,362.14285714285717,329.42857142857144,338.14285714285717,76.18044576832253,0.2252907141437506,1.1057797164667393,0,0.0,10.758022549869905,1.5368603642671292
2026-03-02,SKU-1015,Pasta,331.0,0,3213.0,7,False,False,False,355.85714285714283,343.14285714285717,338.5,76.12051847782794,0.22487597777792598,1.0870608771547021,0,0.0,9.363447127393838,1.3376353039134055
2026-03-03,SKU-1015,Pasta,437.0,0,2776.0,7,False,False,False,356.14285714285717,355.5,341.35714285714283,78.31049988050391,0.22940929029651702,1.0965471739608534,0,0.0,7.808720112517581,1.1155314446453688
2026-03-04,SKU-1015,Pasta,453.0,0,2323.0,7,False,False,False,359.2857142857143,360.14285714285717,343.67857142857144,80.67220071532682,0.23473154110247854,1.104766088293433,0,0.0,6.450218167393891,0.9214597381991273
2026-03-05,SKU-1015,Pasta,397.0,0,1926.0,7,False,False,False,360.2857142857143,363.2142857142857,342.25,79.30093876423469,0.2317047151621174,1.1117478510028653,0,0.0,5.302654867256637,0.7575221238938052
2026-03-06,SKU-1015,Pasta,327.0,0,1599.0,7,False,False,False,357.2857142857143,360.64285714285717,342.57142857142856,79.21720191577768,0.23124287464989315,1.0921397379912663,0,0.0,4.433749257278668,0.6333927510398097
2026-03-07,SKU-1015,Pasta,250.0,3592,4941.0,7,False,False,False,357.85714285714283,359.0,341.07142857142856,80.59589575591566,0.23630210273985744,1.0934089917066783,0,0.0,13.763231197771587,1.966175885395941
2026-03-08,SKU-1015,Pasta,290.0,0,4651.0,7,False,False,False,355.0,358.57142857142856,343.0357142857143,78.55947600284311,0.2290125276501413,1.0776235906331308,0,0.0,12.970916334661355,1.852988047808765
2026-03-09,SKU-1015,Pasta,355.0,0,4296.0,7,False,False,False,358.42857142857144,357.14285714285717,342.25,78.31684223574001,0.22882934181370346,1.0445462114904247,0,0.0,12.028799999999999,1.7183999999999997
2026-03-10,SKU-1015,Pasta,453.0,0,3843.0,7,False,False,False,360.7142857142857,358.42857142857144,341.60714285714283,77.2879844457245,0.22624815101728032,1.0146674703636729,0,0.0,10.721801514547629,1.5316859306496613
2026-03-11,SKU-1015,Pasta,439.0,0,3404.0,7,False,False,False,358.7142857142857,359.0,342.10714285714283,77.89039749008882,0.22767837245249892,0.996033320111067,0,0.0,9.481894150417828,1.3545563072025468
2026-03-12,SKU-1015,Pasta,425.0,0,2979.0,7,False,False,False,362.7142857142857,361.5,342.7857142857143,78.54762987340975,0.22914499233751542,0.9986234021632252,0,0.0,8.240663900414937,1.1772377000592766
2026-03-13,SKU-1015,Pasta,323.0,0,2656.0,7,False,False,False,362.14285714285717,359.7142857142857,343.42857142857144,78.30019562504711,0.2279955779431488,1.0041592394533572,0,0.0,7.3836378077839555,1.0548054011119936
2026-03-14,SKU-1015,Pasta,294.0,0,2362.0,7,False,False,False,368.42857142857144,363.14285714285717,345.2142857142857,76.49805475273469,0.22159585485998048,1.0262634301631517,0,0.0,6.504327301337529,0.9291896144767898
2026-03-15,SKU-1015,Pasta,255.0,0,2107.0,7,False,False,False,363.42857142857144,359.2142857142857,344.32142857142856,77.42765013411564,0.2248702628104178,1.0135458167330678,0,0.0,5.8655796380990255,0.8379399482998607
2026-03-16,SKU-1015,Pasta,299.0,2904,4712.0,7,False,False,False,355.42857142857144,356.92857142857144,350.0357142857143,66.90207445317058,0.19112928116404207,0.9952,0,0.0,13.201520912547528,1.8859315589353611
2026-03-17,SKU-1015,Pasta,497.0,0,4215.0,7,False,False,False,361.7142857142857,361.2142857142857,358.35714285714283,70.21301677657597,0.19593028400878287,1.0091669988043044,0,0.0,11.668973699822029,1.6669962428317184
2026-03-18,SKU-1015,Pasta,616.0,0,3599.0,7,False,False,False,387.0,372.85714285714283,366.5,85.36436067864672,0.23291776447106882,1.0779944289693593,0,0.0,9.652490421455939,1.378927203065134
2026-03-19,SKU-1015,Pasta,411.0,0,3188.0,7,False,False,False,385.0,373.85714285714283,368.5357142857143,85.73407730058115,0.23263437972829462,1.0650069156293223,0,0.0,8.527321360336263,1.2181887657623232
2026-03-20,SKU-1015,Pasta,356.0,0,2806.0,7,True,False,False,389.7142857142857,375.92857142857144,368.2857142857143,85.76101900602856,0.23286545114127227,1.0833995234312948,0,0.0,7.464183925517765,1.0663119893596806
2026-03-21,SKU-1015,Pasta,302.0,0,2504.0,7,False,False,False,390.85714285714283,379.64285714285717,369.32142857142856,84.73665242709482,0.22943876491235424,1.076317859952793,0,0.0,6.595672624647224,0.9422389463781748
2026-03-22,SKU-1015,Pasta,253.0,0,2251.0,7,False,False,False,390.57142857142856,377.0,367.7857142857143,86.48628970465965,0.2351540213371985,1.0872936965599522,0,0.0,5.970822281167108,0.8529746115953012
2026-03-23,SKU-1015,Pasta,326.0,0,1906.0,7,True,False,False,394.42857142857144,374.92857142857144,366.0357142857143,86.82996672631594,0.23721719858882295,1.1050630378226936,0,0.0,5.083634978091065,0.7262335682987235
2026-03-24,SKU-1015,Pasta,400.0,0,1506.0,7,False,True,False,380.57142857142856,371.14285714285717,364.7857142857143,86.04880490394297,0.2358886369013514,1.0535890844374134,0,0.0,4.0577367205542725,0.5796766743648961
2026-03-25,SKU-1015,Pasta,997.0,2835,3344.0,7,False,False,False,435.0,411.0,385.0,147.04345540614102,0.3819310530029637,1.1666666666666667,0,0.0,8.136253041362531,1.1623218630517902
2026-03-26,SKU-1015,Pasta,400.0,0,2944.0,7,False,False,False,433.42857142857144,409.2142857142857,385.35714285714283,147.0681913605145,0.38164127507825824,1.1593427588842187,0,0.0,7.1942747425379645,1.0277535346482807
2026-03-27,SKU-1015,Pasta,306.0,0,2638.0,7,False,False,False,426.2857142857143,408.0,383.85714285714283,147.6762510773995,0.3847166942842563,1.1339540186205586,0,0.0,6.465686274509804,0.9236694677871149
2026-03-28,SKU-1015,Pasta,261.0,0,2377.0,7,False,False,False,420.42857142857144,405.64285714285717,384.39285714285717,147.18402169864174,0.38289999141149944,1.107431796801505,0,0.0,5.859834477901039,0.8371192111287199
2026-03-29,SKU-1015,Pasta,285.0,0,2092.0,7,False,False,False,425.0,407.7857142857143,383.5,147.72685003824532,0.38520691013884045,1.1273209549071619,0,0.0,5.130145384480644,0.7328779120686635
2026-03-30,SKU-1015,Pasta,310.0,0,1782.0,7,False,False,False,422.7142857142857,408.57142857142856,382.75,148.05620179137682,0.3868222123876599,1.1274528481615544,0,0.0,4.361538461538462,0.6230769230769232
2026-03-31,SKU-1015,Pasta,426.0,0,1356.0,7,False,False,False,426.42857142857144,403.5,382.35714285714283,147.92145420376522,0.38686724432144837,1.1489607390300232,0,0.0,3.3605947955390336,0.48008497079129053
2026-04-01,SKU-1015,Pasta,458.0,0,898.0,7,False,False,False,349.42857142857144,392.2142857142857,382.5357142857143,148.01288285843057,0.38692565773840504,0.8501911713590546,0,0.0,2.2895647423055907,0.32708067747222724
2026-04-02,SKU-1015,Pasta,397.0,3556,4057.0,7,False,False,False,349.0,391.2142857142857,382.5357142857143,148.01288285843057,0.38692565773840504,0.8528539012043986,0,0.0,10.370275698375023,1.4814679569107176
2026-04-03,SKU-1015,Pasta,505.0,0,3552.0,7,False,False,False,377.42857142857144,401.85714285714283,388.89285714285717,149.3557372295629,0.3840536911036606,0.9250700280112045,0,0.0,8.83896196231781,1.2627088517596872
2026-04-04,SKU-1015,Pasta,286.0,0,3266.0,7,False,False,False,381.0,400.7142857142857,390.17857142857144,148.26678996083714,0.3799972648881867,0.9392498679344955,0,0.0,8.150445632798574,1.164349376114082
2026-04-05,SKU-1015,Pasta,311.0,0,2955.0,7,False,False,False,384.7142857142857,404.85714285714283,390.92857142857144,147.79363204129487,0.37805789303455656,0.9434226659660186,0,0.0,7.298870853916726,1.042695836273818
2026-04-06,SKU-1015,Pasta,322.0,0,2633.0,7,False,False,False,386.42857142857144,404.57142857142856,389.75,148.22171205975835,0.38029945364915546,0.9458041958041958,0,0.0,6.508121468926554,0.929731638418079
2026-04-07,SKU-1015,Pasta,360.0,0,2273.0,7,False,False,False,377.0,401.7142857142857,386.42857142857144,147.79325614129542,0.3824594428795075,0.9343246592317225,0,0.0,5.658250355618777,0.808321479374111
2026-04-08,SKU-1015,Pasta,404.0,0,1869.0,7,False,False,False,369.2857142857143,359.35714285714283,385.17857142857144,147.47983002617767,0.38288690224691463,0.9415407029684939,0,0.0,5.200954084675015,0.7429934406678592
2026-04-09,SKU-1015,Pasta,417.0,0,1452.0,7,False,False,False,372.14285714285717,360.57142857142856,384.89285714285717,147.40755779551498,0.38298335513356396,0.951250684681395,0,0.0,4.0269413629160065,0.5752773375594294
2026-04-10,SKU-1015,Pasta,335.0,3282,4399.0,7,False,False,False,347.85714285714283,362.64285714285717,385.32142857142856,147.23829352232073,0.3821181034966151,0.8656238890863847,0,0.0,12.130391963758123,1.732913137679732
2026-04-11,SKU-1015,Pasta,215.0,0,4184.0,7,False,False,False,337.7142857142857,359.35714285714283,382.5,149.78787470088292,0.39160228679969394,0.8427807486631016,0,0.0,11.643013317431922,1.663287616775989
2026-04-12,SKU-1015,Pasta,244.0,0,3940.0,7,False,False,False,328.14285714285717,356.42857142857144,382.10714285714283,150.14865209141146,0.39294908482657454,0.8105151729004941,0,0.0,11.054108216432866,1.5791583166332666
2026-04-13,SKU-1015,Pasta,350.0,0,3590.0,7,False,False,False,332.14285714285717,359.2857142857143,383.92857142857144,149.41067654137126,0.38916269238682744,0.8209745762711865,0,0.0,9.992047713717694,1.4274353876739563
2026-04-14,SKU-1015,Pasta,449.0,0,3141.0,7,False,False,False,344.85714285714283,360.92857142857144,382.2142857142857,148.33679325374482,0.3880985059899883,0.8584637268847795,0,0.0,8.702552938848209,1.2432218484068869
2026-04-15,SKU-1015,Pasta,459.0,0,2682.0,7,False,False,False,352.7142857142857,361.0,376.60714285714283,142.00452243338728,0.3770627433034466,0.9815146094215863,0,0.0,7.429362880886426,1.0613375544123467
2026-04-16,SKU-1015,Pasta,404.0,0,2278.0,7,False,False,False,350.85714285714283,361.5,376.35714285714283,141.9478814854278,0.37716271413854424,0.9730586370839936,0,0.0,6.301521438450899,0.9002173483501285
2026-04-17,SKU-1015,Pasta,362.0,0,1916.0,7,False,False,False,354.7142857142857,351.2857142857143,376.57142857142856,141.92053816639492,0.3768754807150093,0.9781366948985621,0,0.0,5.454249694997967,0.7791785278568524
2026-04-18,SKU-1015,Pasta,249.0,3331,4998.0,7,False,False,False,359.57142857142856,348.64285714285717,374.67857142857144,143.29871767316163,0.3824577347105639,1.0005963029218843,0,0.0,14.33558696988322,2.0479409956976027
2026-04-19,SKU-1015,Pasta,276.0,0,4722.0,7,False,False,False,364.14285714285717,346.14285714285717,375.5,142.639794977107,0.37986629820800794,1.0216432865731464,0,0.0,13.641766405282706,1.9488237721832438
2026-04-20,SKU-1015,Pasta,397.0,0,4325.0,7,False,False,False,370.85714285714283,351.5,378.0357142857143,142.35804681177493,0.3765730099886347,1.03220675944334,0,0.0,12.304409672830726,1.7577728104043895
2026-04-21,SKU-1015,Pasta,408.0,0,3917.0,7,False,False,False,365.0,354.92857142857144,378.32142857142856,142.41177998805114,0.37643064662186654,1.0112804274688303,0,0.0,11.036023344737371,1.5765747635339102
2026-04-22,SKU-1015,Pasta,402.0,0,3515.0,7,False,False,False,356.85714285714283,354.7857142857143,357.07142857142856,75.21422667408011,0.21064196308004032,0.9885239414325286,0,0.0,9.907388765854641,1.4153412522649487
2026-04-23,SKU-1015,Pasta,408.0,0,3107.0,7,False,False,False,357.42857142857144,354.14285714285717,357.35714285714283,75.39830742068929,0.2109886675773836,0.988737403675163,0,0.0,8.773295683743445,1.253327954820492
2026-04-24,SKU-1015,Pasta,300.0,0,2807.0,7,False,False,False,348.57142857142856,351.64285714285717,357.14285714285717,75.55802983810445,0.21156248354669244,0.9922732818218788,0,0.0,7.982530977046515,1.1403615681495023
2026-04-25,SKU-1015,Pasta,266.0,0,2541.0,7,False,False,False,351.0,355.2857142857143,357.32142857142856,75.32795141612623,0.21081285753638526,1.006760909649662,0,0.0,7.15199034981906,1.0217129071170086
2026-04-26,SKU-1015,Pasta,284.0,0,2257.0,7,False,False,False,352.14285714285717,358.14285714285717,357.2857142857143,75.36373877199253,0.21093409492360965,1.017333883615353,0,0.0,6.301954527323494,0.9002792181890705
2026-04-27,SKU-1015,Pasta,359.0,0,1898.0,7,False,False,False,346.7142857142857,358.7857142857143,359.0357142857143,74.79180096817764,0.20831298389624728,0.9863848811217233,0,0.0,5.2900656977901654,0.7557236711128807
2026-04-28,SKU-1015,Pasta,393.0,2874,4379.0,7,False,False,False,344.57142857142856,354.7857142857143,357.85714285714283,73.9527948965817,0.2066545166770746,0.9708190782853692,0,0.0,12.34266156633783,1.7632373666196899
2026-04-29,SKU-1015,Pasta,436.0,0,3943.0,7,False,False,False,349.42857142857144,353.14285714285717,357.07142857142856,72.95961773546944,0.20432779521835812,0.9849003422589089,0,0.0,11.165453074433657,1.595064724919094
2026-04-30,SKU-1015,Pasta,406.0,0,3537.0,7,False,False,False,349.14285714285717,353.2857142857143,357.39285714285717,73.16158640207121,0.20470914552393263,0.9858814037918515,0,0.0,10.011726647796198,1.4302466639708855
2026-05-01,SKU-1015,Pasta,309.0,0,3228.0,7,False,False,False,350.42857142857144,349.5,350.39285714285717,67.68737465606637,0.19317566918457427,0.9965468210440788,0,0.0,9.236051502145923,1.3194359288779889
2026-05-02,SKU-1015,Pasta,275.0,0,2953.0,7,False,False,False,351.7142857142857,351.35714285714283,350.0,68.10558251986674,0.1945873786281907,0.9899477281865702,0,0.0,8.404553771091686,1.2006505387273838
2026-05-03,SKU-1015,Pasta,288.0,0,2665.0,7,False,False,False,352.2857142857143,352.2142857142857,349.17857142857144,68.72923447818752,0.19683119212327407,0.9836457917830075,0,0.0,7.566416548367471,1.0809166497667815
2026-05-04,SKU-1015,Pasta,342.0,0,2323.0,7,False,False,False,349.85714285714283,348.2857142857143,349.89285714285717,68.53997983643447,0.19588847967951056,0.9751144734222575,0,0.0,6.669811320754717,0.9528301886792453
2026-05-05,SKU-1015,Pasta,400.0,0,1923.0,7,False,False,False,350.85714285714283,347.7142857142857,351.32142857142856,69.17238454086132,0.196892016584743,0.9889269176565331,0,0.0,5.530402629416598,0.7900575184880855
2026-05-06,SKU-1015,Pasta,446.0,0,1477.0,7,False,False,False,352.2857142857143,350.85714285714283,352.82142857142856,70.79341545622502,0.20064942127485583,0.9975728155339805,0,0.0,4.209690553745928,0.6013843648208469
2026-05-07,SKU-1015,Pasta,921.0,0,556.0,7,False,False,False,425.85714285714283,387.5,370.82142857142856,128.37331370638398,0.34618634149848326,1.2054185200161747,0,0.0,1.4348387096774193,0.20497695852534562
2026-05-08,SKU-1015,Pasta,299.0,0,257.0,7,False,False,False,424.42857142857144,387.42857142857144,369.5357142857143,128.92446313934062,0.3488822816180088,1.2143879010831802,0,0.0,0.6633480825958702,0.09476401179941003
2026-05-09,SKU-1015,Pasta,249.0,3052,3060.0,7,False,False,False,420.7142857142857,386.2142857142857,370.75,127.56802832940491,0.3440809934710854,1.1973978450904657,0,0.0,7.923062696504531,1.1318660995006473
2026-05-10,SKU-1015,Pasta,309.0,0,2751.0,7,False,False,False,423.7142857142857,388.0,373.07142857142856,125.7545900999917,0.3370791233773471,1.2030014195903467,0,0.0,7.09020618556701,1.0128865979381443
2026-05-11,SKU-1015,Pasta,326.0,0,2425.0,7,False,False,False,421.42857142857144,385.64285714285717,372.2142857142857,125.99922314365368,0.3385125933623396,1.2100082034454471,0,0.0,6.288201518799777,0.8983145026856825
2026-05-12,SKU-1015,Pasta,446.0,0,1979.0,7,False,False,False,428.0,389.42857142857144,372.10714285714283,125.93276844932844,0.3384314729418559,1.2308956450287591,0,0.0,5.081804842259721,0.7259721203228172
2026-05-13,SKU-1015,Pasta,1165.0,0,814.0,7,False,False,False,530.7142857142857,441.5,397.32142857142856,195.45977204215828,0.49194369592633097,1.5126221498371335,0,0.0,1.8437146092865233,0.2633878013266462
2026-05-14,SKU-1015,Pasta,387.0,0,427.0,7,False,False,False,454.42857142857144,440.14285714285717,396.7142857142857,195.46466141590366,0.4927089052615505,1.1727188940092166,0,0.0,0.9701395650762739,0.1385913664394677
2026-05-15,SKU-1015,Pasta,264.0,0,163.0,7,False,False,False,449.42857142857144,436.92857142857144,393.2142857142857,196.98079566910542,0.5009502523828294,1.1600294985250736,0,0.0,0.37305868889978744,0.05329409841425535
2026-05-16,SKU-1015,Pasta,269.0,3539,3433.0,7,False,False,False,452.2857142857143,436.5,393.92857142857144,196.47409188762975,0.49875562763858866,1.1710745330127612,0,0.0,7.864833906071019,1.1235477008672885
2026-05-17,SKU-1015,Pasta,287.0,0,3146.0,7,False,False,False,449.14285714285717,436.42857142857144,394.32142857142856,196.24041445265615,0.497666117622894,1.1575846833578793,0,0.0,7.208510638297872,1.0297872340425531
2026-05-18,SKU-1015,Pasta,384.0,0,2762.0,7,False,False,False,457.42857142857144,439.42857142857144,393.85714285714283,196.24922067044398,0.498275134092531,1.1861455825152807,0,0.0,6.285435630689206,0.8979193758127437
2026-05-19,SKU-1015,Pasta,437.0,0,2325.0,7,False,False,False,456.14285714285717,442.07142857142856,394.89285714285717,196.40308877515974,0.497357916768063,1.1713132795304475,0,0.0,5.2593310712554535,0.7513330101793505
2026-05-20,SKU-1015,Pasta,396.0,0,1929.0,7,False,False,False,346.2857142857143,438.5,394.67857142857144,196.39832042191773,0.4976158693162335,0.7843391037049021,0,0.0,4.39908779931585,0.6284411141879785
2026-05-21,SKU-1015,Pasta,411.0,0,1518.0,7,False,False,False,349.7142857142857,402.07142857142856,394.7857142857143,196.40667506625635,0.49750198135111073,0.7945472249269717,0,0.0,3.775448569905845,0.539349795700835
2026-05-22,SKU-1015,Pasta,251.0,0,1267.0,7,False,False,False,347.85714285714283,398.64285714285717,393.0357142857143,197.497769728215,0.5024931896765125,0.7961418996239986,0,0.0,3.178283461745207,0.45404049453502954
2026-05-23,SKU-1015,Pasta,304.0,2754,3717.0,7,False,False,False,352.85714285714283,402.57142857142856,394.39285714285717,196.72152517101034,0.498795862065407,0.8083783341515299,0,0.0,9.233144073811214,1.3190205819730305
2026-05-24,SKU-1015,Pasta,291.0,0,3426.0,7,False,True,False,353.42857142857144,401.2857142857143,394.64285714285717,196.58043576324607,0.4981223711647864,0.8098199672667757,0,0.0,8.537557849768602,1.2196511213955146
2026-05-25,SKU-1015,Pasta,366.0,0,3060.0,7,False,False,False,350.85714285714283,404.14285714285717,394.89285714285717,196.53787483176427,0.4976992398742334,0.7984395318595577,0,0.0,7.5715800636267225,1.0816542948038175
2026-05-26,SKU-1015,Pasta,402.0,0,2669.0,7,True,False,False,345.85714285714283,401.0,395.2142857142857,196.5420239942776,0.49730495859748536,0.782355792535143,0,0.0,6.655860349127182,0.9508371927324546
2026-05-27,SKU-1015,Pasta,437.0,0,2232.0,7,False,False,False,351.7142857142857,349.0,395.25,196.54980049360026,0.4972796976435174,0.8020850301352012,0,0.0,6.395415472779369,0.9136307818256242
2026-05-28,SKU-1015,Pasta,377.0,0,1775.0,7,True,False,False,346.85714285714283,348.2857142857143,394.2142857142857,196.56746220004771,0.49863099670242217,0.8626754308047611,0,0.0,5.096390484003281,0.7280557834290402
2026-05-29,SKU-1015,Pasta,317.0,0,1458.0,7,False,False,False,356.2857142857143,352.07142857142856,394.5,196.44479009522126,0.4979589102540463,0.8937466403870273,0,0.0,4.141205112598905,0.5916007303712721
2026-05-30,SKU-1015,Pasta,282.0,2933,4109.0,7,False,False,False,353.14285714285717,353.0,394.75,196.29147356060218,0.4972551578482639,0.8772178850248404,0,0.0,11.640226628895185,1.662889518413598
2026-05-31,SKU-1015,Pasta,289.0,0,3820.0,7,False,False,False,352.85714285714283,353.14285714285717,394.7857142857143,196.27142150468796,0.4971593814122728,0.879316482734069,0,0.0,10.81715210355987,1.5453074433656957
2026-06-01,SKU-1015,Pasta,393.0,0,3427.0,7,False,False,False,356.7142857142857,353.7857142857143,396.60714285714283,195.9998751484323,0.4941914906939311,0.8826440438317427,0,0.0,9.686654552796286,1.3838077932566122
2026-06-02,SKU-1015,Pasta,415.0,0,3012.0,7,False,False,False,358.57142857142856,352.2142857142857,397.14285714285717,196.02998906737866,0.4936006918962772,0.8941930887068044,0,0.0,8.551612249036706,1.2216588927195295
2026-06-03,SKU-1015,Pasta,499.0,0,2513.0,7,False,False,False,367.42857142857144,359.57142857142856,399.0357142857143,196.7736963268657,0.4931230195249476,1.0528039295947607,0,0.0,6.988875645609854,0.9984108065156934
2026-06-04,SKU-1015,Pasta,396.0,0,2117.0,7,False,True,False,370.14285714285717,358.5,380.2857142857143,168.12205820482464,0.4420940674056245,1.0627563576702217,0,0.0,5.9051603905160395,0.8435943415022914
2026-06-05,SKU-1015,Pasta,306.0,3264,5075.0,7,False,False,False,368.57142857142856,362.42857142857144,380.5357142857143,168.00186995054042,0.4414877858859814,1.046865489957395,0,0.0,14.002759164367362,2.0003941663381943
2026-06-06,SKU-1015,Pasta,299.0,0,4776.0,7,False,False,False,371.0,362.07142857142856,382.32142857142856,166.81350277778685,0.4363174290311099,1.0509915014164306,0,0.0,13.190767409745513,1.884395344249359
2026-06-07,SKU-1015,Pasta,280.0,0,4496.0,7,False,False,False,369.7142857142857,361.2857142857143,381.2857142857143,167.37468659951452,0.4389744496802554,1.0469255663430421,0,0.0,12.444444444444445,1.777777777777778
2026-06-08,SKU-1015,Pasta,403.0,0,4093.0,7,False,False,False,371.14285714285717,363.92857142857144,384.0357142857143,167.06496455257272,0.43502455198289186,1.049061175045427,0,0.0,11.246712463199215,1.6066732090284592
2026-06-09,SKU-1015,Pasta,410.0,0,3683.0,7,False,False,False,370.42857142857144,364.5,382.75,166.70857806363773,0.43555474347129386,1.0517136483471912,0,0.0,10.104252400548697,1.4434646286498138
2026-06-10,SKU-1015,Pasta,457.0,0,3226.0,7,False,False,False,364.42857142857144,365.92857142857144,357.4642857142857,68.33278164701811,0.19115974484129353,1.0135081446166072,0,0.0,8.815928167089595,1.259418309584228
2026-06-11,SKU-1015,Pasta,372.0,0,2854.0,7,False,False,False,361.0,365.57142857142856,356.92857142857144,68.15120909849881,0.1909379482447435,1.0069735006973501,0,0.0,7.806955842125831,1.1152794060179758
2026-06-12,SKU-1015,Pasta,261.0,0,2593.0,7,False,False,False,354.57142857142856,361.57142857142856,356.82142857142856,68.30490116975157,0.1914260066813176,0.9783208513992904,0,0.0,7.171473725800079,1.0244962465428684
2026-06-13,SKU-1015,Pasta,298.0,0,2295.0,7,False,False,False,354.42857142857144,362.7142857142857,357.85714285714283,67.13376050052466,0.18759933073998908,0.9788913000591833,0,0.0,6.327294210319023,0.9038991729027176
2026-06-14,SKU-1015,Pasta,305.0,0,1990.0,7,False,False,False,358.0,363.85714285714283,358.5,66.5134350115602,0.18553259417450546,0.9909054962435746,0,0.0,5.4691794267766,0.7813113466823715
2026-06-15,SKU-1015,Pasta,326.0,0,1664.0,7,False,False,False,347.0,359.07142857142856,356.42857142857144,66.59297514471287,0.18683399840200002,0.9534838076545633,0,0.0,4.634175452556197,0.6620250646508853
2026-06-16,SKU-1015,Pasta,353.0,0,1311.0,7,False,False,False,338.85714285714283,354.64285714285717,353.42857142857144,64.69382509398415,0.18304639274773202,0.9296492259455221,0,0.0,3.6966767371601206,0.5280966767371601
2026-06-17,SKU-1015,Pasta,444.0,0,867.0,7,False,False,False,337.0,350.7142857142857,355.14285714285717,66.4751216542084,0.18717854045835025,0.9209447589303142,0,0.0,2.4720977596741345,0.35315682281059063
2026-06-18,SKU-1015,Pasta,388.0,0,479.0,7,False,False,False,339.2857142857143,350.14285714285717,354.32142857142856,65.89894259334244,0.18598633127845868,0.9280969128565846,0,0.0,1.3680130558955528,0.19543043655650755
2026-06-19,SKU-1015,Pasta,354.0,2972,3097.0,7,False,False,False,352.57142857142856,353.57142857142856,358.0,62.715701855749536,0.17518352473673054,0.9751086527064401,0,0.0,8.75919191919192,1.2513131313131314
2026-06-20,SKU-1015,Pasta,257.0,0,2840.0,7,False,False,False,346.7142857142857,350.57142857142856,356.32142857142856,64.80858057697394,0.18188235503210087,0.9558881449389524,0,0.0,8.101059494702527,1.1572942135289324
2026-06-21,SKU-1015,Pasta,308.0,0,2532.0,7,False,False,False,347.14285714285717,352.57142857142856,356.92857142857144,64.25120178811396,0.18001137182981697,0.9540636042402828,0,0.0,7.181523500810373,1.0259319286871962
2026-06-22,SKU-1015,Pasta,359.0,0,2173.0,7,False,False,False,351.85714285714283,349.42857142857144,356.67857142857144,64.22821208404633,0.1800730888508358,0.9799084941316889,0,0.0,6.218724448078495,0.8883892068683564
2026-06-23,SKU-1015,Pasta,136.0,0,2037.0,7,False,False,False,320.85714285714283,329.85714285714283,347.17857142857144,75.8898097738638,0.21859013205104272,0.9047331319234642,0,0.0,6.175400606323084,0.8822000866175834
2026-06-24,SKU-1015,Pasta,412.0,3157,4782.0,7,False,False,False,316.2857142857143,326.64285714285717,346.2857142857143,74.9349629829006,0.21639634524765025,0.9018329938900204,0,0.0,14.63984255412202,2.0914060791602886
2026-06-25,SKU-1015,Pasta,410.0,0,4372.0,7,False,False,False,319.42857142857144,329.35714285714283,347.4642857142857,75.69161710170359,0.2178399916587214,0.9122807017543859,0,0.0,13.274343960095425,1.8963348514422036
2026-06-26,SKU-1015,Pasta,319.0,0,4053.0,7,False,False,False,314.42857142857144,333.5,347.5357142857143,75.66274201415473,0.21771213404545603,0.8892929292929294,0,0.0,12.152923538230885,1.7361319340329835
2026-06-27,SKU-1015,Pasta,447.0,0,3606.0,7,False,False,False,341.57142857142856,344.14285714285717,353.42857142857144,76.78658668139835,0.2172619671664464,0.9743276283618582,0,0.0,10.478206724782067,1.4968866749688667
2026-06-28,SKU-1015,Pasta,396.0,0,3302.0,7,True,False,False,354.14285714285717,350.64285714285717,357.25,76.12106585345921,0.21307506187112446,1.004457050243112,0,0.0,9.416989203503768,1.3452841719291098
2026-06-29,SKU-1015,Pasta,345.0,0,2957.0,7,False,False,False,352.14285714285717,352.0,355.5357142857143,75.82605930576425,0.21327269317542932,1.0077677841373671,0,0.0,8.400568181818182,1.2000811688311688
2026-01-01,SKU-1016,Snacks,360.0,0,1377.0,14,False,False,False,,,,,,,0,,,
2026-01-02,SKU-1016,Snacks,326.0,3927,5059.0,14,True,False,False,,,,,,,0,,,
2026-01-03,SKU-1016,Snacks,292.0,0,4771.0,14,True,False,False,326.0,,,,,,0,,,
2026-01-04,SKU-1016,Snacks,258.0,0,4513.0,14,False,False,False,309.0,,,,,,0,,,
2026-01-05,SKU-1016,Snacks,330.0,0,4183.0,14,False,False,False,313.2,313.2,,,,,0,0.0,13.355683269476373,0.9539773763911695
2026-01-06,SKU-1016,Snacks,363.0,0,3820.0,14,False,False,False,321.5,321.5,,,,,0,0.0,11.881804043545879,0.8487002888247056
2026-01-07,SKU-1016,Snacks,374.0,4044,7490.0,14,False,False,False,329.0,329.0,329.0,41.956326499508194,0.12752682826598236,,0,0.0,22.76595744680851,1.6261398176291793
2026-01-08,SKU-1016,Snacks,392.0,0,7098.0,14,False,False,False,333.57142857142856,336.875,336.875,44.77702695419988,0.13291881841691988,,0,0.0,21.070129870129872,1.505009276437848
2026-01-09,SKU-1016,Snacks,254.0,0,6844.0,14,False,False,False,323.2857142857143,327.6666666666667,327.6666666666667,50.174694817208405,0.1531272476618771,,0,0.0,20.887080366225838,1.4919343118732742
2026-01-10,SKU-1016,Snacks,239.0,0,6605.0,14,False,False,False,315.7142857142857,318.8,318.8,54.99050423078111,0.17249217136380524,,0,0.0,20.71831869510665,1.4798799067933321
2026-01-11,SKU-1016,Snacks,197.0,0,6408.0,14,False,False,False,307.0,307.72727272727275,307.72727272727275,63.79826158931121,0.20732079098446773,,0,0.0,20.823633677991136,1.4874024055707955
2026-01-12,SKU-1016,Snacks,311.0,0,6097.0,14,False,False,False,304.2857142857143,308.0,308.0,60.83659185959475,0.1975214021415414,0.9715380405035577,0,0.0,19.795454545454547,1.413961038961039
2026-01-13,SKU-1016,Snacks,227.0,0,5870.0,14,False,False,False,284.85714285714283,301.7692307692308,301.7692307692308,62.428831274972424,0.20687606591247554,0.8860253277049543,0,0.0,19.451950038236042,1.3894250027311459
2026-01-14,SKU-1016,Snacks,322.0,0,5548.0,14,False,False,False,277.42857142857144,303.2142857142857,303.2142857142857,60.22289185431653,0.19861495546771057,0.8432479374728615,0,0.0,18.297290930506477,1.306949352179034
2026-01-15,SKU-1016,Snacks,339.0,0,5209.0,14,False,False,False,269.85714285714283,301.7142857142857,305.6,58.76320520286726,0.19228797514027243,0.8010601643254703,0,0.0,17.26467803030303,1.2331912878787878
2026-01-16,SKU-1016,Snacks,282.0,0,4959.0,14,True,False,False,273.85714285714283,298.57142857142856,304.125,57.0764107724607,0.18767418256460566,0.8357796831855834,0,0.0,16.60909090909091,1.1863636363636363
2026-01-17,SKU-1016,Snacks,224.0,0,4735.0,14,False,False,False,271.7142857142857,293.7142857142857,299.4117647058824,58.581203068400505,0.19565431280212348,0.8523032801577344,0,0.0,16.121108949416342,1.1515077821011672
2026-01-18,SKU-1016,Snacks,222.0,0,4513.0,14,False,False,False,275.2857142857143,291.14285714285717,295.1111111111111,59.68928260178992,0.20226037026208935,0.8945769149609621,0,0.0,15.50098135426889,1.1072129538763493
2026-01-19,SKU-1016,Snacks,255.0,0,4258.0,14,False,False,False,267.2857142857143,285.7857142857143,293.0,58.73291713813946,0.200453642109691,0.8678107606679035,0,0.0,14.899275181204699,1.0642339415146214
2026-01-20,SKU-1016,Snacks,365.0,0,3893.0,14,False,False,False,287.0,285.92857142857144,296.6,59.3902348875638,0.20023680002550168,0.9510578638796839,0,0.0,13.615288533599799,0.9725206095428428
2026-01-21,SKU-1016,Snacks,427.0,0,3466.0,14,False,False,False,302.0,289.7142857142857,302.8095238095238,64.50241782105462,0.2130131741220549,0.9959952885747938,0,0.0,11.963510848126232,0.8545364891518737
2026-01-22,SKU-1016,Snacks,245.0,0,3221.0,14,False,False,False,288.57142857142856,279.2142857142857,300.1818181818182,64.14317048873029,0.21368106462024022,0.9564393939393938,0,0.0,11.535942696341776,0.8239959068815554
2026-01-23,SKU-1016,Snacks,323.0,0,2898.0,14,False,False,False,294.42857142857144,284.14285714285717,301.17391304347825,62.84877388976367,0.2086793416290695,0.9861244019138757,0,0.0,10.199095022624434,0.7285067873303167
2026-01-24,SKU-1016,Snacks,230.0,0,2668.0,14,False,False,False,295.2857142857143,283.5,298.2083333333333,63.1609257075281,0.21180134371673529,1.0053501945525292,0,0.0,9.410934744268078,0.672209624590577
2026-01-25,SKU-1016,Snacks,155.0,0,2513.0,14,False,False,False,285.7142857142857,280.5,292.48,68.14269342098731,0.23298240365490738,0.9813542688910696,0,0.0,8.959001782531194,0.6399286987522281
2026-01-26,SKU-1016,Snacks,237.0,0,2276.0,14,False,False,False,283.14285714285717,275.2142857142857,290.34615384615387,67.64669529707557,0.23298636610464493,0.9907523119220196,0,0.0,8.26991954321308,0.5907085388009342
2026-01-27,SKU-1016,Snacks,345.0,0,1931.0,14,False,False,False,280.2857142857143,283.64285714285717,292.3703703703704,67.1617726366994,0.22971470245640785,0.9802648013989507,0,0.0,6.807856962981616,0.48627549735582976
2026-01-28,SKU-1016,Snacks,322.0,0,1609.0,14,False,False,False,265.2857142857143,283.64285714285717,293.42857142857144,66.14374278036215,0.22541684491846883,0.915680473372781,0,0.0,5.672626542432636,0.4051876101737597
2026-01-29,SKU-1016,Snacks,272.0,5319,6656.0,14,False,False,False,269.14285714285717,278.85714285714283,290.2857142857143,64.94319862479095,0.22372164880587436,0.9639293937068304,0,0.0,23.868852459016395,1.7049180327868854
2026-01-30,SKU-1016,Snacks,211.0,0,6445.0,14,False,False,False,253.14285714285714,273.7857142857143,286.17857142857144,66.22467570292568,0.23141032318506413,0.8908999497234791,0,0.0,23.54030785285677,1.6814505609183408
2026-01-31,SKU-1016,Snacks,212.0,0,6233.0,14,False,False,False,250.57142857142858,272.92857142857144,283.32142857142856,67.67408474469197,0.23885974698744172,0.8838498362307886,0,0.0,22.83747710023554,1.6312483643025384
2026-02-01,SKU-1016,Snacks,121.0,0,6112.0,14,False,False,False,245.71428571428572,265.7142857142857,278.42857142857144,74.20962729369275,0.26653021603686466,0.8759867583396995,0,0.0,23.002150537634407,1.6430107526881719
2026-02-02,SKU-1016,Snacks,340.0,0,5772.0,14,False,False,False,260.42857142857144,271.7857142857143,278.7857142857143,74.49054483517537,0.26719642011080075,0.9462756293797041,0,0.0,21.23731931668857,1.5169513797634693
2026-02-03,SKU-1016,Snacks,199.0,0,5573.0,14,False,False,False,239.57142857142858,259.92857142857144,272.92857142857144,74.0700012107809,0.2713896929994589,0.8446235205237975,0,0.0,21.44050563341577,1.5314646881011265
2026-02-04,SKU-1016,Snacks,455.0,0,5118.0,14,False,False,False,258.57142857142856,261.92857142857144,275.82142857142856,79.54316488149742,0.2883864582004309,0.9116091664568118,0,0.0,19.53967821107172,1.3956913007908371
2026-02-05,SKU-1016,Snacks,236.0,0,4882.0,14,False,False,False,253.42857142857142,261.2857142857143,270.25,76.50980329343427,0.28310750524860046,0.9088114754098361,0,0.0,18.684527063969384,1.334609075997813
2026-02-06,SKU-1016,Snacks,128.0,0,4754.0,14,False,False,False,241.57142857142858,247.35714285714286,265.75,81.07044262039447,0.3050628132470159,0.8823375945734412,0,0.0,19.21917412647993,1.3727981518914236
2026-02-07,SKU-1016,Snacks,184.0,0,4570.0,14,False,False,False,237.57142857142858,244.07142857142858,263.7857142857143,82.3980209861491,0.3123672607110987,0.8704527610573148,0,0.0,18.724026924202516,1.337430494585894
2026-02-08,SKU-1016,Snacks,239.0,0,4331.0,14,False,False,False,254.42857142857142,250.07142857142858,265.2857142857143,81.51475991902382,0.3072715775084366,0.95752688172043,0,0.0,17.319051699514425,1.2370751213938875
2026-02-09,SKU-1016,Snacks,232.0,0,4099.0,14,False,False,False,239.0,249.71428571428572,262.4642857142857,81.24060385229618,0.30953012761794707,0.8793692509855454,0,0.0,16.414759725400458,1.172482837528604
2026-02-10,SKU-1016,Snacks,309.0,0,3790.0,14,False,False,False,254.71428571428572,247.14285714285714,265.39285714285717,81.39266473716093,0.30668747310463,0.9799395438307227,0,0.0,15.335260115606937,1.0953757225433527
2026-02-11,SKU-1016,Snacks,412.0,0,3378.0,14,False,False,False,248.57142857142858,253.57142857142858,268.60714285714283,85.38988546474661,0.3178987891255026,0.9490046359421871,0,0.0,13.32169014084507,0.9515492957746478
2026-02-12,SKU-1016,Snacks,342.0,0,3036.0,14,False,False,False,263.7142857142857,258.57142857142856,268.7142857142857,85.48331314003237,0.3181197192877334,1.009294696555495,0,0.0,11.741436464088398,0.8386740331491713
2026-02-13,SKU-1016,Snacks,238.0,4331,7129.0,14,False,False,False,279.42857142857144,260.5,267.14285714285717,85.63432778528772,0.32055630721765455,1.1296563673115796,0,0.0,27.366602687140116,1.9547573347957226
2026-02-14,SKU-1016,Snacks,232.0,0,6897.0,14,False,False,False,286.2857142857143,261.92857142857144,267.42857142857144,85.4982904621939,0.3197051459590584,1.172958735733099,0,0.0,26.331606217616578,1.8808290155440412
2026-02-15,SKU-1016,Snacks,233.0,0,6664.0,14,False,False,False,285.42857142857144,269.92857142857144,267.82142857142856,85.30687678911491,0.3185214762095236,1.141388174807198,0,0.0,24.688012701772955,1.7634294786980682
2026-02-16,SKU-1016,Snacks,196.0,0,6468.0,14,False,False,False,280.2857142857143,259.64285714285717,265.7142857142857,86.35750718738385,0.3250013711353155,1.1224256292906178,0,0.0,24.911141678129297,1.7793672627235213
2026-02-17,SKU-1016,Snacks,217.0,0,6251.0,14,False,False,False,267.14285714285717,260.92857142857144,260.42857142857144,84.56618209094674,0.3247192949186106,1.0809248554913296,0,0.0,23.956747878456063,1.711196277032576
2026-02-18,SKU-1016,Snacks,329.0,0,5922.0,14,False,False,False,255.28571428571428,251.92857142857142,256.92857142857144,79.27959364334544,0.30856666972667113,1.0067605633802816,0,0.0,23.506662886305644,1.6790473490218318
2026-02-19,SKU-1016,Snacks,317.0,0,5605.0,14,False,True,False,251.71428571428572,257.7142857142857,259.5,80.04234990164761,0.30844836185606017,0.9734806629834255,0,0.0,21.74889135254989,1.5534922394678492
2026-02-20,SKU-1016,Snacks,209.0,0,5396.0,14,False,False,False,247.57142857142858,263.5,255.42857142857142,79.59081864573591,0.31159716472044263,0.9503701672607623,0,0.0,20.47817836812144,1.4627270262943886
2026-02-21,SKU-1016,Snacks,287.0,0,5109.0,14,False,False,False,255.42857142857142,270.85714285714283,257.4642857142857,79.64527008943503,0.30934492474742414,0.9751840741750749,0,0.0,18.8623417721519,1.3473101265822787
2026-02-22,SKU-1016,Snacks,133.0,0,4976.0,14,False,False,False,241.14285714285714,263.2857142857143,256.67857142857144,80.79377202410843,0.3147663304125555,0.8933580312251918,0,0.0,18.899620184481822,1.3499728703201301
2026-02-23,SKU-1016,Snacks,327.0,0,4649.0,14,False,False,False,259.85714285714283,270.07142857142856,259.89285714285717,81.7663062390545,0.31461544244792167,1.0008253094910589,0,0.0,17.213964559640306,1.2295688971171648
2026-02-24,SKU-1016,Snacks,330.0,0,4319.0,14,False,False,False,276.0,271.57142857142856,259.35714285714283,81.23546675068141,0.3132185443430294,1.0577607445934847,0,0.0,15.903734876380852,1.1359810625986324
2026-02-25,SKU-1016,Snacks,235.0,0,4084.0,14,False,False,False,262.57142857142856,258.92857142857144,256.25,80.41034805343205,0.3137964802085153,1.0422455344485397,0,0.0,15.772689655172412,1.1266206896551723
2026-02-26,SKU-1016,Snacks,229.0,4541,8396.0,14,False,False,False,250.0,250.85714285714286,254.71428571428572,80.50896298980089,0.31607556978609436,0.9700665188470067,0,0.0,33.46924829157175,2.390660592255125
2026-02-27,SKU-1016,Snacks,285.0,0,8111.0,14,False,False,False,260.85714285714283,254.21428571428572,257.35714285714283,80.23493941323513,0.3117649602512606,0.9899701816210354,0,0.0,31.906153413880304,2.2790109581343074
2026-02-28,SKU-1016,Snacks,204.0,0,7907.0,14,False,False,False,249.0,252.21428571428572,257.07142857142856,80.41647545005645,0.31281763164789955,0.9193037974683546,0,0.0,31.350325686774283,2.2393089776267345
2026-03-01,SKU-1016,Snacks,211.0,0,7696.0,14,False,False,False,260.14285714285717,250.64285714285714,260.2857142857143,76.4784438972995,0.29382497655384,0.988062940857298,0,0.0,30.70504417212881,2.1932174408663436
2026-03-02,SKU-1016,Snacks,257.0,0,7444.0,14,True,False,False,250.14285714285714,255.0,257.32142857142856,74.86583237460773,0.2909428600262341,0.926209997355197,0,0.0,29.192156862745097,2.08515406162465
2026-03-03,SKU-1016,Snacks,303.0,0,7141.0,14,False,False,False,246.28571428571428,261.14285714285717,261.0357142857143,74.44385512678377,0.28518647469557334,0.9068911099421357,0,0.0,27.34518599562363,1.9532275711159737
2026-03-04,SKU-1016,Snacks,427.0,0,6714.0,14,False,False,False,273.7142857142857,268.14285714285717,260.0357142857143,71.88596017193674,0.2764464887809681,1.0571034482758621,0,0.0,25.038891848694725,1.788492274906766
2026-03-05,SKU-1016,Snacks,328.0,0,6386.0,14,False,False,False,287.85714285714283,268.92857142857144,263.32142857142856,72.84283109769999,0.2766308518561779,1.14749430523918,0,0.0,23.746082337317397,1.696148738379814
2026-03-06,SKU-1016,Snacks,289.0,0,6097.0,14,False,False,False,288.42857142857144,274.64285714285717,269.07142857142856,67.95582910240086,0.25255683765160925,1.134588367518966,0,0.0,22.19973992197659,1.5856957087126136
2026-03-07,SKU-1016,Snacks,266.0,0,5831.0,14,False,False,False,297.2857142857143,273.14285714285717,272.0,65.88935731517958,0.24224028424698374,1.178702917020674,0,0.0,21.347803347280333,1.5248430962343096
2026-03-08,SKU-1016,Snacks,239.0,0,5592.0,14,False,False,False,301.2857142857143,280.7142857142857,272.0,65.88935731517958,0.24224028424698374,1.202051866628669,0,0.0,19.9206106870229,1.4229007633587787
2026-03-09,SKU-1016,Snacks,220.0,0,5372.0,14,False,False,False,296.0,273.07142857142856,271.57142857142856,66.19747593455375,0.243757144419714,1.1607843137254903,0,0.0,19.672508501177088,1.4051791786555063
2026-03-10,SKU-1016,Snacks,393.0,0,4979.0,14,False,False,False,308.85714285714283,277.57142857142856,274.57142857142856,69.76384958554617,0.2540826988027176,1.1827133479212253,0,0.0,17.937725167267114,1.2812660833762224
2026-03-11,SKU-1016,Snacks,196.0,0,4783.0,14,False,False,False,275.85714285714283,274.7857142857143,266.85714285714283,65.83633708236876,0.24671004259988294,1.0287693127330846,0,0.0,17.406290616064467,1.2433064725760334
2026-03-12,SKU-1016,Snacks,210.0,0,4573.0,14,False,False,False,259.0,273.42857142857144,262.14285714285717,64.97675612077632,0.24786773452067257,0.9630810092961487,0,0.0,16.72466039707419,1.1946185997910135
2026-03-13,SKU-1016,Snacks,207.0,0,4366.0,14,False,False,False,247.28571428571428,267.85714285714283,261.0357142857143,65.66383645500333,0.2515511589465171,0.9003901170351104,0,0.0,16.299733333333336,1.1642666666666668
2026-03-14,SKU-1016,Snacks,175.0,0,4191.0,14,False,False,False,234.28571428571428,265.7857142857143,259.0,67.45643312813372,0.26044954875727305,0.8577405857740584,0,0.0,15.768341843590433,1.1263101316850308
2026-03-15,SKU-1016,Snacks,132.0,0,4059.0,14,False,False,False,219.0,260.14285714285717,255.39285714285714,71.47874031808567,0.27987760158109337,0.7801526717557251,0,0.0,15.602965403624381,1.114497528830313
2026-03-16,SKU-1016,Snacks,260.0,0,3799.0,14,False,False,False,224.71428571428572,260.35714285714283,257.67857142857144,70.52609371133427,0.2736979381728842,0.8229139419304212,0,0.0,14.591495198902608,1.042249657064472
2026-03-17,SKU-1016,Snacks,300.0,0,3499.0,14,False,False,False,211.42857142857142,260.14285714285717,260.64285714285717,70.4972887767163,0.27047466233873063,0.7617086978898611,0,0.0,13.45030203185063,0.9607358594179021
2026-03-18,SKU-1016,Snacks,334.0,4586,7751.0,14,False,False,False,231.14285714285714,253.5,260.82142857142856,70.68294024959664,0.27100127714483174,0.8411749415128672,0,0.0,30.57593688362919,2.1839954916877993
2026-03-19,SKU-1016,Snacks,350.0,0,7401.0,14,False,False,False,251.14285714285714,255.07142857142858,262.0,71.9186783547661,0.2744987723464355,0.9184952978056425,0,0.0,29.015401848221785,2.072528703444413
2026-03-20,SKU-1016,Snacks,134.0,0,7267.0,14,False,False,False,240.71428571428572,244.0,259.32142857142856,75.28368746204988,0.2903103221233159,0.8986666666666667,0,0.0,29.7827868852459,2.127341920374707
2026-03-21,SKU-1016,Snacks,180.0,0,7087.0,14,False,False,False,241.42857142857142,237.85714285714286,255.5,76.5320073443011,0.2995381892144857,0.9083579682880946,0,0.0,29.795195195195195,2.1282282282282283
2026-03-22,SKU-1016,Snacks,229.0,0,6858.0,14,False,False,False,255.28571428571428,237.14285714285714,258.92857142857144,72.90528029011274,0.28156522043078025,0.9813289401427786,0,0.0,28.919277108433736,2.06566265060241
2026-03-23,SKU-1016,Snacks,210.0,0,6648.0,14,False,False,False,248.14285714285714,236.42857142857142,254.75,72.20886628642207,0.28344991672785896,0.9530864197530865,0,0.0,28.11842900302115,2.0084592145015105
2026-03-24,SKU-1016,Snacks,404.0,0,6244.0,14,False,False,False,263.0,237.21428571428572,257.39285714285717,76.303166909528,0.2964463262753967,1.0109829763866007,0,0.0,26.322192110809997,1.8801565793435713
2026-03-25,SKU-1016,Snacks,330.0,0,5914.0,14,False,False,False,262.42857142857144,246.78571428571428,260.7857142857143,77.37515973434465,0.2967001468860107,1.035221189067343,0,0.0,23.96410998552822,1.7117221418234443
2026-03-26,SKU-1016,Snacks,266.0,0,5648.0,14,False,False,False,250.42857142857142,250.78571428571428,262.10714285714283,77.12776282858076,0.29426043864290247,0.9817978157378885,0,0.0,22.521219025918544,1.6086585018513246
2026-03-27,SKU-1016,Snacks,209.0,0,5439.0,14,False,False,False,261.14285714285717,250.92857142857142,259.39285714285717,77.62795376891764,0.2992678928169756,1.0702576112412179,0,0.0,21.67549103330487,1.5482493595217763
2026-03-28,SKU-1016,Snacks,143.0,0,5296.0,14,False,False,False,255.85714285714286,248.64285714285714,257.2142857142857,80.0580146786424,0.3112502653432362,1.0756756756756756,0,0.0,21.299626544096526,1.5214018960068947
2026-03-29,SKU-1016,Snacks,296.0,0,5000.0,14,False,False,False,265.42857142857144,260.35714285714283,260.25,79.85200431168023,0.3068280665194245,1.119277108433735,0,0.0,19.204389574759947,1.3717421124828533
2026-03-30,SKU-1016,Snacks,239.0,0,4761.0,14,False,False,False,269.57142857142856,258.85714285714283,259.60714285714283,79.95153128300521,0.3079712306953014,1.1401812688821753,0,0.0,18.392384105960268,1.3137417218543048
2026-03-31,SKU-1016,Snacks,303.0,0,4458.0,14,False,False,False,255.14285714285714,259.07142857142856,259.60714285714283,79.95153128300521,0.3079712306953014,1.0755796446853356,0,0.0,17.20760959470637,1.229114971050455
2026-04-01,SKU-1016,Snacks,270.0,0,4188.0,14,False,False,False,246.57142857142858,254.5,254.0,72.97843415593309,0.2873166699052484,0.9991316931982634,0,0.0,16.455795677799607,1.1754139769856862
2026-04-02,SKU-1016,Snacks,222.0,4102,8068.0,14,False,False,False,240.28571428571428,245.35714285714286,250.21428571428572,71.73632642602033,0.2866995632213202,0.958131586442609,0,0.0,32.88267831149927,2.348762736535662
2026-04-03,SKU-1016,Snacks,210.0,0,7858.0,14,False,False,False,240.42857142857142,250.78571428571428,247.39285714285714,71.70791540879672,0.28985442925455585,0.9581554227156277,0,0.0,31.3335232127599,2.2381088009114216
2026-04-04,SKU-1016,Snacks,203.0,0,7655.0,14,False,False,False,249.0,252.42857142857142,245.14285714285714,72.08981758155457,0.29407268244223894,1.0014363688595231,0,0.0,30.325410299943407,2.1661007357102435
2026-04-05,SKU-1016,Snacks,123.0,0,7532.0,14,False,False,False,224.28571428571428,244.85714285714286,241.0,75.6987205723869,0.3141025749891573,0.8614540466392319,0,0.0,30.760793465577596,2.1971995332555427
2026-04-06,SKU-1016,Snacks,97.0,0,7435.0,14,False,False,False,204.0,236.78571428571428,236.60714285714286,80.38626162598356,0.3397457095135909,0.7880794701986755,0,0.0,31.399698340874814,2.2428355957767723
2026-04-07,SKU-1016,Snacks,312.0,0,7123.0,14,False,False,False,205.28571428571428,230.21428571428572,233.71428571428572,75.88092872333182,0.32467390040545396,0.7923904052936311,0,0.0,30.940738442444925,2.210052745888923
2026-04-08,SKU-1016,Snacks,240.0,0,6883.0,14,False,False,False,201.0,223.78571428571428,235.28571428571428,75.52574108300816,0.32099586374077543,0.7897838899803536,0,0.0,30.757101819342484,2.196935844238749
2026-04-09,SKU-1016,Snacks,294.0,0,6589.0,14,False,False,False,211.28571428571428,225.78571428571428,238.28571428571428,76.14988005771414,0.3195738371726613,0.8611353711790393,0,0.0,29.18253717178108,2.084466940841506
2026-04-10,SKU-1016,Snacks,182.0,0,6407.0,14,False,False,False,207.28571428571428,223.85714285714286,237.39285714285714,76.67504267564634,0.3229879938194821,0.8265451438336656,0,0.0,28.62093171665603,2.044352265475431
2026-04-11,SKU-1016,Snacks,211.0,0,6196.0,14,False,False,False,208.42857142857142,228.71428571428572,238.67857142857142,75.88785760065275,0.3179500243630521,0.8256932654216186,0,0.0,27.090568394753276,1.935040599625234
2026-04-12,SKU-1016,Snacks,262.0,0,5934.0,14,False,False,False,228.28571428571428,226.28571428571428,243.32142857142858,73.04288622113205,0.3001909311891527,0.9323220536756126,0,0.0,26.223484848484848,1.8731060606060606
2026-04-13,SKU-1016,Snacks,163.0,0,5771.0,14,False,False,False,237.71428571428572,220.85714285714286,239.85714285714286,74.50812249319087,0.3106354124194974,1.003921568627451,0,0.0,26.13001293661061,1.8664294954721863
2026-04-14,SKU-1016,Snacks,314.0,0,5457.0,14,False,False,False,238.0,221.64285714285714,240.35714285714286,74.97219943306122,0.3119199976412651,1.0338194228979212,0,0.0,24.620689655172413,1.7586206896551724
2026-04-15,SKU-1016,Snacks,246.0,0,5211.0,14,False,False,False,238.85714285714286,219.92857142857142,237.21428571428572,72.71168694226147,0.3065232210754774,1.067347590169167,0,0.0,23.694056511854498,1.692432607989607
2026-04-16,SKU-1016,Snacks,297.0,0,4914.0,14,False,False,False,239.28571428571428,225.28571428571428,235.32142857142858,70.31729863108015,0.29881383543333495,1.0597912053147738,0,0.0,21.812301838934687,1.5580215599239062
2026-04-17,SKU-1016,Snacks,138.0,0,4776.0,14,False,False,False,233.0,220.14285714285714,235.46428571428572,70.10757984214526,0.2977418831457708,1.0408423739629866,0,0.0,21.695003244646333,1.5496430889033095
2026-04-18,SKU-1016,Snacks,122.0,0,4654.0,14,False,False,False,220.28571428571428,214.35714285714286,233.39285714285714,72.61891360903601,0.31114454185967994,0.9631480324797002,0,0.0,21.711429523492168,1.5508163945351547
2026-04-19,SKU-1016,Snacks,187.0,0,4467.0,14,False,False,False,209.57142857142858,218.92857142857142,231.89285714285714,73.1448787026358,0.31542532014073654,0.9261363636363638,0,0.0,20.403915171288745,1.4574225122349103
2026-04-20,SKU-1016,Snacks,224.0,0,4068.0,14,True,False,False,218.28571428571428,228.0,232.39285714285714,73.03745324639681,0.31428441538329654,0.9883570504527813,0,0.0,17.842105263157894,1.2744360902255638
2026-04-21,SKU-1016,Snacks,261.0,0,3807.0,14,False,False,False,210.71428571428572,224.35714285714286,227.28571428571428,65.16921401264925,0.2867281571895316,0.9506928778601355,0,0.0,16.968481375358166,1.2120343839541547
2026-04-22,SKU-1016,Snacks,314.0,0,3493.0,14,False,False,False,220.42857142857142,229.64285714285714,226.71428571428572,64.29956347001034,0.28361496174547723,1.0022734654108476,0,0.0,15.210575427682738,1.0864696734059098
2026-04-23,SKU-1016,Snacks,225.0,0,3268.0,14,False,False,False,210.14285714285714,224.71428571428572,225.25,63.83695957208045,0.2834049259581818,0.9327837666455295,0,0.0,14.542911633820724,1.038779402415766
2026-04-24,SKU-1016,Snacks,283.0,0,2985.0,14,False,False,False,230.85714285714286,231.92857142857142,227.89285714285714,64.66571550601437,0.28375490270622195,1.0486696950032446,0,0.0,12.870341854019095,0.9193101324299354
2026-04-25,SKU-1016,Snacks,175.0,0,2810.0,14,False,False,False,238.42857142857142,229.35714285714286,229.03571428571428,63.37979707484635,0.27672451553028193,1.1122959013662113,0,0.0,12.251635004671442,0.8751167860479602
2026-04-26,SKU-1016,Snacks,260.0,4431,6981.0,14,False,False,False,248.85714285714286,229.21428571428572,227.75,62.32746555863625,0.2736661495439572,1.136704730831974,0,0.0,30.45621688999688,2.175444063571206
2026-04-27,SKU-1016,Snacks,273.0,0,6708.0,14,False,False,False,255.85714285714286,237.07142857142858,228.96428571428572,62.88347963163326,0.2746431804220451,1.1221804511278195,0,0.0,28.295269659536004,2.0210906899668575
2026-04-28,SKU-1016,Snacks,374.0,0,6334.0,14,False,False,False,272.0,241.35714285714286,231.5,67.25875958372087,0.29053459863378345,1.2123527539000318,0,0.0,26.243267238828054,1.874519088487718
2026-04-29,SKU-1016,Snacks,285.0,0,6049.0,14,False,False,False,267.85714285714283,244.14285714285714,232.03571428571428,67.63545100614215,0.29148724460088965,1.166407465007776,0,0.0,24.77647747220597,1.769748390871855
2026-04-30,SKU-1016,Snacks,262.0,0,5787.0,14,False,False,False,273.14285714285717,241.64285714285714,233.46428571428572,67.83775969334233,0.2905701807271815,1.2155117609663064,0,0.0,23.948566361217853,1.7106118829441324
2026-05-01,SKU-1016,Snacks,258.0,0,5529.0,14,False,False,False,269.57142857142856,250.21428571428572,235.17857142857142,67.82933571154007,0.2884163097833139,1.162303664921466,0,0.0,22.097059663145874,1.5783614045104195
2026-05-02,SKU-1016,Snacks,154.0,0,5375.0,14,False,False,False,266.57142857142856,252.5,233.42857142857142,69.3063134163483,0.2969058714286647,1.1622547492992836,0,0.0,21.287128712871286,1.5205091937765205
2026-05-03,SKU-1016,Snacks,243.0,0,5132.0,14,False,False,False,264.14285714285717,256.5,237.71428571428572,65.8487926393758,0.27700814211275876,1.152383920224369,0,0.0,20.007797270955166,1.4291283764967975
2026-05-04,SKU-1016,Snacks,233.0,0,4899.0,14,False,False,False,258.42857142857144,257.14285714285717,242.57142857142858,59.8253189132227,0.2466297010556884,1.090087375715577,0,0.0,19.051666666666666,1.3608333333333333
2026-05-05,SKU-1016,Snacks,294.0,0,4605.0,14,False,False,False,247.0,259.5,241.92857142857142,59.1444738168225,0.24447080998981843,1.023379698135543,0,0.0,17.745664739884393,1.2675474814203138
2026-05-06,SKU-1016,Snacks,469.0,0,4136.0,14,False,False,False,273.2857142857143,270.57142857142856,250.10714285714286,73.06331059086612,0.2921280446300516,1.1193680514921007,0,0.0,15.286166842661036,1.091869060190074
2026-05-07,SKU-1016,Snacks,252.0,0,3884.0,14,False,False,False,271.85714285714283,272.5,248.60714285714286,72.55819594602538,0.2918588545451387,1.125036949453148,0,0.0,14.253211009174311,1.018086500655308
2026-05-08,SKU-1016,Snacks,173.0,0,3711.0,14,False,False,False,259.7142857142857,264.64285714285717,248.28571428571428,72.8833960377083,0.29354647426004493,1.0379674564658863,0,0.0,14.022672064777327,1.0016194331983805
2026-05-09,SKU-1016,Snacks,240.0,0,3471.0,14,False,False,False,272.0,269.2857142857143,249.32142857142858,72.53916110750048,0.2909463559676283,1.0772277227722773,0,0.0,12.889655172413793,0.9206896551724137
2026-05-10,SKU-1016,Snacks,399.0,0,3072.0,14,False,False,False,294.2857142857143,279.2142857142857,254.21428571428572,77.85188079883078,0.30624510569925,1.1473127262600946,0,0.0,11.002302379125096,0.7858787413660783
2026-05-11,SKU-1016,Snacks,237.0,0,2835.0,14,False,False,False,294.85714285714283,276.64285714285717,256.85714285714283,75.87158463151647,0.29538436730846235,1.1466666666666665,0,0.0,10.247869868319132,0.731990704879938
2026-05-12,SKU-1016,Snacks,305.0,0,2530.0,14,False,False,False,296.42857142857144,271.7142857142857,256.5357142857143,75.63924228563495,0.2948487796182345,1.1423066336361134,0,0.0,9.311251314405888,0.6650893796004206
2026-05-13,SKU-1016,Snacks,317.0,0,2213.0,14,False,False,False,274.7142857142857,274.0,259.07142857142856,76.458620409478,0.29512563709200224,1.0153115100316792,0,0.0,8.076642335766424,0.576903023983316
2026-05-14,SKU-1016,Snacks,153.0,0,2060.0,14,False,False,False,260.57142857142856,266.2142857142857,253.92857142857142,78.62519084187109,0.3096350694194642,0.9562254259501966,0,0.0,7.738127180037563,0.5527233700026831
2026-05-15,SKU-1016,Snacks,235.0,0,1825.0,14,False,False,False,269.42857142857144,264.57142857142856,257.39285714285717,75.39886003938062,0.29293299307654463,1.0180836707152496,0,0.0,6.897948164146869,0.49271058315334776
2026-05-16,SKU-1016,Snacks,138.0,0,1687.0,14,False,False,False,254.85714285714286,263.42857142857144,257.9642857142857,74.38861031041887,0.28836786497185773,0.9464190981432361,0,0.0,6.404013015184382,0.4574295010845987
2026-05-17,SKU-1016,Snacks,187.0,0,1500.0,14,False,False,False,224.57142857142858,259.42857142857144,257.9642857142857,74.38861031041887,0.28836786497185773,0.8042977743668458,0,0.0,5.781938325991189,0.4129955947136564
2026-05-18,SKU-1016,Snacks,231.0,0,1269.0,14,False,False,False,223.71428571428572,259.2857142857143,258.2142857142857,74.28192399772804,0.2876755009593894,0.8086754453911696,0,0.0,4.894214876033058,0.3495867768595042
2026-05-19,SKU-1016,Snacks,308.0,0,961.0,14,False,False,False,224.14285714285714,260.2857142857143,259.89285714285717,74.87586729144121,0.28810282866021075,0.8249211356466877,0,0.0,3.6920965971459934,0.2637211855104281
2026-05-20,SKU-1016,Snacks,265.0,4768,5464.0,14,False,False,False,216.71428571428572,245.71428571428572,258.14285714285717,74.13337044649074,0.2871796309493277,0.7909280500521376,0,0.0,22.23720930232558,1.5883720930232559
2026-05-21,SKU-1016,Snacks,205.0,0,5259.0,14,False,False,False,224.14285714285714,242.35714285714286,257.42857142857144,74.55965971718803,0.28963241843524756,0.8419640461497182,0,0.0,21.699381078691424,1.5499557913351016
2026-05-22,SKU-1016,Snacks,268.0,0,4991.0,14,False,False,False,228.85714285714286,249.14285714285714,256.89285714285717,74.4228854117864,0.28970398881273723,0.8650107991360692,0,0.0,20.032683486238533,1.4309059633027523
2026-05-23,SKU-1016,Snacks,134.0,0,4857.0,14,False,False,False,228.28571428571428,241.57142857142858,255.42857142857142,76.46903443560173,0.29937541445705373,0.8665943600867678,0,0.0,20.105854523950324,1.4361324659964516
2026-05-24,SKU-1016,Snacks,207.0,0,4650.0,14,False,False,False,231.14285714285714,227.85714285714286,253.53571428571428,77.00576320079934,0.30372747846490794,0.8909691629955946,0,0.0,20.407523510971785,1.457680250783699
2026-05-25,SKU-1016,Snacks,274.0,0,4376.0,14,False,False,False,237.28571428571428,230.5,253.57142857142858,77.01535612697701,0.3037225312049798,0.9151515151515152,0,0.0,18.98481561822126,1.3560582584443757
2026-05-26,SKU-1016,Snacks,276.0,0,4100.0,14,False,False,False,232.71428571428572,228.42857142857142,250.07142857142858,73.48566429680605,0.29385869755935007,0.8940724478594951,0,0.0,17.94871794871795,1.2820512820512822
2026-05-27,SKU-1016,Snacks,245.0,0,3855.0,14,False,False,False,229.85714285714286,223.28571428571428,248.64285714285714,73.16962245900733,0.2942759880569097,0.9354651162790698,0,0.0,17.264875239923224,1.2332053742802302
2026-05-28,SKU-1016,Snacks,262.0,0,3593.0,14,False,False,False,238.0,231.07142857142858,248.64285714285714,73.16962245900733,0.2942759880569097,0.9820218096080164,0,0.0,15.549304482225656,1.1106646058732612
2026-05-29,SKU-1016,Snacks,239.0,4274,7628.0,14,False,False,False,233.85714285714286,231.35714285714286,247.96428571428572,73.16773329663299,0.2950736759766273,0.9386467889908258,0,0.0,32.97066995986415,2.355047854276011
2026-05-30,SKU-1016,Snacks,99.0,0,7529.0,14,False,False,False,228.85714285714286,228.57142857142858,246.0,76.44848180552961,0.3107661862013399,0.9473684210526315,0,0.0,32.939375,2.3528124999999998
2026-05-31,SKU-1016,Snacks,240.0,0,7289.0,14,False,False,False,233.57142857142858,232.35714285714286,245.89285714285714,76.45494402331668,0.31092787692852103,1.0250783699059562,0,0.0,31.369812480786965,2.2407008914847832
2026-06-01,SKU-1016,Snacks,250.0,0,7039.0,14,False,False,False,230.14285714285714,233.71428571428572,246.5,76.41625772336974,0.31000510232604356,0.9984505732878834,0,0.0,30.1179706601467,2.1512836185819073
2026-06-02,SKU-1016,Snacks,303.0,0,6736.0,14,False,False,False,234.0,233.35714285714286,246.82142857142858,76.64205091367263,0.3105161952803984,1.024390243902439,0,0.0,28.865625956535048,2.061830425466789
2026-06-03,SKU-1016,Snacks,408.0,0,6328.0,14,False,False,False,257.2857142857143,243.57142857142858,244.64285714285714,70.73173853355267,0.28912243488167516,1.1522712731925784,0,0.0,25.980058651026393,1.8557184750733138
2026-06-04,SKU-1016,Snacks,346.0,0,5982.0,14,False,False,False,269.2857142857143,253.64285714285714,248.0,73.27876757818596,0.2954789015249434,1.1653786707882534,0,0.0,23.584342438749648,1.6845958884821177
2026-06-05,SKU-1016,Snacks,231.0,0,5751.0,14,False,False,False,268.14285714285717,251.0,250.07142857142858,71.88670539604963,0.2874646888159654,1.1589996912627354,0,0.0,22.91235059760956,1.6365964712578258
2026-06-06,SKU-1016,Snacks,226.0,0,5525.0,14,False,False,False,286.2857142857143,257.57142857142856,249.57142857142858,72.0079360705671,0.28852636090095574,1.2525,0,0.0,21.450360510260676,1.5321686078757626
2026-06-07,SKU-1016,Snacks,178.0,0,5347.0,14,False,False,False,277.42857142857144,255.5,241.67857142857142,66.95717457833219,0.2770505228599529,1.1939747924992314,0,0.0,20.927592954990214,1.4948280682135866
2026-06-08,SKU-1016,Snacks,229.0,0,5118.0,14,False,False,False,274.42857142857144,252.28571428571428,241.39285714285714,66.9949358427296,0.27753487255458337,1.174205378973105,0,0.0,20.28652321630804,1.4490373725934316
2026-06-09,SKU-1016,Snacks,360.0,0,4758.0,14,False,False,False,282.57142857142856,258.2857142857143,243.35714285714286,69.68139891317755,0.2863338963265294,1.2108968472604835,0,0.0,18.42146017699115,1.3158185840707965
2026-06-10,SKU-1016,Snacks,323.0,0,4435.0,14,False,False,False,270.42857142857144,263.85714285714283,243.57142857142858,69.92505436188986,0.2870823346235947,1.1102639296187684,0,0.0,16.808337845154306,1.2005955603681646
2026-06-11,SKU-1016,Snacks,260.0,0,4175.0,14,False,False,False,258.14285714285717,263.7142857142857,247.39285714285714,67.67971373161734,0.27357181817313203,1.0177414812728809,0,0.0,15.831527627302275,1.1308234019501626
2026-06-12,SKU-1016,Snacks,268.0,5204,9111.0,14,False,False,False,263.42857142857144,265.7857142857143,248.57142857142858,67.74321262785577,0.2725301657442473,1.0495162208309619,0,0.0,34.27949475947326,2.4485353399623757
2026-06-13,SKU-1016,Snacks,264.0,0,8847.0,14,False,False,False,268.85714285714283,277.57142857142856,253.07142857142858,64.21948969855549,0.2537603318599427,1.0438158624514697,0,0.0,31.872876994338654,2.2766340710241897
2026-06-14,SKU-1016,Snacks,183.0,0,8664.0,14,False,False,False,269.57142857142856,273.5,252.92857142857142,64.3761679916646,0.25452311547113937,1.0550740844282918,0,0.0,31.678244972577698,2.26273178375555
2026-06-15,SKU-1016,Snacks,202.0,0,8090.0,14,True,False,False,265.7142857142857,270.07142857142856,251.89285714285714,64.97255220231507,0.2579372553048096,1.0532276330690828,0,0.0,29.955038349642955,2.139645596403068
2026-06-16,SKU-1016,Snacks,222.0,0,7868.0,14,False,False,False,246.0,264.2857142857143,248.82142857142858,64.25069740012272,0.2582201129903023,0.9524336283185841,0,0.0,29.77081081081081,2.1264864864864865
2026-06-17,SKU-1016,Snacks,343.0,0,7525.0,14,False,False,False,248.85714285714286,259.64285714285717,251.60714285714286,66.62517558073705,0.2647984267225887,0.9431510557661072,0,0.0,28.982118294360383,2.0701513067400272
2026-06-18,SKU-1016,Snacks,278.0,0,7247.0,14,False,False,False,251.42857142857142,254.78571428571428,254.21428571428572,66.16049909282471,0.2602548432985518,0.9534127843986998,0,0.0,28.443509952340904,2.0316792823100647
2026-06-19,SKU-1016,Snacks,163.0,0,7084.0,14,False,False,False,236.42857142857142,249.92857142857142,250.46428571428572,68.29157647901708,0.272659937460784,0.8895458210158559,0,0.0,28.344098313803947,2.024578450985996
2026-06-20,SKU-1016,Snacks,199.0,0,6885.0,14,False,False,False,227.14285714285714,248.0,252.78571428571428,65.22176252508304,0.25801205859032567,0.8183221821924859,0,0.0,27.762096774193548,1.9830069124423964
2026-06-21,SKU-1016,Snacks,178.0,0,6707.0,14,False,False,False,226.42857142857142,248.0,251.75,66.19870480997751,0.2629541402581033,0.8278924001044659,0,0.0,27.044354838709676,1.9317396313364055
2026-06-22,SKU-1016,Snacks,215.0,0,6492.0,14,False,False,False,228.28571428571428,247.0,249.64285714285714,66.40293070602553,0.2659917109826488,0.84527902671251,0,0.0,26.2834008097166,1.8773857721226144
2026-06-23,SKU-1016,Snacks,394.0,0,6098.0,14,False,False,False,252.85714285714286,249.42857142857142,253.85714285714286,71.67297868106147,0.28233587550221173,0.9567567567567568,0,0.0,24.447880870561285,1.7462772050400919
2026-06-24,SKU-1016,Snacks,286.0,0,5812.0,14,False,False,False,244.71428571428572,246.78571428571428,255.32142857142858,71.90376983442617,0.28162058404866874,0.942503438789546,0,0.0,23.55079594790159,1.6821997105643993
2026-06-25,SKU-1016,Snacks,336.0,0,5476.0,14,False,False,False,253.0,252.21428571428572,257.9642857142857,73.50055789299851,0.28492532479633925,0.9929913092234371,0,0.0,21.71169640328519,1.5508354573775134
2026-06-26,SKU-1016,Snacks,185.0,0,5291.0,14,False,False,False,256.14285714285717,246.28571428571428,256.0357142857143,74.71500525719067,0.2918147785188086,1.0248642469276938,0,0.0,21.483178654292345,1.5345127610208817
2026-06-27,SKU-1016,Snacks,229.0,0,5062.0,14,False,False,False,260.42857142857144,243.78571428571428,260.67857142857144,68.36452056408855,0.2622560043560048,1.050115207373272,0,0.0,20.764137122765895,1.4831526516261353
2026-06-28,SKU-1016,Snacks,224.0,0,4838.0,14,False,False,False,267.0,246.71428571428572,260.10714285714283,68.61019214088007,0.2637766552168944,1.0766129032258065,0,0.0,19.609727851766067,1.400694846554719
2026-06-29,SKU-1016,Snacks,218.0,0,4620.0,14,False,False,False,267.42857142857144,247.85714285714286,258.9642857142857,69.04989186188189,0.2666386666849666,1.0827067669172934,0,0.0,18.639769452449567,1.3314121037463977
2026-01-01,SKU-1017,Beverages,274.0,0,1512.0,3,False,False,False,,,,,,,0,,,
2026-01-02,SKU-1017,Beverages,312.0,0,1200.0,3,False,False,False,,,,,,,0,,,
2026-01-03,SKU-1017,Beverages,258.0,0,942.0,3,False,False,False,281.3333333333333,,,,,,0,,,
2026-01-04,SKU-1017,Beverages,255.0,0,687.0,3,False,False,False,274.75,,,,,,0,,,
2026-01-05,SKU-1017,Beverages,168.0,0,519.0,3,False,False,False,253.4,253.4,,,,,0,0.0,2.048145224940805,0.6827150749802683
2026-01-06,SKU-1017,Beverages,270.0,935,1184.0,3,False,False,False,256.1666666666667,256.1666666666667,,,,,0,0.0,4.621990891346779,1.5406636304489263
2026-01-07,SKU-1017,Beverages,285.0,0,899.0,3,False,False,False,260.2857142857143,260.2857142857143,260.2857142857143,44.93964206100699,0.17265504633756804,,0,0.0,3.4538968166849617,1.1512989388949872
2026-01-08,SKU-1017,Beverages,278.0,0,621.0,3,False,False,False,260.85714285714283,262.5,262.5,42.07476338953927,0.16028481291253055,,0,0.0,2.3657142857142857,0.7885714285714286
2026-01-09,SKU-1017,Beverages,274.0,1136,1483.0,3,False,False,False,255.42857142857142,263.77777777777777,263.77777777777777,39.54357652570699,0.14991246366106273,,0,0.0,5.622156697556866,1.8740522325189553
2026-01-10,SKU-1017,Beverages,243.0,0,1240.0,3,False,False,False,253.28571428571428,261.7,261.7,37.85660077479517,0.14465647984254937,,0,0.0,4.738249904470768,1.5794166348235894
2026-01-11,SKU-1017,Beverages,267.0,0,973.0,3,False,False,False,255.0,262.1818181818182,262.1818181818182,35.94945947248215,0.13711652364677657,,0,0.0,3.7111650485436893,1.2370550161812297
2026-01-12,SKU-1017,Beverages,294.0,0,679.0,3,False,False,False,273.0,264.8333333333333,264.8333333333333,35.48580595452813,0.13399297402590862,1.0773480662983426,0,0.0,2.5638766519823792,0.854625550660793
2026-01-13,SKU-1017,Beverages,274.0,918,1323.0,3,False,False,False,273.57142857142856,265.53846153846155,265.53846153846155,34.07006355687102,0.12830556959424197,1.067943117390092,0,0.0,4.9823290845886445,1.660776361529548
2026-01-14,SKU-1017,Beverages,274.0,0,1049.0,3,False,False,False,272.0,266.14285714285717,266.14285714285717,32.811482846610375,0.12328522808710285,1.0450054884742042,0,0.0,3.9414922168545354,1.3138307389515118
2026-01-15,SKU-1017,Beverages,259.0,0,790.0,3,False,False,False,269.2857142857143,265.07142857142856,265.6666666666667,31.671678801339823,0.11921585496112856,1.0258503401360544,0,0.0,2.980328752357855,0.9934429174526184
2026-01-16,SKU-1017,Beverages,239.0,0,551.0,3,False,False,False,264.2857142857143,259.85714285714283,264.0,31.315597817488122,0.11861968870260653,1.0019256228186304,0,0.0,2.120395821880154,0.7067986072933846
2026-01-17,SKU-1017,Beverages,216.0,0,335.0,3,False,False,False,260.42857142857144,256.85714285714283,261.1764705882353,32.4792920453126,0.12435764972304372,0.9951416562039413,0,0.0,1.3042269187986653,0.43474230626622173
2026-01-18,SKU-1017,Beverages,244.0,0,91.0,3,False,False,False,257.14285714285717,256.07142857142856,260.22222222222223,31.768566698316114,0.12208245101829421,0.9807806617792749,0,0.0,0.35536959553695957,0.11845653184565319
2026-01-19,SKU-1017,Beverages,265.0,0,0.0,3,False,False,False,253.0,263.0,260.4736842105263,30.89294853208169,0.11860295455840617,0.9553178099433607,1,0.05263157894736842,0.0,0.0
2026-01-20,SKU-1017,Beverages,305.0,991,686.0,3,False,False,False,257.42857142857144,265.5,262.7,31.6744958004153,0.12057288085426457,0.9694586988909122,0,0.05,2.583804143126177,0.8612680477087257
2026-01-21,SKU-1017,Beverages,287.0,0,399.0,3,False,False,False,259.2857142857143,265.64285714285717,263.85714285714283,31.324568176250597,0.11871790862682956,0.9742351046698872,0,0.047619047619047616,1.502016671148158,0.5006722237160527
2026-01-22,SKU-1017,Beverages,252.0,0,147.0,3,False,False,False,258.2857142857143,263.7857142857143,263.3181818181818,30.673994513169287,0.11649022601238121,0.9744004311506332,0,0.045454545454545456,0.5572705117790414,0.18575683725968048
2026-01-23,SKU-1017,Beverages,228.0,1071,990.0,3,False,False,False,256.7142857142857,260.5,261.7826086956522,30.86032540000942,0.11788531542936664,0.9879054425508522,0,0.043478260869565216,3.800383877159309,1.2667946257197695
2026-01-24,SKU-1017,Beverages,303.0,0,687.0,3,False,False,False,269.14285714285717,264.7857142857143,263.5,31.33271661434391,0.11890974047189339,1.0478309232480536,0,0.041666666666666664,2.594550849743728,0.8648502832479094
2026-01-25,SKU-1017,Beverages,350.0,1091,1428.0,3,False,False,False,284.2857142857143,270.7142857142857,266.96,35.21538489543077,0.13191258950940507,1.1101813110181311,0,0.04,5.274934036939314,1.7583113456464379
2026-01-26,SKU-1017,Beverages,263.0,0,1165.0,3,False,False,False,284.0,268.5,266.8076923076923,34.51262868083998,0.12935394921462295,1.079847908745247,0,0.038461538461538464,4.338919925512104,1.446306641837368
2026-01-27,SKU-1017,Beverages,256.0,0,909.0,3,False,False,False,277.0,267.2142857142857,266.4074074074074,33.90627268862397,0.1272722595012995,1.0433145009416196,0,0.037037037037037035,3.4017642341619885,1.1339214113873295
2026-01-28,SKU-1017,Beverages,333.0,0,576.0,3,False,False,False,283.57142857142856,271.42857142857144,268.7857142857143,35.57293721965988,0.13234682994292807,1.0674912610916911,0,0.03571428571428571,2.1221052631578945,0.7073684210526315
2026-01-29,SKU-1017,Beverages,350.0,0,226.0,3,False,False,False,297.57142857142856,277.92857142857144,271.5,38.743697217406535,0.14270238385785095,1.1280801516382344,0,0.03571428571428571,0.8131585710614238,0.2710528570204746
2026-01-30,SKU-1017,Beverages,310.0,0,0.0,3,False,False,False,309.2857142857143,283.0,271.42857142857144,38.668035005892555,0.14246118160065677,1.1872772141486152,1,0.07142857142857142,0.0,0.0
2026-01-31,SKU-1017,Beverages,353.0,1007,654.0,3,False,False,False,316.42857142857144,292.7857142857143,274.82142857142856,41.50952909021019,0.15104182125092727,1.1950364175883466,0,0.07142857142857142,2.2337155403757016,0.7445718467919006
2026-02-01,SKU-1017,Beverages,265.0,953,1342.0,3,False,False,False,304.2857142857143,294.2857142857143,275.17857142857144,41.37547454930148,0.15035863561069973,1.1240105540897096,0,0.07142857142857142,4.560194174757282,1.520064724919094
2026-02-02,SKU-1017,Beverages,331.0,0,1011.0,3,False,False,False,314.0,299.0,281.0,36.96945686293946,0.13156390342683083,1.1694599627560522,0,0.07142857142857142,3.3812709030100336,1.1270903010033446
2026-02-03,SKU-1017,Beverages,301.0,0,710.0,3,False,False,False,320.42857142857144,298.7142857142857,282.10714285714283,37.091817292401714,0.13148131208852362,1.1991446137396418,0,0.07142857142857142,2.376853180296509,0.7922843934321696
2026-02-04,SKU-1017,Beverages,313.0,0,397.0,3,False,False,False,317.57142857142856,300.57142857142856,283.10714285714283,37.5473422501901,0.1326259092980097,1.17,0,0.07142857142857142,1.3208174904942966,0.4402724968314322
2026-02-05,SKU-1017,Beverages,248.0,803,952.0,3,False,False,False,303.0,300.2857142857143,282.0357142857143,38.122106100594365,0.1351676549090341,1.0902081727062451,0,0.07142857142857142,3.170313986679353,1.0567713288931178
2026-02-06,SKU-1017,Beverages,233.0,0,719.0,3,False,False,False,292.0,300.64285714285717,280.57142857142856,39.21397008382918,0.13976465915825065,1.0318021201413428,0,0.07142857142857142,2.391541933951057,0.7971806446503523
2026-02-07,SKU-1017,Beverages,221.0,0,498.0,3,False,False,False,273.14285714285717,294.7857142857143,279.7857142857143,40.202595404384994,0.14369066521863413,0.9329104659673092,0,0.07142857142857142,1.689362733220257,0.563120911073419
2026-02-08,SKU-1017,Beverages,209.0,0,289.0,3,False,False,False,265.14285714285717,284.7142857142857,277.7142857142857,42.32402097299772,0.15240131008795477,0.9009708737864078,0,0.07142857142857142,1.0150526843953838,0.33835089479846125
2026-02-09,SKU-1017,Beverages,319.0,0,0.0,3,False,False,False,263.42857142857144,288.7142857142857,278.60714285714283,42.93952619735004,0.15412212966617117,0.8810320114667941,1,0.10714285714285714,0.0,0.0
2026-02-10,SKU-1017,Beverages,228.0,1189,961.0,3,False,False,False,253.0,286.7142857142857,276.9642857142857,43.98946182124477,0.15882719935459103,0.846963175514108,0,0.10714285714285714,3.351768809167912,1.1172562697226374
2026-02-11,SKU-1017,Beverages,393.0,0,568.0,3,False,False,False,264.42857142857144,291.0,281.2142857142857,49.13952708047892,0.17474050777919858,0.8797528517110267,0,0.10714285714285714,1.9518900343642611,0.6506300114547537
2026-02-12,SKU-1017,Beverages,277.0,0,291.0,3,False,False,False,268.57142857142856,285.7857142857143,281.85714285714283,48.9555461888181,0.1736892160779152,0.8943862987630827,0,0.10714285714285714,1.01824543864034,0.33941514621344665
2026-02-13,SKU-1017,Beverages,283.0,0,8.0,3,False,False,False,275.7142857142857,283.85714285714283,283.42857142857144,48.22971926215018,0.17016534013863469,0.9170824423853646,0,0.10714285714285714,0.02818319073980876,0.009394396913269586
2026-02-14,SKU-1017,Beverages,261.0,1178,925.0,3,False,False,False,281.42857142857144,277.2857142857143,285.0357142857143,46.62258405446167,0.16356751704359437,0.9546886358129393,0,0.10714285714285714,3.3359093250901597,1.1119697750300532
2026-02-15,SKU-1017,Beverages,233.0,0,692.0,3,False,False,False,284.85714285714283,275.0,284.64285714285717,47.02577251277516,0.16520974032091648,1.0005017561465126,0,0.10714285714285714,2.5163636363636366,0.8387878787878789
2026-02-16,SKU-1017,Beverages,259.0,1095,1528.0,3,False,False,False,276.2857142857143,269.85714285714283,284.42857142857144,47.13214564858205,0.1657081966549846,0.9569520039584364,0,0.07142857142857142,5.662255161461091,1.887418387153697
2026-02-17,SKU-1017,Beverages,276.0,0,1252.0,3,False,False,False,283.14285714285717,268.07142857142856,283.39285714285717,46.98174530106763,0.16578309621044657,0.9875435974090683,0,0.07142857142857142,4.670397015720757,1.5567990052402523
2026-02-18,SKU-1017,Beverages,275.0,0,977.0,3,False,False,False,266.2857142857143,265.35714285714283,282.9642857142857,47.00234993562448,0.16610700469487383,0.9150711831124202,0,0.07142857142857142,3.6818304172274567,1.2272768057424857
2026-02-19,SKU-1017,Beverages,378.0,0,599.0,3,False,False,False,280.7142857142857,274.64285714285717,287.4642857142857,49.87204527058118,0.1734895350448842,0.9822544363909024,0,0.07142857142857142,2.181014304291287,0.7270047680970957
2026-02-20,SKU-1017,Beverages,265.0,0,334.0,3,False,False,False,278.14285714285717,276.92857142857144,288.7857142857143,48.71485980825117,0.16868860680571762,0.9798691494715653,0,0.07142857142857142,1.2060871808099045,0.40202906026996815
2026-02-21,SKU-1017,Beverages,229.0,0,105.0,3,False,False,False,273.57142857142856,277.5,286.14285714285717,49.90785159465041,0.1744158567960823,0.9866048428645028,0,0.07142857142857142,0.3783783783783784,0.12612612612612614
2026-02-22,SKU-1017,Beverages,94.0,0,11.0,3,False,False,False,253.71428571428572,269.2857142857143,277.0,60.17012917091371,0.2172206829274863,0.9225974025974026,0,0.07142857142857142,0.04084880636604775,0.013616268788682584
2026-02-23,SKU-1017,Beverages,287.0,1153,877.0,3,False,False,False,257.7142857142857,267.0,277.85714285714283,60.13424136153196,0.21642143420602764,0.9550026469031234,0,0.07142857142857142,3.284644194756554,1.0948813982521848
2026-02-24,SKU-1017,Beverages,281.0,0,596.0,3,False,False,False,258.42857142857144,270.7857142857143,278.75,59.98309947161967,0.21518600707307503,0.9640287769784174,0,0.07142857142857142,2.201002374043788,0.733667458014596
2026-02-25,SKU-1017,Beverages,358.0,0,238.0,3,False,False,False,270.2857142857143,268.2857142857143,279.64285714285717,60.998004998168675,0.21812824264990074,1.0185733512786004,0,0.07142857142857142,0.8871139510117146,0.2957046503372382
2026-02-26,SKU-1017,Beverages,252.0,0,0.0,3,False,False,False,252.28571428571428,266.5,276.14285714285717,59.60717971029891,0.2158563155572128,0.918595578673602,1,0.10714285714285714,0.0,0.0
2026-02-27,SKU-1017,Beverages,276.0,1116,840.0,3,False,False,False,253.85714285714286,266.0,274.92857142857144,59.23708083651441,0.2154635312318009,0.9166881609491875,0,0.07142857142857142,3.1578947368421053,1.0526315789473684
2026-02-28,SKU-1017,Beverages,254.0,0,586.0,3,False,False,False,257.42857142857144,265.5,271.39285714285717,57.328384337897106,0.2112376314595498,0.9276705276705277,0,0.07142857142857142,2.207156308851224,0.7357187696170747
2026-03-01,SKU-1017,Beverages,252.0,0,334.0,3,False,False,False,280.0,266.85714285714283,270.92857142857144,57.43461891346929,0.21199173867349594,1.039787798408488,0,0.07142857142857142,1.2516059957173449,0.4172019985724483
2026-03-02,SKU-1017,Beverages,270.0,0,64.0,3,False,False,False,277.57142857142856,267.64285714285717,268.75,56.21560676933443,0.2091743507696165,1.039593365436062,0,0.07142857142857142,0.2391246330397651,0.07970821101325504
2026-03-03,SKU-1017,Beverages,370.0,1080,774.0,3,False,False,False,290.2857142857143,274.35714285714283,271.2142857142857,59.119062002568064,0.2179791593457869,1.0720126615668688,0,0.07142857142857142,2.8211403280395735,0.9403801093465245
2026-03-04,SKU-1017,Beverages,302.0,0,472.0,3,False,False,False,282.2857142857143,276.2857142857143,270.82142857142856,58.867115621434145,0.21736505834104658,1.0521831735889244,0,0.07142857142857142,1.7083764219234747,0.5694588073078249
2026-03-05,SKU-1017,Beverages,279.0,844,1037.0,3,False,False,False,286.14285714285717,269.2142857142857,271.92857142857144,58.71332019443256,0.2159144950675219,1.0737067810238543,0,0.07142857142857142,3.851950119395065,1.2839833731316883
2026-03-06,SKU-1017,Beverages,186.0,0,851.0,3,False,False,False,273.2857142857143,263.57142857142856,270.25,60.51178336428303,0.22391039172722677,1.0273899033297529,0,0.07142857142857142,3.228726287262873,1.076242095754291
2026-03-07,SKU-1017,Beverages,254.0,0,597.0,3,False,False,False,273.2857142857143,265.35714285714283,271.42857142857144,59.83460448753621,0.22044327969092287,1.0293247242399783,0,0.07142857142857142,2.2497981157469717,0.7499327052489906
2026-03-08,SKU-1017,Beverages,326.0,0,271.0,3,False,False,False,283.85714285714283,281.92857142857144,275.60714285714283,59.39718118122381,0.2155139397530474,1.0637044967880085,0,0.07142857142857142,0.9612363820623258,0.32041212735410857
2026-03-09,SKU-1017,Beverages,122.0,0,149.0,3,False,False,False,262.7142857142857,270.14285714285717,268.57142857142856,65.42817864534024,0.24361555878584132,0.9815852682145716,0,0.03571428571428571,0.5515600211528291,0.18385334038427636
2026-03-10,SKU-1017,Beverages,341.0,1184,992.0,3,False,False,False,258.57142857142856,274.42857142857144,272.60714285714283,66.31202297875089,0.24325123063081686,0.9424629002863838,0,0.03571428571428571,3.6147839666840187,1.204927988894673
2026-03-11,SKU-1017,Beverages,296.0,0,696.0,3,False,False,False,257.7142857142857,270.0,269.14285714285717,62.19545909690776,0.23108716224965728,0.9327817993795243,0,0.03571428571428571,2.577777777777778,0.8592592592592593
2026-03-12,SKU-1017,Beverages,280.0,859,1325.0,3,True,False,False,257.85714285714283,272.0,269.25,62.21207754602467,0.23105692681903314,0.9578137436985936,0,0.03571428571428571,4.8713235294117645,1.6237745098039216
2026-03-13,SKU-1017,Beverages,265.0,0,1060.0,3,False,False,False,269.14285714285717,271.2142857142857,268.60714285714283,62.15770819319742,0.23140750291311368,1.021138211382114,0,0.03571428571428571,3.908348696339215,1.3027828987797383
2026-03-14,SKU-1017,Beverages,242.0,0,818.0,3,False,False,False,267.42857142857144,270.35714285714283,267.92857142857144,62.347252499046725,0.2327010223904703,1.007806191117093,0,0.03571428571428571,3.025627476882431,1.0085424922941437
2026-03-15,SKU-1017,Beverages,316.0,0,502.0,3,False,False,False,266.0,274.92857142857144,270.89285714285717,62.597680282256235,0.23107910980925173,0.9435013934633899,0,0.03571428571428571,1.8259288126786177,0.6086429375595392
2026-03-16,SKU-1017,Beverages,312.0,0,190.0,3,False,False,False,293.14285714285717,277.92857142857144,272.7857142857143,63.02460256995298,0.23104070070158203,1.0851401374933898,0,0.03571428571428571,0.6836288871755333,0.22787629572517776
2026-03-17,SKU-1017,Beverages,295.0,0,0.0,3,False,False,False,286.57142857142856,272.57142857142856,273.4642857142857,63.16262499110681,0.23097211698458803,1.0442477876106193,1,0.07142857142857142,0.0,0.0
2026-03-18,SKU-1017,Beverages,326.0,0,0.0,3,False,False,False,290.85714285714283,274.2857142857143,275.2857142857143,63.93912448737185,0.23226459336357186,1.0772486772486771,1,0.10714285714285714,0.0,0.0
2026-03-19,SKU-1017,Beverages,292.0,0,0.0,3,False,False,False,292.57142857142856,275.2142857142857,272.2142857142857,60.811400699428475,0.22339533187929642,1.0756302521008403,1,0.14285714285714285,0.0,0.0
2026-03-20,SKU-1017,Beverages,236.0,0,0.0,3,False,False,False,288.42857142857144,278.7857142857143,271.17857142857144,61.18463470357177,0.2256248876201777,1.0634711614432446,1,0.17857142857142858,0.0,0.0
2026-03-21,SKU-1017,Beverages,235.0,0,0.0,3,False,False,False,287.42857142857144,277.42857142857144,271.39285714285717,61.0417824637289,0.22492037228377537,1.0631439894319685,1,0.21428571428571427,0.0,0.0
2026-03-22,SKU-1017,Beverages,254.0,1137,883.0,3,False,False,False,278.57142857142856,272.2857142857143,277.10714285714283,50.3780811286124,0.18180000922814116,1.0132501948558066,0,0.21428571428571427,3.2429171038824767,1.0809723679608256
2026-03-23,SKU-1017,Beverages,263.0,0,620.0,3,False,False,False,271.57142857142856,282.35714285714283,276.25,50.407689742589675,0.18247127508629746,0.9771267026471343,0,0.21428571428571427,2.195800657728308,0.7319335525761027
2026-03-24,SKU-1017,Beverages,84.0,950,1486.0,3,False,False,False,241.42857142857142,264.0,269.2142857142857,62.110032077403396,0.2307085298709598,0.8857442348008386,0,0.21428571428571427,5.628787878787879,1.8762626262626263
2026-03-25,SKU-1017,Beverages,311.0,0,1175.0,3,False,False,False,239.28571428571428,265.07142857142856,267.5357142857143,60.22825849792701,0.22512231183312725,0.8723958333333334,0,0.21428571428571427,4.43276744812719,1.4775891493757298
2026-03-26,SKU-1017,Beverages,330.0,0,845.0,3,False,False,False,244.71428571428572,268.64285714285717,270.32142857142856,61.277784973160756,0.22668489618820203,0.8891772644692447,0,0.17857142857142858,3.145440042541877,1.0484800141806256
2026-03-27,SKU-1017,Beverages,253.0,0,592.0,3,False,False,False,247.14285714285714,267.7857142857143,269.5,61.352955798275765,0.22765475249824033,0.8864975659748912,0,0.17857142857142858,2.2107228594291812,0.7369076198097271
2026-03-28,SKU-1017,Beverages,275.0,891,1208.0,3,False,False,False,252.85714285714286,270.14285714285717,270.25,61.28477848596721,0.22677068819969365,0.9114315139031925,0,0.17857142857142858,4.471708090957165,1.4905693636523882
2026-03-29,SKU-1017,Beverages,261.0,0,947.0,3,False,False,False,253.85714285714286,266.2142857142857,270.57142857142856,61.20907011669316,0.2262214840638079,0.9323189926547745,0,0.17857142857142858,3.557284679366783,1.1857615597889277
2026-03-30,SKU-1017,Beverages,288.0,0,659.0,3,False,False,False,257.42857142857144,264.5,271.2142857142857,61.29730653429875,0.22601061139852052,0.9117126233240578,0,0.17857142857142858,2.491493383742911,0.8304977945809703
2026-03-31,SKU-1017,Beverages,354.0,0,305.0,3,False,False,False,296.0,268.7142857142857,270.64285714285717,60.41045671424174,0.22321097756647776,1.121212121212121,0,0.17857142857142858,1.1350345560871877,0.3783448520290626
2026-04-01,SKU-1017,Beverages,352.0,823,776.0,3,False,False,False,301.85714285714283,270.57142857142856,272.42857142857144,62.08741064697864,0.2279034475767438,1.138776610078146,0,0.17857142857142858,2.8680042238648364,0.9560014079549455
2026-04-02,SKU-1017,Beverages,251.0,0,525.0,3,False,False,False,290.57142857142856,267.64285714285717,271.42857142857144,62.20302991990765,0.22916905759965975,1.0816272268013825,0,0.17857142857142858,1.9615692554043234,0.6538564184681078
2026-04-03,SKU-1017,Beverages,252.0,0,273.0,3,False,False,False,290.42857142857144,268.7857142857143,273.7857142857143,60.05945026502958,0.21936663284905145,1.0845558815684184,0,0.17857142857142858,1.015678979537603,0.3385596598458677
2026-04-04,SKU-1017,Beverages,259.0,0,14.0,3,False,False,False,288.14285714285717,270.5,273.9642857142857,60.00585288913388,0.21902801210999198,1.0666314119513485,0,0.17857142857142858,0.051756007393715345,0.017252002464571783
2026-04-05,SKU-1017,Beverages,280.0,1133,867.0,3,False,False,False,290.85714285714283,272.35714285714283,272.32142857142856,59.152066161858855,0.21721414459436694,1.0925677488596726,0,0.17857142857142858,3.1833202202989774,1.0611067400996592
2026-04-06,SKU-1017,Beverages,365.0,0,502.0,3,False,False,False,301.85714285714283,279.64285714285717,281.0,53.87090192371082,0.19171139474630183,1.1412368349986497,0,0.17857142857142858,1.7951468710089398,0.5983822903363133
2026-04-07,SKU-1017,Beverages,251.0,0,251.0,3,False,False,False,287.14285714285717,291.57142857142856,277.7857142857143,52.83332081518049,0.1901945208054839,1.0685805422647527,0,0.17857142857142858,0.8608525232729055,0.2869508410909685
2026-04-08,SKU-1017,Beverages,391.0,0,0.0,3,False,False,False,292.7142857142857,297.2857142857143,281.17857142857144,56.93729726730815,0.20249515095702122,1.0818373812038016,1,0.21428571428571427,0.0,0.0
2026-04-09,SKU-1017,Beverages,291.0,0,0.0,3,False,False,False,298.42857142857144,294.5,281.57142857142856,56.96680552055669,0.20231742194007957,1.1150253536162262,1,0.25,0.0,0.0
2026-04-10,SKU-1017,Beverages,299.0,0,0.0,3,False,False,False,305.14285714285717,297.7857142857143,282.7857142857143,56.96285803720871,0.2014347088964188,1.1352644166888122,1,0.2857142857142857,0.0,0.0
2026-04-11,SKU-1017,Beverages,254.0,0,0.0,3,False,False,False,304.42857142857144,296.2857142857143,283.2142857142857,56.689117868036035,0.20016334177868966,1.1254290995510958,1,0.32142857142857145,0.0,0.0
2026-04-12,SKU-1017,Beverages,325.0,0,0.0,3,False,False,False,310.85714285714283,300.85714285714283,283.5357142857143,56.906995041524404,0.20070485718134315,1.1413585103592971,1,0.35714285714285715,0.0,0.0
2026-04-13,SKU-1017,Beverages,292.0,0,0.0,3,False,False,False,300.42857142857144,301.14285714285717,282.82142857142856,56.661472684465984,0.20034363368670888,1.0743295019157089,1,0.39285714285714285,0.0,0.0
2026-04-14,SKU-1017,Beverages,359.0,0,0.0,3,False,False,False,315.85714285714283,301.5,285.10714285714283,58.43409664565415,0.2049548673529145,1.0832925036746692,1,0.39285714285714285,0.0,0.0
2026-04-15,SKU-1017,Beverages,379.0,1098,719.0,3,False,False,False,314.14285714285717,303.42857142857144,287.0,60.62513841144948,0.21123741606776822,1.0567035079288805,0,0.35714285714285715,2.3695856873822976,0.7898618957940992
2026-04-16,SKU-1017,Beverages,302.0,878,1295.0,3,False,False,False,315.7142857142857,307.07142857142856,287.35714285714283,60.68510970314332,0.21118357838528623,1.0720349260247393,0,0.32142857142857145,4.217259827866946,1.4057532759556486
2026-04-17,SKU-1017,Beverages,276.0,0,1019.0,3,False,False,False,312.42857142857144,308.7857142857143,288.7857142857143,59.897045708916934,0.20741000245481997,1.0491724634204846,0,0.2857142857142857,3.300023132084201,1.1000077106947337
2026-04-18,SKU-1017,Beverages,251.0,0,768.0,3,False,False,False,312.0,308.2142857142857,289.35714285714283,59.43948948344787,0.20541911941946933,1.0530376084860174,0,0.25,2.4917728852838934,0.8305909617612978
2026-04-19,SKU-1017,Beverages,236.0,0,532.0,3,False,False,False,299.2857142857143,305.07142857142856,288.7142857142857,59.93135402914901,0.207580147552718,0.9947768281101615,0,0.25,1.7438538983844534,0.5812846327948178
2026-04-20,SKU-1017,Beverages,264.0,1142,1410.0,3,False,False,False,295.2857142857143,297.85714285714283,288.75,59.915758763017834,0.20750046324854662,0.980550284629981,0,0.25,4.7338129496402885,1.577937649880096
2026-04-21,SKU-1017,Beverages,366.0,0,1044.0,3,False,False,False,296.2857142857143,306.07142857142856,298.82142857142856,46.40087289363218,0.15527960332517046,0.9827055200189528,0,0.25,3.4109684947491252,1.1369894982497084
2026-04-22,SKU-1017,Beverages,394.0,0,650.0,3,False,False,False,298.42857142857144,306.2857142857143,301.7857142857143,49.7388417733303,0.16481509700038444,0.9835216572504708,0,0.25,2.1222014925373136,0.7074004975124378
2026-04-23,SKU-1017,Beverages,354.0,0,296.0,3,False,False,False,305.85714285714283,310.7857142857143,302.64285714285717,50.4448465126275,0.16668110719301038,0.996045591998139,0,0.25,0.9524247299471386,0.31747490998237954
2026-04-24,SKU-1017,Beverages,267.0,0,29.0,3,False,False,False,304.57142857142856,308.5,303.14285714285717,50.002010541587886,0.16494536936433327,0.9863520703215359,0,0.25,0.0940032414910859,0.031334413830361965
2026-04-25,SKU-1017,Beverages,300.0,0,0.0,3,False,False,False,311.57142857142856,311.7857142857143,304.0357142857143,49.70317982439446,0.16347809645049277,1.0108922363847044,1,0.2857142857142857,0.0,0.0
2026-04-26,SKU-1017,Beverages,252.0,0,0.0,3,False,False,False,313.85714285714283,306.57142857142856,303.7142857142857,50.01989022368428,0.1646939000779821,1.0287988761414188,1,0.32142857142857145,0.0,0.0
2026-04-27,SKU-1017,Beverages,274.0,0,0.0,3,False,False,False,315.2857142857143,305.2857142857143,303.2142857142857,50.25222098858639,0.1657317064405676,1.0585131894484414,1,0.35714285714285715,0.0,0.0
2026-04-28,SKU-1017,Beverages,229.0,0,0.0,3,False,False,False,295.7142857142857,296.0,298.75,51.11832678534518,0.17110736999278722,0.9661610268378064,1,0.39285714285714285,0.0,0.0
2026-04-29,SKU-1017,Beverages,315.0,840,525.0,3,False,False,False,284.42857142857144,291.42857142857144,297.42857142857144,50.16006126423443,0.16864573912086503,0.9286380597014926,0,0.39285714285714285,1.801470588235294,0.6004901960784313
2026-04-30,SKU-1017,Beverages,412.0,0,113.0,3,False,False,False,292.7142857142857,299.2857142857143,303.17857142857144,53.74084147394838,0.1772580470338738,0.9418524477131694,0,0.39285714285714285,0.3775656324582339,0.12585521081941128
2026-05-01,SKU-1017,Beverages,253.0,0,0.0,3,False,False,False,290.7142857142857,297.64285714285717,303.2142857142857,53.70589121616696,0.17712190271527384,0.9423477656865016,1,0.42857142857142855,0.0,0.0
2026-05-02,SKU-1017,Beverages,280.0,0,0.0,3,False,False,False,287.85714285714283,299.7142857142857,303.9642857142857,53.2099142410978,0.1750531780931428,0.9232531500572737,1,0.4642857142857143,0.0,0.0
2026-05-03,SKU-1017,Beverages,439.0,0,0.0,3,False,False,False,314.57142857142856,314.2142857142857,309.64285714285717,58.753227987420495,0.18974514228924727,1.0260950605778192,1,0.5,0.0,0.0
2026-05-04,SKU-1017,Beverages,307.0,0,0.0,3,False,False,False,319.2857142857143,317.2857142857143,307.57142857142856,57.74299930081549,0.18773850213920504,1.0458586803930745,1,0.5357142857142857,0.0,0.0
2026-05-05,SKU-1017,Beverages,399.0,944,545.0,3,False,False,False,343.57142857142856,319.64285714285717,312.85714285714283,59.129934942879984,0.18899979205486755,1.1607142857142856,0,0.5357142857142857,1.7050279329608937,0.5683426443202979
2026-05-06,SKU-1017,Beverages,376.0,931,1100.0,3,False,False,False,352.2857142857143,318.35714285714283,312.32142857142856,58.4598967139828,0.18717862870114563,1.2088235294117646,0,0.5,3.455238949966345,1.1517463166554485
2026-05-07,SKU-1017,Beverages,368.0,0,732.0,3,False,False,False,346.0,319.35714285714283,315.07142857142856,59.22582555522909,0.1879758689125385,1.1560859188544153,0,0.4642857142857143,2.2921046745694476,0.7640348915231492
2026-05-08,SKU-1017,Beverages,305.0,0,427.0,3,False,False,False,353.42857142857144,322.07142857142856,315.2857142857143,59.17635735529253,0.18769121046082815,1.18742500599952,0,0.42857142857142855,1.3257928587269905,0.4419309529089968
2026-05-09,SKU-1017,Beverages,324.0,0,103.0,3,False,False,False,359.7142857142857,323.7857142857143,317.7857142857143,57.95742827337586,0.1823789606264918,1.200190657769304,0,0.39285714285714285,0.31811162585484226,0.10603720861828075
2026-05-10,SKU-1017,Beverages,327.0,0,0.0,3,False,False,False,343.7142857142857,329.14285714285717,317.85714285714283,57.96788017751855,0.18237085898545163,1.093884973857695,1,0.39285714285714285,0.0,0.0
2026-05-11,SKU-1017,Beverages,207.0,0,0.0,3,False,False,False,329.42857142857144,324.35714285714283,314.82142857142856,61.49077231068979,0.19531952634138564,1.0382710490769924,1,0.39285714285714285,0.0,0.0
2026-05-12,SKU-1017,Beverages,397.0,0,0.0,3,False,False,False,329.14285714285717,336.35714285714283,316.17857142857144,62.90501574032886,0.1989540766665772,1.0297206703910615,1,0.39285714285714285,0.0,0.0
2026-05-13,SKU-1017,Beverages,269.0,0,0.0,3,False,False,False,313.85714285714283,333.07142857142856,312.25,62.268013904054854,0.19941717823556399,0.9858649315683194,1,0.42857142857142855,0.0,0.0
2026-05-14,SKU-1017,Beverages,347.0,911,564.0,3,False,False,False,310.85714285714283,328.42857142857144,313.85714285714283,62.57363915787807,0.1993698106987467,0.973384030418251,0,0.42857142857142855,1.717268377555459,0.5724227925184863
2026-05-15,SKU-1017,Beverages,243.0,0,321.0,3,False,False,False,302.0,327.7142857142857,312.67857142857144,63.6151936029662,0.20345236103747041,0.9376801951652252,0,0.42857142857142855,0.9795117698343505,0.32650392327811684
2026-05-16,SKU-1017,Beverages,150.0,0,171.0,3,False,False,False,277.14285714285717,318.42857142857144,309.07142857142856,69.80445097313915,0.2258521639990636,0.85594529009486,0,0.42857142857142855,0.5370121130551817,0.17900403768506057
2026-05-17,SKU-1017,Beverages,231.0,0,0.0,3,False,False,False,263.42857142857144,303.57142857142856,308.89285714285717,70.00441218143138,0.22663007759048195,0.8003472222222222,1,0.4642857142857143,0.0,0.0
2026-05-18,SKU-1017,Beverages,278.0,0,0.0,3,False,False,False,273.57142857142856,301.5,309.39285714285717,69.72131789712657,0.22534882847968876,0.8434265580268664,1,0.5,0.0,0.0
2026-05-19,SKU-1017,Beverages,436.0,824,388.0,3,False,False,False,279.14285714285717,304.14285714285717,311.89285714285717,73.00397720556532,0.23406748674634476,0.8299001911233809,0,0.5,1.275716298731799,0.425238766243933
2026-05-20,SKU-1017,Beverages,339.0,0,49.0,3,False,False,False,289.14285714285717,301.5,309.92857142857144,71.4360260660252,0.23049190249466533,0.8681106583744371,0,0.5,0.1625207296849088,0.054173576561636266
2026-05-21,SKU-1017,Beverages,224.0,1039,864.0,3,False,False,False,271.57142857142856,291.2142857142857,305.2857142857143,72.6793348503254,0.2380698848630219,0.8268812527185732,0,0.5,2.966887417218543,0.9889624724061811
2026-05-22,SKU-1017,Beverages,287.0,0,577.0,3,False,False,False,277.85714285714283,289.92857142857144,306.0,72.38682098180486,0.23655823850263025,0.8478639930252833,0,0.5,1.9901453559990143,0.6633817853330047
2026-05-23,SKU-1017,Beverages,271.0,0,306.0,3,False,False,False,295.14285714285717,286.14285714285717,304.9642857142857,72.68271083983086,0.23833187768067268,0.9268730372364289,0,0.4642857142857143,1.0693959061407887,0.35646530204692956
2026-05-24,SKU-1017,Beverages,222.0,816,900.0,3,False,False,False,293.85714285714283,278.64285714285717,303.89285714285717,73.70629365846403,0.2425403951624154,0.968,0,0.42857142857142855,3.2299410407587796,1.0766470135862598
2026-05-25,SKU-1017,Beverages,363.0,0,537.0,3,False,False,False,306.0,289.7857142857143,307.07142857142856,74.28619759712545,0.241918298757794,1.0149253731343284,0,0.39285714285714285,1.8530934187823516,0.6176978062607839
2026-05-26,SKU-1017,Beverages,373.0,0,164.0,3,False,False,False,297.0,288.07142857142856,312.2142857142857,73.66307539906742,0.23593755561357674,0.9765147956787223,0,0.35714285714285715,0.5693032482023308,0.18976774940077692
2026-05-27,SKU-1017,Beverages,415.0,0,0.0,3,False,False,False,307.85714285714283,298.5,315.7857142857143,76.18416144466298,0.24125271663091646,1.0210850509357972,1,0.39285714285714285,0.0,0.0
2026-05-28,SKU-1017,Beverages,447.0,0,0.0,3,False,False,False,339.7142857142857,305.64285714285717,317.0357142857143,78.08470336417318,0.2462962368138841,1.1665440274711798,1,0.42857142857142855,0.0,0.0
2026-05-29,SKU-1017,Beverages,280.0,1162,882.0,3,False,False,False,338.7142857142857,308.2857142857143,318.0,77.42858119057333,0.2434861043728721,1.1682680463168267,0,0.39285714285714285,2.860982391102873,0.9536607970342911
2026-05-30,SKU-1017,Beverages,274.0,0,608.0,3,False,False,False,339.14285714285717,317.14285714285717,317.7857142857143,77.5458560360243,0.24401932670360538,1.1852221667498752,0,0.35714285714285715,1.917117117117117,0.639039039039039
2026-05-31,SKU-1017,Beverages,244.0,0,364.0,3,False,False,False,342.2857142857143,318.07142857142856,310.82142857142856,74.97014396926622,0.24120004953917662,1.2284029735965136,0,0.32142857142857145,1.1443970357062656,0.3814656785687552
2026-06-01,SKU-1017,Beverages,370.0,0,0.0,3,False,False,False,343.2857142857143,324.64285714285717,313.07142857142856,75.79207843461722,0.2420919685340272,1.184619176731575,1,0.32142857142857145,0.0,0.0
2026-06-02,SKU-1017,Beverages,257.0,827,570.0,3,False,False,False,326.7142857142857,311.85714285714283,308.0,74.5703744173298,0.24211160525107078,1.1341433176295563,0,0.32142857142857145,1.8277599633531838,0.6092533211177279
2026-06-03,SKU-1017,Beverages,252.0,0,0.0,3,True,False,False,303.42857142857144,305.64285714285717,303.57142857142856,74.06275045723739,0.24397141327089963,1.016511127063891,1,0.35714285714285715,0.0,0.0
2026-06-04,SKU-1017,Beverages,248.0,0,0.0,3,False,False,False,275.0,307.35714285714283,299.2857142857143,73.66734898771854,0.24614388683247246,0.8997429305912595,1,0.39285714285714285,0.0,0.0
2026-06-05,SKU-1017,Beverages,291.0,0,0.0,3,False,False,False,276.57142857142856,307.64285714285717,298.7857142857143,73.67463865505137,0.24658019153017433,0.897126969416126,1,0.42857142857142855,0.0,0.0
2026-06-06,SKU-1017,Beverages,208.0,995,787.0,3,False,False,False,267.14285714285717,303.14285714285717,294.64285714285717,75.44446782148928,0.25605395139414544,0.8423423423423424,0,0.42857142857142855,2.5961357210179075,0.8653785736726358
2026-06-07,SKU-1017,Beverages,331.0,0,456.0,3,False,False,False,279.57142857142856,310.92857142857144,294.7857142857143,75.51176368637182,0.25615815158933986,0.8789580058387604,0,0.39285714285714285,1.4665747760165402,0.4888582586721801
2026-06-08,SKU-1017,Beverages,352.0,0,104.0,3,False,False,False,277.0,310.14285714285717,299.9642857142857,74.22961480625993,0.247461509057659,0.8532453245324532,0,0.35714285714285715,0.33532934131736525,0.11177644710578842
2026-06-09,SKU-1017,Beverages,420.0,0,0.0,3,False,False,False,300.2857142857143,313.5,300.7857142857143,75.46024567445222,0.25087709319456925,0.9628950984883189,1,0.35714285714285715,0.0,0.0
2026-06-10,SKU-1017,Beverages,348.0,0,0.0,3,False,False,False,314.0,308.7142857142857,303.60714285714283,75.70426833003707,0.24934943103647078,1.0273428371114746,1,0.35714285714285715,0.0,0.0
2026-06-11,SKU-1017,Beverages,354.0,0,0.0,3,False,False,False,329.14285714285717,302.07142857142856,303.85714285714283,75.86426196428891,0.2496708198166537,1.0708807808505696,1,0.39285714285714285,0.0,0.0
2026-06-12,SKU-1017,Beverages,322.0,0,0.0,3,False,False,False,333.57142857142856,305.07142857142856,306.67857142857144,74.98101170564536,0.2444938078209002,1.0842814023682377,1,0.42857142857142855,0.0,0.0
2026-06-13,SKU-1017,Beverages,232.0,993,761.0,3,False,False,False,337.0,302.07142857142856,309.60714285714283,70.07579985178718,0.22633780088245947,1.1116870876531573,0,0.42857142857142855,2.5192716954362733,0.839757231812091
2026-06-14,SKU-1017,Beverages,270.0,0,491.0,3,False,False,False,328.2857142857143,303.92857142857144,311.0,68.83205540917592,0.22132493700699654,1.0558235699517573,0,0.39285714285714285,1.6155111633372503,0.5385037211124167
2026-06-15,SKU-1017,Beverages,337.0,0,154.0,3,False,False,False,326.14285714285717,301.57142857142856,313.10714285714283,68.68734278017364,0.2193732859410131,1.0515891294334407,0,0.35714285714285715,0.5106584557081952,0.1702194852360651
2026-06-16,SKU-1017,Beverages,326.0,1055,883.0,3,False,False,False,312.7142857142857,306.5,309.17857142857144,64.41074994901643,0.20832863562116902,0.9974937343358397,0,0.35714285714285715,2.8809135399673735,0.9603045133224578
2026-06-17,SKU-1017,Beverages,373.0,0,510.0,3,False,False,False,316.2857142857143,315.14285714285717,310.39285714285717,65.30801056062154,0.21040436033798215,1.024525682554373,0,0.35714285714285715,1.6183136899365367,0.5394378966455122
2026-06-18,SKU-1017,Beverages,356.0,0,154.0,3,False,False,False,316.57142857142856,322.85714285714283,315.10714285714283,63.58216573019366,0.20177951268790917,1.0480018917001654,0,0.35714285714285715,0.4769911504424779,0.15899705014749263
2026-06-19,SKU-1017,Beverages,214.0,0,0.0,3,False,False,False,301.14285714285717,317.35714285714283,312.5,66.21933252457332,0.21190186407863462,0.9871224537579023,1,0.39285714285714285,0.0,0.0
2026-06-20,SKU-1017,Beverages,335.0,1125,790.0,3,False,False,False,315.85714285714283,326.42857142857144,314.7857142857143,65.83726128527057,0.20914945722572909,1.0456372664932607,0,0.39285714285714285,2.4201312910284463,0.8067104303428154
2026-06-21,SKU-1017,Beverages,230.0,0,560.0,3,False,False,False,310.14285714285717,319.2142857142857,315.07142857142856,65.43582016637811,0.20768566817712392,1.0204465334900117,0,0.39285714285714285,1.754307451331394,0.5847691504437981
2026-06-22,SKU-1017,Beverages,243.0,0,317.0,3,False,False,False,296.7142857142857,311.42857142857144,310.7857142857143,66.1067358829684,0.2127084124021047,0.9838938891520607,0,0.39285714285714285,1.0178899082568806,0.3392966360856269
2026-06-23,SKU-1017,Beverages,281.0,0,36.0,3,False,False,False,290.2857142857143,301.5,307.5,65.17980827992223,0.21196685619486902,0.9470985784199487,0,0.39285714285714285,0.11940298507462686,0.03980099502487562
2026-06-24,SKU-1017,Beverages,341.0,0,0.0,3,False,False,False,285.7142857142857,301.0,304.85714285714283,62.08638801476203,0.20365731776163742,0.9066183136899365,1,0.39285714285714285,0.0,0.0
2026-06-25,SKU-1017,Beverages,369.0,0,0.0,3,False,False,False,287.57142857142856,302.07142857142856,302.07142857142856,57.015221210966615,0.1887474809537793,0.8907079646017699,1,0.39285714285714285,0.0,0.0
2026-06-26,SKU-1017,Beverages,332.0,0,0.0,3,False,False,False,304.42857142857144,302.7857142857143,303.92857142857144,57.116468774697665,0.1879272768145164,0.9592617600720236,1,0.42857142857142855,0.0,0.0
2026-06-27,SKU-1017,Beverages,285.0,0,0.0,3,False,False,False,297.2857142857143,306.57142857142856,304.32142857142856,56.94054961515737,0.18710660594113443,0.9107221006564551,1,0.4642857142857143,0.0,0.0
2026-06-28,SKU-1017,Beverages,347.0,1090,743.0,3,False,False,False,314.0,312.07142857142856,308.0,56.22178304615479,0.1825382566433597,0.9836652494965317,0,0.4642857142857143,2.3808651865415427,0.7936217288471809
2026-06-29,SKU-1017,Beverages,243.0,1191,1691.0,3,False,False,False,314.0,305.35714285714283,303.4642857142857,56.157504787119514,0.18505474097203087,1.008256880733945,0,0.42857142857142855,5.537777777777778,1.8459259259259262
2026-01-01,SKU-1018,Flour,217.0,4216,6988.0,14,False,False,False,,,,,,,0,,,
2026-01-02,SKU-1018,Flour,305.0,0,6683.0,14,False,False,False,,,,,,,0,,,
2026-01-03,SKU-1018,Flour,275.0,0,6408.0,14,False,False,False,265.6666666666667,,,,,,0,,,
2026-01-04,SKU-1018,Flour,358.0,0,6050.0,14,False,False,False,288.75,,,,,,0,,,
2026-01-05,SKU-1018,Flour,202.0,0,5848.0,14,False,False,False,271.4,271.4,,,,,0,0.0,21.54753131908622,1.5391093799347302
2026-01-06,SKU-1018,Flour,473.0,0,5375.0,14,False,False,False,305.0,305.0,,,,,0,0.0,17.62295081967213,1.2587822014051522
2026-01-07,SKU-1018,Flour,329.0,0,5046.0,14,False,False,False,308.42857142857144,308.42857142857144,308.42857142857144,91.99611793051767,0.2982736570234477,,0,0.0,16.360352014821675,1.1685965724872625
2026-01-08,SKU-1018,Flour,318.0,0,4728.0,14,False,False,False,322.85714285714283,309.625,309.625,85.23905459688903,0.27529771367586287,,0,0.0,15.270084779975777,1.0907203414268412
2026-01-09,SKU-1018,Flour,219.0,0,4509.0,14,False,False,False,310.57142857142856,299.55555555555554,299.55555555555554,85.2644578812167,0.2846365433720142,,0,0.0,15.052299703264095,1.075164264518864
2026-01-10,SKU-1018,Flour,207.0,0,4302.0,14,False,False,False,300.85714285714283,290.3,290.3,85.55056984029972,0.29469710589149056,,0,0.0,14.819152600757835,1.058510900054131
2026-01-11,SKU-1018,Flour,274.0,0,4028.0,14,False,False,False,288.85714285714283,288.8181818181818,288.8181818181818,81.30906244917374,0.2815233512561886,,0,0.0,13.94649039974819,0.9961778856962994
2026-01-12,SKU-1018,Flour,231.0,0,3797.0,14,False,False,False,293.0,284.0,284.0,79.30149603082701,0.27923061982685565,1.079587324981577,0,0.0,13.369718309859154,0.9549798792756539
2026-01-13,SKU-1018,Flour,327.0,0,3470.0,14,False,False,False,272.14285714285717,287.3076923076923,287.3076923076923,76.85634284753233,0.2675053432444231,0.8922716627634661,0,0.0,12.07764390896921,0.8626888506406578
2026-01-14,SKU-1018,Flour,446.0,5751,8775.0,14,False,False,False,288.85714285714283,298.64285714285717,298.64285714285717,85.15470730279198,0.2851389385886361,0.9365446966188049,0,0.0,29.382922745754602,2.0987801961253285
2026-01-15,SKU-1018,Flour,396.0,0,8379.0,14,False,False,False,300.0,311.42857142857144,305.1333333333333,85.82113181883973,0.28125780582971294,0.9689140088817118,0,0.0,26.905045871559633,1.921788990825688
2026-01-16,SKU-1018,Flour,311.0,0,8068.0,14,False,False,False,313.14285714285717,311.85714285714283,305.5,82.9240616467862,0.27143719033317903,1.0453582026282324,0,0.0,25.87081997251489,1.8479157123224923
2026-01-17,SKU-1018,Flour,236.0,0,7832.0,14,False,False,False,317.2857142857143,309.07142857142856,301.4117647058824,82.04119302485292,0.27218975047277505,1.092958023719305,0,0.0,25.340420614744627,1.8100300439103305
2026-01-18,SKU-1018,Flour,341.0,0,7491.0,14,False,False,False,326.85714285714283,307.85714285714283,303.6111111111111,80.1367499516324,0.2639453795296218,1.131705562300463,0,0.0,24.332714617169376,1.7380510440835268
2026-01-19,SKU-1018,Flour,167.0,0,7324.0,14,False,False,False,317.7142857142857,305.35714285714283,296.42105263157896,83.94860583150044,0.28320729950257606,1.118712273641851,0,0.0,23.985029239766085,1.713216374269006
2026-01-20,SKU-1018,Flour,406.0,0,6918.0,14,False,False,False,329.0,300.57142857142856,301.9,85.3043467763945,0.28255828677176054,1.1451137884872824,0,0.0,23.016159695817493,1.6440114068441065
2026-01-21,SKU-1018,Flour,473.0,0,6445.0,14,False,False,False,332.85714285714283,310.85714285714283,310.04761904761904,91.14300641874622,0.2939645422813194,1.114565893326955,0,0.0,20.732996323529413,1.4809283088235294
2026-01-22,SKU-1018,Flour,227.0,0,6218.0,14,False,False,False,308.7142857142857,304.35714285714283,306.27272727272725,90.69161866991732,0.2961139226384953,0.9912844036697247,0,0.0,20.42994602206055,1.459281858718611
2026-01-23,SKU-1018,Flour,292.0,0,5926.0,14,False,False,False,306.0,309.57142857142856,305.6521739130435,88.65644041397934,0.29005663293336054,0.9812185066422355,0,0.0,19.142593447161975,1.3673281033687126
2026-01-24,SKU-1018,Flour,307.0,0,5619.0,14,False,False,False,316.14285714285717,316.7142857142857,305.7083333333333,86.70814573171243,0.2836302981547088,1.0228795932516757,0,0.0,17.741542625169146,1.267253044654939
2026-01-25,SKU-1018,Flour,296.0,0,5323.0,14,False,False,False,309.7142857142857,318.2857142857143,305.32,84.90471129448588,0.278084341983774,1.006032482598608,0,0.0,16.723967684021545,1.1945691202872533
2026-01-26,SKU-1018,Flour,310.0,0,5013.0,14,False,False,False,330.14285714285717,323.92857142857144,305.5,83.19435076974877,0.272321933779865,1.081169590643275,0,0.0,15.475633958103638,1.1054024255788313
2026-01-27,SKU-1018,Flour,272.0,0,4741.0,14,False,False,False,311.0,320.0,304.25925925925924,81.83312879672246,0.2689585486928188,1.0346958174904943,0,0.0,14.815625,1.0582589285714286
2026-01-28,SKU-1018,Flour,421.0,0,4320.0,14,False,False,False,303.57142857142856,318.2142857142857,308.42857142857144,83.27883932527564,0.2700101321338256,0.9765625,0,0.0,13.575757575757576,0.9696969696969697
2026-01-29,SKU-1018,Flour,307.0,0,4013.0,14,False,False,False,315.0,311.85714285714283,311.64285714285717,81.3334309132904,0.2609828175076932,1.0349683172964095,0,0.0,12.868071461291802,0.919147961520843
2026-01-30,SKU-1018,Flour,193.0,0,3820.0,14,False,False,False,300.85714285714283,303.42857142857144,307.64285714285717,84.36965150596566,0.274245442554799,0.9718504845408399,0,0.0,12.589453860640301,0.89924670433145
2026-01-31,SKU-1018,Flour,203.0,0,3617.0,14,False,False,False,286.0,301.07142857142856,305.07142857142856,86.47240132248086,0.2834496882497617,0.9030221019395579,0,0.0,12.013760379596679,0.8581257413997628
2026-02-01,SKU-1018,Flour,205.0,0,3412.0,14,False,False,False,273.0,291.35714285714283,299.60714285714283,87.82741463748526,0.29314192512213466,0.8577199281867146,0,0.0,11.710713410149548,0.8364795292963964
2026-02-02,SKU-1018,Flour,345.0,0,3067.0,14,False,False,False,278.0,304.07142857142856,304.7142857142857,86.08172565686337,0.28249980290578697,0.8582138919514883,0,0.0,10.086445853887716,0.7204604181348369
2026-02-03,SKU-1018,Flour,353.0,0,2714.0,14,False,False,False,289.57142857142856,300.2857142857143,300.42857142857144,80.1777786576567,0.26687800789519583,0.9049107142857142,0,0.0,9.038058991436728,0.6455756422454806
2026-02-04,SKU-1018,Flour,294.0,0,2420.0,14,False,False,False,271.42857142857144,287.5,299.17857142857144,79.98844989373225,0.26736022406881976,0.8529741863075196,0,0.0,8.417391304347825,0.6012422360248447
2026-02-05,SKU-1018,Flour,246.0,5345,7519.0,14,False,False,False,262.7142857142857,288.85714285714283,296.60714285714283,80.51654501507142,0.2714585503217339,0.8424186898763171,0,0.0,26.030168150346196,1.8592977250247282
2026-02-06,SKU-1018,Flour,292.0,0,7227.0,14,False,False,False,276.85714285714283,288.85714285714283,299.2142857142857,79.07959288325914,0.26429083322168245,0.9124293785310733,0,0.0,25.019287833827896,1.787091988130564
2026-02-07,SKU-1018,Flour,285.0,0,6942.0,14,False,False,False,288.57142857142856,287.2857142857143,302.0,77.05890003156075,0.25516192063430715,0.9584816132858838,0,0.0,24.164097463948284,1.7260069617105918
2026-02-08,SKU-1018,Flour,225.0,0,6717.0,14,False,False,False,291.42857142857144,282.2142857142857,300.25,78.26527776545423,0.26066703668760777,1.000245158126992,0,0.0,23.80106302201974,1.7000759301442672
2026-02-09,SKU-1018,Flour,352.0,0,6365.0,14,False,False,False,292.42857142857144,285.2142857142857,304.57142857142856,77.63801501623657,0.25490905493135835,0.9617101245008223,0,0.0,22.31655396944653,1.5940395692461808
2026-02-10,SKU-1018,Flour,267.0,0,6098.0,14,False,False,False,280.14285714285717,284.85714285714283,302.42857142857144,77.82384123487007,0.25732965925559304,0.9329210275927688,0,0.0,21.407221664994985,1.5290872617853561
2026-02-11,SKU-1018,Flour,348.0,0,5750.0,14,False,False,False,287.85714285714283,279.64285714285717,298.92857142857144,73.19377051585772,0.24485371259785138,1.0012422360248447,0,0.0,20.561941251596423,1.4687100893997445
2026-02-12,SKU-1018,Flour,273.0,0,5477.0,14,False,False,False,291.7142857142857,277.2142857142857,294.5357142857143,70.80410227854668,0.24039224733834208,1.0098911968348172,0,0.0,19.757279051790775,1.4112342179850554
2026-02-13,SKU-1018,Flour,326.0,0,5151.0,14,False,False,False,296.57142857142856,286.7142857142857,295.07142857142856,70.98978986129107,0.24058510241057252,1.0267062314540059,0,0.0,17.965620328849027,1.2832585949177877
2026-02-14,SKU-1018,Flour,279.0,0,4872.0,14,False,False,False,295.7142857142857,292.14285714285717,296.60714285714283,70.12440758881702,0.2364218437672338,1.0293386374937843,0,0.0,16.67677261613692,1.19119804400978
2026-02-15,SKU-1018,Flour,313.0,0,4559.0,14,False,False,False,308.2857142857143,299.85714285714283,295.60714285714283,69.66604959094828,0.23567106301154428,1.0923816755251834,0,0.0,15.20390662220105,1.0859933301572178
2026-02-16,SKU-1018,Flour,330.0,0,4229.0,14,False,False,False,305.14285714285717,298.7857142857143,301.42857142857144,65.18772241334369,0.21626258620540562,1.0698722764838469,0,0.0,14.153956490557016,1.010996892182644
2026-02-17,SKU-1018,Flour,464.0,0,3765.0,14,False,False,False,333.2857142857143,306.7142857142857,303.5,69.41795050166671,0.22872471334980793,1.170010030090271,0,0.0,12.27526781555659,0.8768048439683279
2026-02-18,SKU-1018,Flour,289.0,0,3476.0,14,False,False,False,324.85714285714283,306.35714285714283,296.92857142857144,60.973539234429275,0.20534749802309593,1.1616858237547891,0,0.0,11.346234553508978,0.8104453252506413
2026-02-19,SKU-1018,Flour,300.0,0,3176.0,14,False,False,False,328.7142857142857,310.2142857142857,299.5357142857143,59.41348029034857,0.19835190749132706,1.1857768616335995,0,0.0,10.238084273543633,0.7312917338245452
2026-02-20,SKU-1018,Flour,284.0,0,2892.0,14,False,False,False,322.7142857142857,309.64285714285717,299.25,59.470269571971514,0.19873105955546036,1.1255605381165918,0,0.0,9.339792387543252,0.6671280276816608
2026-02-21,SKU-1018,Flour,216.0,0,2676.0,14,False,False,False,313.7142857142857,304.7142857142857,296.0,61.4835117915545,0.2077145668633598,1.073838630806846,0,0.0,8.781997187060478,0.6272855133614627
2026-02-22,SKU-1018,Flour,267.0,0,2409.0,14,False,False,False,307.14285714285717,307.7142857142857,294.9642857142857,61.72728680662982,0.2092703754190138,1.024297284421153,0,0.0,7.828690807799442,0.5591922005571031
2026-02-23,SKU-1018,Flour,251.0,0,2158.0,14,False,False,False,295.85714285714283,300.5,292.85714285714283,62.20022286831233,0.21239100491618845,0.9901984221850346,0,0.0,7.181364392678868,0.512954599477062
2026-02-24,SKU-1018,Flour,493.0,0,1665.0,14,False,False,False,300.0,316.64285714285717,300.75,72.60681786168566,0.24141917825996892,0.9781089892873777,0,0.0,5.258290096999774,0.37559214978569816
2026-02-25,SKU-1018,Flour,270.0,0,1395.0,14,False,False,False,297.2857142857143,311.07142857142856,295.35714285714283,68.85530415336866,0.2331255763354683,0.9703893681510842,0,0.0,4.484500574052813,0.3203214695752009
2026-02-26,SKU-1018,Flour,281.0,0,1114.0,14,False,False,False,294.57142857142856,311.64285714285717,294.42857142857144,68.86778990771002,0.2339032165715527,0.9495740271701588,0,0.0,3.5746046298418515,0.25532890213156084
2026-02-27,SKU-1018,Flour,295.0,0,819.0,14,False,False,False,296.14285714285717,309.42857142857144,298.07142857142856,65.93932596709422,0.22121988103027057,0.956401384083045,0,0.0,2.6468144044321327,0.18905817174515233
2026-02-28,SKU-1018,Flour,260.0,0,559.0,14,False,False,False,302.42857142857144,308.07142857142856,300.10714285714283,63.738667423062125,0.21238637246765912,0.992498827941866,0,0.0,1.8145142592163228,0.12960816137259448
2026-03-01,SKU-1018,Flour,317.0,0,242.0,14,False,False,False,309.57142857142856,308.35714285714283,304.10714285714283,61.0047595506341,0.20060284996098118,1.0060352831940576,0,0.0,0.7848042622191337,0.05605744730136669
2026-03-02,SKU-1018,Flour,435.0,0,0.0,14,False,False,False,335.85714285714283,315.85714285714283,307.32142857142856,65.44834184099275,0.2129638084308887,1.1176610411219396,1,0.03571428571428571,0.0,0.0
2026-03-03,SKU-1018,Flour,297.0,4561,4264.0,14,False,False,False,307.85714285714283,303.92857142857144,305.32142857142856,64.85371206225564,0.21241126889029804,0.9722535528987141,0,0.03571428571428571,14.029612220916569,1.0021151586368977
2026-03-04,SKU-1018,Flour,363.0,0,3901.0,14,False,False,False,321.14285714285717,309.2142857142857,307.7857142857143,65.71281916928078,0.21350184923878648,1.0323765786452355,0,0.03571428571428571,12.615846615846616,0.9011319011319011
2026-03-05,SKU-1018,Flour,294.0,0,3607.0,14,False,False,False,323.0,308.7857142857143,309.5,64.65893424560731,0.20891416557546788,1.0364428145771258,0,0.03571428571428571,11.681239879713162,0.8343742771223688
2026-03-06,SKU-1018,Flour,232.0,0,3375.0,14,False,False,False,314.0,305.07142857142856,307.35714285714283,66.23539072223382,0.21549976065797666,1.0147737765466296,0,0.03571428571428571,11.062982907984079,0.7902130648560056
2026-03-07,SKU-1018,Flour,221.0,0,3154.0,14,False,False,False,308.42857142857144,305.42857142857144,305.07142857142856,68.11315670560359,0.2232695373164248,1.001159285879898,0,0.03571428571428571,10.326473339569691,0.7376052385406923
2026-03-08,SKU-1018,Flour,219.0,0,2935.0,14,False,False,False,294.42857142857144,302.0,304.85714285714283,68.38329571083223,0.22431259136636628,0.9548297428769981,0,0.03571428571428571,9.718543046357615,0.6941816461684011
2026-03-09,SKU-1018,Flour,300.0,0,2635.0,14,False,False,False,275.14285714285717,305.5,303.0,67.75883159603075,0.22362650691759323,0.871099050203528,0,0.03571428571428571,8.62520458265139,0.6160860416179564
2026-03-10,SKU-1018,Flour,223.0,0,2412.0,14,False,False,False,264.57142857142856,286.2142857142857,301.42857142857144,69.12116499116205,0.22931192177162762,0.8705052878965921,0,0.03571428571428571,8.427252308460194,0.6019465934614424
2026-03-11,SKU-1018,Flour,341.0,0,2071.0,14,False,False,False,261.42857142857144,291.2857142857143,301.17857142857144,68.95895374487128,0.2289636789821411,0.8454608454608455,0,0.03571428571428571,7.109857773418343,0.5078469838155959
2026-03-12,SKU-1018,Flour,309.0,0,1762.0,14,False,False,False,263.57142857142856,293.2857142857143,302.4642857142857,68.74940115179298,0.22729758321527965,0.8535739070090215,0,0.03571428571428571,6.007793472966391,0.42912810521188505
2026-03-13,SKU-1018,Flour,205.0,0,1557.0,14,False,False,False,259.7142857142857,286.85714285714283,298.14285714285717,70.98185176806307,0.2380800011386878,0.8513228752048702,0,0.03571428571428571,5.427788844621515,0.38769920318725104
2026-03-14,SKU-1018,Flour,209.0,4483,5831.0,14,False,False,False,258.0,283.2142857142857,295.64285714285717,72.88815088670131,0.24654122068466255,0.8447146866230121,0,0.03571428571428571,20.588650693568727,1.4706179066834806
2026-03-15,SKU-1018,Flour,277.0,0,5554.0,14,False,False,False,266.2857142857143,280.35714285714283,294.35714285714283,72.88815088670133,0.2476180811487063,0.8817407757805108,0,0.03571428571428571,19.810445859872612,1.415031847133758
2026-03-16,SKU-1018,Flour,251.0,0,5303.0,14,False,False,False,259.2857142857143,267.2142857142857,291.5357142857143,72.98629102268917,0.25035111461904896,0.8487257423427635,0,0.03571428571428571,19.8454958567228,1.4175354183373428
2026-03-17,SKU-1018,Flour,240.0,0,5063.0,14,False,False,False,261.7142857142857,263.14285714285717,283.5357142857143,65.24851758943686,0.2301245109590921,0.9143998003493886,0,0.03571428571428571,19.240499457111834,1.3743213897937026
2026-03-18,SKU-1018,Flour,275.0,0,4788.0,14,False,False,False,252.28571428571428,256.85714285714283,283.0357142857143,65.25873413538133,0.23056713637737253,0.8661108386463953,0,0.03571428571428571,18.640711902113463,1.3314794215795331
2026-03-19,SKU-1018,Flour,358.0,0,4430.0,14,False,False,False,259.2857142857143,261.42857142857144,285.10714285714283,66.72127723581765,0.2340217665793429,0.8840720896249391,0,0.03571428571428571,16.94535519125683,1.210382513661202
2026-03-20,SKU-1018,Flour,238.0,0,4192.0,14,False,False,False,264.0,261.85714285714283,283.4642857142857,67.3132435061835,0.23746640017300463,0.9203187250996017,0,0.03571428571428571,16.00872885979269,1.143480632842335
2026-03-21,SKU-1018,Flour,224.0,0,3968.0,14,False,False,False,266.14285714285717,262.07142857142856,283.75,67.03267583521959,0.23623850514614833,0.9397225725094578,0,0.03571428571428571,15.140910329790135,1.0814935949850095
2026-03-22,SKU-1018,Flour,282.0,0,3686.0,14,False,False,False,266.85714285714283,266.57142857142856,284.2857142857143,66.95374696612757,0.23551569284567486,0.9518471337579618,0,0.03571428571428571,13.827438370846732,0.9876741693461951
2026-03-23,SKU-1018,Flour,256.0,0,3430.0,14,False,False,False,267.57142857142856,263.42857142857144,284.4642857142857,66.86829628171374,0.23506745711085808,1.0013365410318096,0,0.03571428571428571,13.02060737527115,0.9300433839479393
2026-03-24,SKU-1018,Flour,219.0,6143,9354.0,14,False,False,False,264.57142857142856,263.14285714285717,274.67857142857144,54.03843184625295,0.1967333365875806,1.0054288816503798,0,0.03571428571428571,35.5472312703583,2.5390879478827357
2026-03-25,SKU-1018,Flour,280.0,0,9074.0,14,False,False,False,265.2857142857143,258.7857142857143,275.0357142857143,54.03941095633763,0.19648143186306372,1.0328142380422694,0,0.03571428571428571,35.063759315484404,2.5045542368203146
2026-03-26,SKU-1018,Flour,259.0,0,8815.0,14,False,False,False,251.14285714285714,255.21428571428572,274.25,54.109371407123945,0.19729943995304994,0.960655737704918,0,0.03571428571428571,34.539602574867054,2.467114469633361
2026-03-27,SKU-1018,Flour,272.0,0,8543.0,14,False,False,False,256.0,260.0,273.42857142857144,53.95706700113608,0.19733514577218,0.9776322967812331,0,0.03571428571428571,32.85769230769231,2.346978021978022
2026-03-28,SKU-1018,Flour,243.0,0,8300.0,14,False,False,False,258.7142857142857,262.42857142857144,272.82142857142856,54.208823643818086,0.1986970888895021,0.9871899700190788,0,0.03571428571428571,31.627653783342403,2.2591181273816003
2026-03-29,SKU-1018,Flour,227.0,0,8073.0,14,False,False,False,250.85714285714286,258.85714285714283,269.60714285714283,54.16048804810087,0.20088669563476283,0.9410503751339765,0,0.03571428571428571,31.187086092715234,2.2276490066225167
2026-03-30,SKU-1018,Flour,260.0,0,7813.0,14,False,False,False,251.42857142857142,259.5,263.35714285714283,43.395011051121976,0.16477628280870835,0.9544468546637743,0,0.0,30.107899807321772,2.150564271951555
2026-03-31,SKU-1018,Flour,242.0,0,7571.0,14,False,False,False,254.71428571428572,259.64285714285717,261.39285714285717,43.05925227345711,0.16473002645946155,0.9679695982627579,0,0.0,29.159284731774413,2.082806052269601
2026-04-01,SKU-1018,Flour,443.0,0,7128.0,14,False,False,False,278.0,271.64285714285717,264.25,51.814930638157286,0.19608299200816381,1.0742478608887662,0,0.0,26.24033657638706,1.8743097554562187
2026-04-02,SKU-1018,Flour,518.0,0,6610.0,14,False,False,False,315.0,283.07142857142856,272.25,70.50118202318792,0.25895750972704473,1.234256926952141,0,0.0,23.350996719656827,1.6679283371183449
2026-04-03,SKU-1018,Flour,233.0,0,6377.0,14,False,False,False,309.42857142857144,282.7142857142857,272.2857142857143,70.48028731121141,0.2588468054451626,1.19010989010989,0,0.0,22.55634158665993,1.611167256189995
2026-04-04,SKU-1018,Flour,254.0,0,6073.0,14,True,False,False,311.0,284.85714285714283,273.4642857142857,69.86414443223853,0.2554781303516624,1.1850843767011432,0,0.0,21.31945837512538,1.5228184553660984
2026-04-05,SKU-1018,Flour,274.0,0,5799.0,14,False,False,False,317.7142857142857,284.2857142857143,275.42857142857144,69.04449910849426,0.2506802353524169,1.2273730684326711,0,0.0,20.39849246231156,1.4570351758793971
2026-04-06,SKU-1018,Flour,313.0,0,5486.0,14,False,False,False,325.2857142857143,288.35714285714283,275.89285714285717,69.25922283053684,0.2510366652757322,1.2535094962840627,0,0.0,19.025018578152096,1.3589298984394353
2026-04-07,SKU-1018,Flour,403.0,0,5083.0,14,False,False,False,348.2857142857143,301.5,282.32142857142856,72.44822088219084,0.25661608914628004,1.3414030261348004,0,0.0,16.859038142620232,1.2042170101871594
2026-04-08,SKU-1018,Flour,416.0,0,4667.0,14,False,False,False,344.42857142857144,311.2142857142857,285.0,75.99756331376443,0.26665811689040153,1.267946358138312,0,0.0,14.996098232728942,1.071149873766353
2026-04-09,SKU-1018,Flour,170.0,0,4497.0,14,False,False,False,294.7142857142857,304.85714285714283,280.0357142857143,78.85781022070191,0.2815991182476283,1.0411304567247035,0,0.0,14.751171508903468,1.0536551077788192
2026-04-10,SKU-1018,Flour,345.0,0,4152.0,14,False,False,False,310.7142857142857,310.07142857142856,285.0357142857143,78.36074326252967,0.2749155257926113,1.0990399191510865,0,0.0,13.390463026952316,0.9564616447823083
2026-04-11,SKU-1018,Flour,258.0,0,3894.0,14,False,False,False,311.2857142857143,311.14285714285717,286.7857142857143,77.13737487868386,0.2689721664512015,1.092778335005015,0,0.0,12.515151515151514,0.8939393939393938
2026-04-12,SKU-1018,Flour,232.0,0,3662.0,14,False,False,False,305.2857142857143,311.5,285.17857142857144,77.81461995900953,0.27286278758325194,1.0738693467336684,0,0.0,11.756019261637238,0.839715661545517
2026-04-13,SKU-1018,Flour,257.0,0,3405.0,14,False,False,False,297.2857142857143,311.2857142857143,285.39285714285717,77.72522317407858,0.27234466886174447,1.0309635868218976,0,0.0,10.93850390087196,0.7813217072051399
2026-04-14,SKU-1018,Flour,289.0,5536,8652.0,14,False,False,False,281.0,314.64285714285717,287.14285714285717,77.21529031351926,0.26890897124111185,0.9320066334991708,0,0.0,27.497843359818386,1.9641316685584562
2026-04-15,SKU-1018,Flour,437.0,0,8215.0,14,False,False,False,284.0,314.2142857142857,292.92857142857144,82.18133904222105,0.28055077946625084,0.9125545099839338,0,0.0,26.14457831325301,1.8674698795180722
2026-04-16,SKU-1018,Flour,253.0,0,7962.0,14,False,False,False,295.85714285714283,295.2857142857143,289.17857142857144,81.49485490300216,0.2818149854617834,0.9704779756326148,0,0.0,26.963715529753266,1.9259796806966618
2026-04-17,SKU-1018,Flour,255.0,0,7707.0,14,False,False,False,283.0,296.85714285714283,289.7857142857143,81.16209530492492,0.28007624704682005,0.912692927896798,0,0.0,25.961982675649665,1.8544273339749762
2026-04-18,SKU-1018,Flour,360.0,0,7347.0,14,False,False,False,297.57142857142856,304.42857142857144,294.64285714285717,81.14879533380014,0.27541409325410954,0.9563820018365472,0,0.0,24.133740028155795,1.7238385734396997
2026-04-19,SKU-1018,Flour,183.0,0,7164.0,14,False,False,False,290.57142857142856,297.92857142857144,291.10714285714283,83.83243396279858,0.28797793534024785,0.9328135748681494,0,0.0,24.046032126588347,1.717573723327739
2026-04-20,SKU-1018,Flour,250.0,0,6914.0,14,False,False,False,289.57142857142856,293.42857142857144,290.89285714285717,83.93310355882161,0.2885361448308171,0.9302432308398347,0,0.0,23.56280428432327,1.6830574488802337
2026-04-21,SKU-1018,Flour,343.0,0,6571.0,14,False,False,False,297.2857142857143,289.14285714285717,295.32142857142856,83.2679981974439,0.28195718339925374,0.9448354143019295,0,0.0,22.72579051383399,1.623270750988142
2026-04-22,SKU-1018,Flour,258.0,0,6313.0,14,False,False,False,271.7142857142857,277.85714285714283,294.5357142857143,83.52133555004667,0.28356946712759873,0.8647419868151853,0,0.0,22.72030848329049,1.6228791773778923
2026-04-23,SKU-1018,Flour,257.0,0,6056.0,14,False,False,False,272.2857142857143,284.07142857142856,294.4642857142857,83.5537006928532,0.28374816487566884,0.9221093372036768,0,0.0,21.31858184561227,1.5227558461151622
2026-04-24,SKU-1018,Flour,278.0,0,5778.0,14,False,False,False,275.57142857142856,279.2857142857143,294.67857142857144,83.50163164137862,0.2833651297974308,0.9282964388835419,0,0.0,20.688491048593352,1.4777493606138108
2026-04-25,SKU-1018,Flour,238.0,0,5540.0,14,False,False,False,258.14285714285717,277.85714285714283,294.5,83.62150175376877,0.2839439787903863,0.8479587048334116,0,0.0,19.938303341902316,1.424164524421594
2026-04-26,SKU-1018,Flour,255.0,0,5285.0,14,False,False,False,268.42857142857144,279.5,295.5,82.94911425419535,0.2807076624507457,0.9009829777031887,0,0.0,18.9087656529517,1.3506261180679786
2026-04-27,SKU-1018,Flour,329.0,0,4956.0,14,False,False,False,279.7142857142857,284.64285714285717,297.9642857142857,82.88031627230208,0.27815520263987276,0.9532619279454723,0,0.0,17.41129234629862,1.2436637390213299
2026-04-28,SKU-1018,Flour,294.0,0,4662.0,14,False,False,False,272.7142857142857,285.0,299.82142857142856,82.15930937150159,0.27402747616462714,0.9431818181818181,0,0.0,16.357894736842105,1.168421052631579
2026-04-29,SKU-1018,Flour,276.0,0,4386.0,14,False,False,False,275.2857142857143,273.5,293.85714285714283,77.29822684263767,0.2630469557114554,0.9907455012853471,0,0.0,16.03656307129799,1.1454687908069994
2026-04-30,SKU-1018,Flour,319.0,0,4067.0,14,False,False,False,284.14285714285717,278.2142857142857,286.75,63.91639504505522,0.222899372432625,1.0002514458134273,0,0.0,14.618228498074455,1.0441591784338897
2026-05-01,SKU-1018,Flour,190.0,0,3877.0,14,False,False,False,271.57142857142856,273.57142857142856,285.2142857142857,65.74606431981293,0.23051462571434536,0.9723785166240408,0,0.0,14.171801566579635,1.012271540469974
2026-05-02,SKU-1018,Flour,253.0,0,3624.0,14,False,False,False,273.7142857142857,265.92857142857144,285.17857142857144,65.76391759272605,0.23060609800830673,0.9850899742930592,0,0.0,13.627719580983078,0.9734085414987913
2026-05-03,SKU-1018,Flour,268.0,0,3356.0,14,False,False,False,275.57142857142856,272.0,284.9642857142857,65.81144904495592,0.23094630570983404,0.9859442882698696,0,0.0,12.338235294117647,0.8813025210084033
2026-05-04,SKU-1018,Flour,270.0,0,3086.0,14,False,False,False,267.14285714285717,273.42857142857144,283.42857142857144,65.634469586366,0.23157322938738,0.9385194479297365,0,0.0,11.286311389759664,0.8061650992685474
2026-05-05,SKU-1018,Flour,279.0,4943,7750.0,14,False,False,False,265.0,268.85714285714283,279.0,61.30856988008078,0.21974397806480567,0.9298245614035088,0,0.0,28.825717321997878,2.058979808714134
2026-05-06,SKU-1018,Flour,535.0,0,7215.0,14,False,False,False,302.0,288.64285714285717,283.25,73.9737816416761,0.2611607471903834,1.1042047531992687,0,0.0,24.99628804751299,1.7854491462509279
2026-05-07,SKU-1018,Flour,266.0,0,6949.0,14,False,False,False,294.42857142857144,289.2857142857143,286.67857142857144,70.68189226513321,0.24655450148545283,1.0582798459563543,0,0.0,24.021234567901235,1.7158024691358025
2026-05-08,SKU-1018,Flour,246.0,0,6703.0,14,False,False,False,302.42857142857144,287.0,283.14285714285717,70.13041517255647,0.24768562371740427,1.1054830287206268,0,0.0,23.355400696864113,1.6682429069188651
2026-05-09,SKU-1018,Flour,216.0,0,6487.0,14,False,False,False,297.14285714285717,285.42857142857144,281.64285714285717,71.13014378234702,0.25255440348791736,1.117378458232608,0,0.0,22.727227227227225,1.6233733733733733
2026-05-10,SKU-1018,Flour,265.0,0,6222.0,14,False,False,False,296.7142857142857,286.14285714285717,282.82142857142856,70.54814671762124,0.24944413538242136,1.0908613445378152,0,0.0,21.744383424862704,1.5531702446330502
2026-05-11,SKU-1018,Flour,269.0,0,5953.0,14,False,False,False,296.57142857142856,281.85714285714283,283.25,70.42181112042978,0.2486206923933973,1.0846394984326018,0,0.0,21.12062848454131,1.5086163203243792
2026-05-12,SKU-1018,Flour,398.0,0,5555.0,14,False,False,False,313.57142857142856,289.2857142857143,287.14285714285717,73.68839010304703,0.256626234189716,1.1663124335812964,0,0.0,19.20246913580247,1.3716049382716051
2026-05-13,SKU-1018,Flour,499.0,0,5056.0,14,False,False,False,308.42857142857144,305.2142857142857,289.35714285714283,79.0917021848522,0.2733359246082278,1.068547389260084,0,0.0,16.56541071846478,1.1832436227474843
2026-05-14,SKU-1018,Flour,383.0,0,4673.0,14,False,False,False,325.14285714285717,309.7857142857143,294.0,80.67814427069428,0.27441545670304174,1.1239506172839506,0,0.0,15.084620705556837,1.077472907539774
2026-05-15,SKU-1018,Flour,321.0,0,4352.0,14,False,False,False,335.85714285714283,319.14285714285717,296.35714285714283,80.46034877421125,0.27149792307518866,1.1702339472374315,0,0.0,13.636526410026857,0.974037600716204
2026-05-16,SKU-1018,Flour,238.0,0,4114.0,14,False,False,False,339.0,318.07142857142856,292.0,80.18912829240816,0.2746203023712608,1.1876876876876876,0,0.0,12.934201661801033,0.9238715472715023
2026-05-17,SKU-1018,Flour,254.0,0,3860.0,14,False,False,False,337.42857142857144,317.07142857142856,294.5357142857143,77.69860199078711,0.26380027352274027,1.1792311532700948,0,0.0,12.173913043478262,0.8695652173913044
2026-05-18,SKU-1018,Flour,284.0,0,3591.0,14,True,False,False,339.57142857142856,318.07142857142856,295.75,77.24114476394325,0.26117039649684953,1.2047643182970096,0,0.0,11.28991690994835,0.8064226364248821
2026-05-19,SKU-1018,Flour,313.0,0,3278.0,14,False,False,False,327.42857142857144,320.5,294.67857142857144,76.76807475498715,0.2605146155786741,1.1318518518518519,0,0.0,10.22776911076443,0.7305549364831736
2026-05-20,SKU-1018,Flour,447.0,0,2831.0,14,False,False,False,320.0,314.2142857142857,301.42857142857144,81.58178290272463,0.2706504646061954,1.0484437163585303,0,0.0,9.009774948852012,0.6435553534894295
2026-05-21,SKU-1018,Flour,325.0,6109,8615.0,14,False,False,False,311.7142857142857,318.42857142857144,303.85714285714283,81.22155993910599,0.26730179575634316,1.0062255014987318,0,0.0,27.054733064154327,1.9324809331538806
2026-05-22,SKU-1018,Flour,246.0,0,8369.0,14,False,False,False,301.0,318.42857142857144,302.7142857142857,81.82178336362647,0.2702937628812578,0.9431512981199641,0,0.0,26.282189322566172,1.8772992373261552
2026-05-23,SKU-1018,Flour,180.0,0,8189.0,14,False,False,False,292.7142857142857,315.85714285714283,300.64285714285717,84.21982448318701,0.2801324644249508,0.9202784639568831,0,0.0,25.92627770239711,1.8518769787426506
2026-05-24,SKU-1018,Flour,303.0,0,7886.0,14,False,False,False,299.7142857142857,318.57142857142856,302.35714285714283,83.74353011414568,0.27696891604017004,0.9452579409776978,0,0.0,24.7542600896861,1.7681614349775785
2026-05-25,SKU-1018,Flour,318.0,0,7568.0,14,False,False,False,304.57142857142856,322.07142857142856,301.9642857142857,83.63965130152839,0.2769852438134589,0.9575567033460588,0,0.0,23.497893102683523,1.6784209359059659
2026-05-26,SKU-1018,Flour,288.0,0,7280.0,14,False,False,False,301.0,314.2142857142857,301.75,83.66849267595691,0.2772775233668829,0.9391575663026521,0,0.0,23.168902023187087,1.654921573084792
2026-05-27,SKU-1018,Flour,414.0,0,6866.0,14,False,False,False,296.2857142857143,308.14285714285717,306.67857142857144,86.12396473448773,0.28082811372605754,0.9429415776312798,0,0.0,22.28187297171998,1.5915623551228557
2026-05-28,SKU-1018,Flour,357.0,0,6509.0,14,False,False,False,300.85714285714283,306.2857142857143,308.0357142857143,86.62327210306279,0.28121178189979806,0.9448183041722744,0,0.0,21.251399253731343,1.5179570895522387
2026-05-29,SKU-1018,Flour,297.0,0,6212.0,14,False,False,False,308.14285714285717,304.57142857142856,311.85714285714283,83.52808987964337,0.2678408745568042,0.9676985195154778,0,0.0,20.395872420262666,1.4568480300187618
2026-05-30,SKU-1018,Flour,150.0,0,6062.0,14,False,False,False,303.85714285714283,298.2857142857143,308.17857142857144,88.34530466947773,0.2866692004572229,0.9620081411126187,0,0.0,20.322796934865902,1.4516283524904217
2026-05-31,SKU-1018,Flour,203.0,0,5859.0,14,False,False,False,289.57142857142856,294.64285714285717,305.85714285714283,90.27313052751678,0.2951480213417177,0.9089686098654709,0,0.0,19.88509090909091,1.4203636363636363
2026-06-01,SKU-1018,Flour,204.0,0,5655.0,14,False,False,False,273.2857142857143,288.92857142857144,303.5,92.08751875857608,0.3034185132078289,0.8485251718784653,0,0.0,19.57231149567367,1.3980222496909764
2026-06-02,SKU-1018,Flour,376.0,0,5279.0,14,False,False,False,285.85714285714283,293.42857142857144,306.9642857142857,92.9521908744478,0.3028110930173983,0.909752216412821,0,0.0,17.99074975657254,1.2850535540408958
2026-06-03,SKU-1018,Flour,368.0,0,4911.0,14,False,False,False,279.2857142857143,287.7857142857143,301.0,82.55458351454054,0.27426771931741045,0.9063514140009271,0,0.0,17.064780342516755,1.2189128816083397
2026-06-04,SKU-1018,Flour,341.0,0,4570.0,14,False,False,False,277.0,288.92857142857144,303.67857142857144,82.59362972988693,0.2719771412956408,0.904384328358209,0,0.0,15.817058096415327,1.1297898640296662
2026-06-05,SKU-1018,Flour,350.0,0,4220.0,14,False,False,False,284.57142857142856,296.35714285714283,307.39285714285717,82.24144187637246,0.26754506477732415,0.9343339587242027,0,0.0,14.239575801397928,1.017112557242709
2026-06-06,SKU-1018,Flour,210.0,0,4010.0,14,False,False,False,293.14285714285717,298.5,307.17857142857144,82.49581518967803,0.26855979831542665,0.9827586206896552,0,0.0,13.433835845896148,0.9595597032782963
2026-06-07,SKU-1018,Flour,155.0,0,3855.0,14,False,False,False,286.2857142857143,287.92857142857144,303.25,87.07111822889159,0.2871265234258585,0.9716363636363635,0,0.0,13.388737286033242,0.956338377573803
2026-06-08,SKU-1018,Flour,149.0,0,3706.0,14,False,False,False,278.42857142857144,275.85714285714283,298.9642857142857,91.65211284176584,0.3065654234344097,0.9636588380716935,0,0.0,13.434489901605387,0.9596064215432419
2026-06-09,SKU-1018,Flour,423.0,0,3283.0,14,False,False,False,285.14285714285717,285.5,299.85714285714283,92.76761659022333,0.30937270897168334,0.9717624148003895,0,0.0,11.499124343257444,0.8213660245183888
2026-06-10,SKU-1018,Flour,342.0,0,2941.0,14,False,False,False,281.42857142857144,280.35714285714283,294.25,84.67700068167528,0.2877723047805447,0.9779101514023332,0,0.0,10.490191082802548,0.7492993630573249
2026-06-11,SKU-1018,Flour,310.0,0,2702.0,14,True,False,False,277.0,277.0,291.64285714285717,82.94943318437117,0.28442127469537015,0.9587144622991347,0,0.0,9.754512635379061,0.6967509025270758
2026-06-12,SKU-1018,Flour,277.0,0,2425.0,14,False,False,False,266.57142857142856,275.57142857142856,290.07142857142856,82.78930355467894,0.28541005904100103,0.8994938539407086,0,0.0,8.799896319336444,0.628564022809746
2026-06-13,SKU-1018,Flour,192.0,0,2233.0,14,False,False,False,264.0,278.57142857142856,288.42857142857144,84.3034328071448,0.2922853044328943,0.8844221105527639,0,0.0,8.015897435897436,0.5725641025641026
2026-06-14,SKU-1018,Flour,299.0,0,1934.0,14,False,False,False,284.57142857142856,285.42857142857144,290.0357142857143,84.05134327825047,0.28979652897315766,0.9883403621930041,0,0.0,6.7757757757757755,0.48398398398398396
2026-06-15,SKU-1018,Flour,270.0,0,1664.0,14,False,False,False,301.85714285714283,290.14285714285717,289.5357142857143,84.1301822542752,0.29056927385219017,1.0942516830657691,0,0.0,5.735105859182668,0.40965041851304773
2026-06-16,SKU-1018,Flour,394.0,0,1270.0,14,False,False,False,297.7142857142857,291.42857142857144,292.42857142857144,86.33072864857971,0.2952198830190806,1.0427820865649238,0,0.0,4.357843137254902,0.3112745098039215
2026-06-17,SKU-1018,Flour,335.0,0,935.0,14,False,False,False,296.7142857142857,289.07142857142856,288.42857142857144,81.3549281766282,0.2820626534107961,1.058343949044586,0,0.0,3.2344946874227825,0.23103533481591304
2026-06-18,SKU-1018,Flour,458.0,0,477.0,14,False,False,False,317.85714285714283,297.42857142857144,293.17857142857144,87.2391576926361,0.2975632129849934,1.1474987106756058,0,0.0,1.6037463976945243,0.11455331412103745
2026-06-19,SKU-1018,Flour,225.0,0,252.0,14,False,False,False,310.42857142857144,288.5,292.42857142857144,87.74855852838562,0.3000683486559352,1.1264904095386212,0,0.0,0.8734835355285961,0.062391681109185436
2026-06-20,SKU-1018,Flour,254.0,5997,5995.0,14,False,False,False,319.2857142857143,291.64285714285717,295.07142857142856,85.31767589489186,0.2891424503821075,1.1461538461538463,0,0.0,20.55596375214303,1.4682831251530735
2026-06-21,SKU-1018,Flour,299.0,0,5696.0,14,False,False,False,319.2857142857143,301.92857142857144,294.92857142857144,85.30725668035535,0.2892471769253996,1.1186186186186184,0,0.0,18.865389164892356,1.3475277974923112
2026-06-22,SKU-1018,Flour,340.0,0,5356.0,14,False,False,False,329.2857142857143,315.57142857142856,295.7142857142857,85.62833433047516,0.28956441561030244,1.1349089118660758,0,0.0,16.972385694884565,1.212313263920326
2026-06-23,SKU-1018,Flour,268.0,0,5088.0,14,False,False,False,311.2857142857143,304.5,295.0,85.77835348108471,0.29077407959689733,1.0681372549019608,0,0.0,16.70935960591133,1.1935256861365235
2026-06-24,SKU-1018,Flour,361.0,0,4727.0,14,False,False,False,315.0,305.85714285714283,293.10714285714283,83.61257183768575,0.28526282581396384,1.089696071163825,0,0.0,15.454927603923402,1.103923400280243
2026-06-25,SKU-1018,Flour,343.0,0,4384.0,14,False,False,False,298.57142857142856,308.2142857142857,292.60714285714283,83.25744957691714,0.2845366273835811,1.0038424591738713,0,0.0,14.223870220162224,1.0159907300115874
2026-06-26,SKU-1018,Flour,285.0,0,4099.0,14,False,False,False,307.14285714285717,308.7857142857143,292.17857142857144,83.26488458702742,0.28497943630812467,1.0646199554345135,0,0.0,13.274577839463335,0.9481841313902383
2026-06-27,SKU-1018,Flour,218.0,0,3881.0,14,False,False,False,302.0,310.64285714285717,294.60714285714283,79.88757808492583,0.27116646701150726,1.0355131031104579,0,0.0,12.493446769372268,0.892389054955162
2026-06-28,SKU-1018,Flour,192.0,0,3689.0,14,False,False,False,286.7142857142857,303.0,294.2142857142857,80.38028003179268,0.2732031853471953,0.9496096522356281,0,0.0,12.174917491749175,0.8696369636963697
2026-06-29,SKU-1018,Flour,213.0,0,3476.0,14,False,False,False,268.57142857142856,298.92857142857144,294.5357142857143,80.02336794955212,0.27169325846822595,0.851063829787234,0,0.0,11.628195937873357,0.8305854241338112
2026-01-01,SKU-1019,Snacks,562.0,10148,11465.0,14,False,False,False,,,,,,,0,,,
2026-01-02,SKU-1019,Snacks,434.0,0,11031.0,14,False,False,False,,,,,,,0,,,
2026-01-03,SKU-1019,Snacks,402.0,0,10629.0,14,False,False,False,466.0,,,,,,0,,,
2026-01-04,SKU-1019,Snacks,362.0,0,10267.0,14,False,False,False,440.0,,,,,,0,,,
2026-01-05,SKU-1019,Snacks,423.0,0,9881.0,14,True,False,False,436.6,436.6,,,,,0,0.0,22.631699496106275,1.616549964007591
2026-01-06,SKU-1019,Snacks,485.0,0,9361.0,14,True,False,False,444.6666666666667,444.6666666666667,,,,,0,0.0,21.051724137931032,1.503694581280788
2026-01-07,SKU-1019,Snacks,546.0,0,8815.0,14,False,False,False,459.14285714285717,459.14285714285717,459.14285714285717,74.64678731963524,0.16257856603529763,,0,0.0,19.198817672682015,1.3713441194772868
2026-01-08,SKU-1019,Snacks,540.0,0,8275.0,14,False,False,False,456.0,469.25,469.25,74.78875010893779,0.1593793289481892,,0,0.0,17.634523175279703,1.2596087982342645
2026-01-09,SKU-1019,Snacks,445.0,0,7830.0,14,False,False,False,457.57142857142856,466.55555555555554,466.55555555555554,70.42391481434255,0.15094432801359442,,0,0.0,16.782567277923317,1.1987548055659512
2026-01-10,SKU-1019,Snacks,393.0,9917,17354.0,14,False,False,False,456.2857142857143,459.2,459.2,70.35276192951568,0.15320723416706378,,0,0.0,37.791811846689896,2.699415131906421
2026-01-11,SKU-1019,Snacks,417.0,0,16937.0,14,False,False,False,464.14285714285717,455.3636363636364,455.3636363636364,67.94449606446828,0.14920931457559414,,0,0.0,37.194449990017965,2.656746427858426
2026-01-12,SKU-1019,Snacks,564.0,0,16373.0,14,False,False,False,484.2857142857143,464.4166666666667,464.4166666666667,71.97405887898188,0.1549773383362251,1.1092206007460244,0,0.0,35.25497936479454,2.518212811771039
2026-01-13,SKU-1019,Snacks,392.0,0,15981.0,14,False,False,False,471.0,458.84615384615387,458.84615384615387,71.77725516467147,0.15642989390456483,1.0592203898050974,0,0.0,34.82866722548198,2.4877619446772843
2026-01-14,SKU-1019,Snacks,640.0,0,15341.0,14,False,False,False,484.42857142857144,471.7857142857143,471.7857142857143,84.25983491687946,0.17859768188286335,1.0550715619166149,0,0.0,32.51688115064345,2.3226343679031034
2026-01-15,SKU-1019,Snacks,569.0,0,14772.0,14,False,False,False,488.57142857142856,472.2857142857143,478.26666666666665,84.98610530691528,0.17769606629547383,1.0411751274830656,0,0.0,31.277676950998185,2.234119782214156
2026-01-16,SKU-1019,Snacks,426.0,0,14346.0,14,False,False,False,485.85714285714283,471.7142857142857,475.0,83.13763688406512,0.17502660396645287,1.0413703943115709,0,0.0,30.412477286493033,2.172319806178074
2026-01-17,SKU-1019,Snacks,540.0,0,13806.0,14,False,False,False,506.85714285714283,481.57142857142856,478.8235294117647,82.02685177284755,0.17130914989415336,1.1037829766052762,0,0.0,28.66864431919312,2.0477603085137943
2026-01-18,SKU-1019,Snacks,427.0,0,13379.0,14,False,False,False,508.2857142857143,486.2142857142857,475.94444444444446,80.5097525858694,0.16915787866763737,1.11621937655078,0,0.0,27.516674012046423,1.965476715146173
2026-01-19,SKU-1019,Snacks,492.0,0,12887.0,14,False,False,False,498.0,491.14285714285717,476.7894736842105,78.32806999861289,0.164282297160133,1.0723129373766374,0,0.0,26.238801628853984,1.8742001163467132
2026-01-20,SKU-1019,Snacks,518.0,0,12369.0,14,False,False,False,516.0,493.5,478.85,76.79382856234709,0.16037136590236417,1.1245599329421625,0,0.0,25.06382978723404,1.790273556231003
2026-01-21,SKU-1019,Snacks,633.0,0,11736.0,14,False,False,False,515.0,499.7142857142857,486.1904761904762,82.06072083988722,0.1687830693082891,1.0915972747918243,0,0.0,23.48542024013722,1.6775300171526586
2026-01-22,SKU-1019,Snacks,424.0,0,11312.0,14,False,False,False,494.2857142857143,491.42857142857144,483.3636363636364,81.17326879644285,0.16793416527381444,1.0465819721718088,0,0.0,23.01860465116279,1.6441860465116278
2026-01-23,SKU-1019,Snacks,477.0,0,10835.0,14,False,False,False,501.57142857142856,493.7142857142857,483.0869565217391,79.31806686515559,0.16419004031127518,1.0632949727437915,0,0.0,21.945891203703702,1.5675636574074072
2026-01-24,SKU-1019,Snacks,513.0,0,10322.0,14,False,False,False,497.7142857142857,502.2857142857143,484.3333333333333,77.81453237844046,0.1606631776567938,1.0335212103233462,0,0.0,20.550056882821387,1.4678612059158134
2026-01-25,SKU-1019,Snacks,552.0,0,9770.0,14,False,False,False,515.5714285714286,511.92857142857144,487.04,77.36896449266116,0.15885546257527342,1.0603790215954165,0,0.0,19.084693735175108,1.363192409655365
2026-01-26,SKU-1019,Snacks,324.0,0,9446.0,14,False,False,False,491.57142857142856,494.7857142857143,480.7692307692308,82.27335300924967,0.17112857425923933,1.00087260034904,0,0.0,19.091092825176844,1.3636494875126317
2026-01-27,SKU-1019,Snacks,681.0,0,8765.0,14,False,False,False,514.8571428571429,515.4285714285714,488.18518518518516,89.40617645031234,0.18313988044597782,1.043276885222174,0,0.0,17.005266075388025,1.2146618625277161
2026-01-28,SKU-1019,Snacks,519.0,0,8246.0,14,False,False,False,498.57142857142856,506.7857142857143,489.2857142857143,87.92794067486597,0.1797067400654195,0.9977129788450543,0,0.0,16.271176885130373,1.1622269203664553
2026-01-29,SKU-1019,Snacks,547.0,8236,15935.0,14,False,False,False,516.1428571428571,505.2142857142857,488.75,87.51322651356658,0.1790551949126682,1.0502906976744184,0,0.0,31.541071681040577,2.2529336915028986
2026-01-30,SKU-1019,Snacks,496.0,0,15439.0,14,False,False,False,518.8571428571429,510.2142857142857,490.9642857142857,86.85854065465342,0.17691417315270938,1.050925925925926,0,0.0,30.259834803303935,2.161416771664567
2026-01-31,SKU-1019,Snacks,395.0,0,15044.0,14,False,False,False,502.0,499.85714285714283,490.7142857142857,87.13372317470264,0.17756508361657014,0.9994311717861206,0,0.0,30.0965990282938,2.1497570734495572
2026-02-01,SKU-1019,Snacks,535.0,0,14509.0,14,False,False,False,499.57142857142856,507.57142857142856,496.89285714285717,83.7360665184294,0.1685193604913407,0.9758615878331239,0,0.0,28.58513931888545,2.041795665634675
2026-02-02,SKU-1019,Snacks,346.0,0,14163.0,14,False,True,False,502.7142857142857,497.14285714285717,494.14285714285717,87.43535783046694,0.17694348216631064,1.0160242529233434,0,0.0,28.488793103448273,2.034913793103448
2026-02-03,SKU-1019,Snacks,590.0,0,13573.0,14,False,False,False,489.7142857142857,502.2857142857143,497.89285714285717,89.26130565833488,0.1792781406235834,0.950110864745011,0,0.0,27.022468714448237,1.9301763367463027
2026-02-04,SKU-1019,Snacks,604.0,0,12969.0,14,False,False,False,501.85714285714283,500.2142857142857,499.9642857142857,91.07363001800293,0.182160271483969,0.9902748414376321,0,0.0,25.92688847636727,1.851920605454805
2026-02-05,SKU-1019,Snacks,397.0,0,12572.0,14,False,False,False,480.42857142857144,498.2857142857143,494.85714285714283,92.73966520667142,0.18740694470170322,0.9509401951081577,0,0.0,25.230504587155963,1.8021788990825687
2026-02-06,SKU-1019,Snacks,613.0,0,11959.0,14,False,False,False,497.14285714285717,508.0,500.85714285714283,94.80612352691706,0.18928775376167126,0.9743805123897522,0,0.0,23.541338582677167,1.6815241844769404
2026-02-07,SKU-1019,Snacks,617.0,0,11342.0,14,False,False,False,528.8571428571429,515.4285714285714,508.85714285714283,94.81862384875362,0.18633643092118904,1.0580165761646185,0,0.0,22.004988913525498,1.5717849223946785
2026-02-08,SKU-1019,Snacks,390.0,0,10952.0,14,False,False,False,508.14285714285717,503.85714285714283,507.89285714285717,95.91830601387531,0.18885539472530122,1.0011258091753448,0,0.0,21.736319818542672,1.552594272753048
2026-02-09,SKU-1019,Snacks,367.0,0,10585.0,14,False,False,False,511.14285714285717,506.92857142857144,500.85714285714283,98.83121200111059,0.1973241540238945,1.02816091954023,0,0.0,20.880653797379175,1.4914752712413697
2026-02-10,SKU-1019,Snacks,670.0,0,9915.0,14,False,False,False,522.5714285714286,506.14285714285717,510.7857142857143,101.42041475511984,0.19855765719083732,1.040386803185438,0,0.0,19.589331075359862,1.3992379339542758
2026-02-11,SKU-1019,Snacks,375.0,0,9540.0,14,False,False,False,489.85714285714283,495.85714285714283,501.32142857142856,101.28034198183609,0.20202675610824325,0.9792945880336997,0,0.0,19.239412273120138,1.3742437337942957
2026-02-12,SKU-1019,Snacks,355.0,0,9185.0,14,False,False,False,483.85714285714283,482.14285714285717,493.67857142857144,104.02138440098942,0.2107067035540551,0.9710435779816513,0,0.0,19.05037037037037,1.3607407407407408
2026-02-13,SKU-1019,Snacks,360.0,0,8825.0,14,False,False,False,447.7142857142857,472.42857142857144,491.32142857142856,106.33387445749756,0.21642425563785211,0.8813273340832396,0,0.0,18.6800725733293,1.3342908980949502
2026-02-14,SKU-1019,Snacks,550.0,0,8275.0,14,False,False,False,438.14285714285717,483.5,491.67857142857144,106.52005673474119,0.21664571719130915,0.8500554323725056,0,0.0,17.114788004136503,1.2224848574383216
2026-02-15,SKU-1019,Snacks,430.0,0,7845.0,14,False,False,False,443.85714285714283,476.0,491.7857142857143,106.45407882965732,0.21646435782355883,0.8809186277289481,0,0.0,16.48109243697479,1.177220888355342
2026-02-16,SKU-1019,Snacks,621.0,0,7224.0,14,False,False,False,480.14285714285717,495.64285714285717,496.39285714285717,109.219228833983,0.22002578655669644,0.9471607721572496,0,0.0,14.575010808473843,1.0410722006052746
2026-02-17,SKU-1019,Snacks,375.0,9201,16050.0,14,False,False,False,438.0,480.2857142857143,491.2857142857143,111.49119119592233,0.22693758021851013,0.8653683319220998,0,0.0,33.41760856632957,2.386972040452112
2026-02-18,SKU-1019,Snacks,646.0,0,15404.0,14,False,False,False,476.7142857142857,483.2857142857143,491.75,112.1284399117237,0.2280191965667996,0.9613944108326131,0,0.0,31.87348507242093,2.2766775051729238
2026-02-19,SKU-1019,Snacks,506.0,0,14898.0,14,False,False,False,498.2857142857143,491.07142857142856,494.67857142857144,111.36162434008122,0.22511915973736726,1.0334814814814814,0,0.0,30.337745454545455,2.166981818181818
2026-02-20,SKU-1019,Snacks,562.0,0,14336.0,14,False,False,False,527.1428571428571,487.42857142857144,497.7142857142857,112.01846975448987,0.22506581179145496,1.115814938010281,0,0.0,29.411488862837043,2.1008206330597887
2026-02-21,SKU-1019,Snacks,171.0,0,14165.0,14,False,False,False,473.0,455.57142857142856,485.5,127.820910594414,0.26327684983401445,0.9782833505687694,0,0.0,31.09281906553779,2.2209156475384133
2026-02-22,SKU-1019,Snacks,513.0,0,13652.0,14,False,False,False,484.85714285714283,464.35714285714283,484.10714285714283,127.28077428522147,0.26291860420407237,1.0186074429771907,0,0.0,29.399784648515613,2.0999846177511152
2026-02-23,SKU-1019,Snacks,358.0,0,13294.0,14,False,False,False,447.2857142857143,463.7142857142857,485.32142857142856,125.85089754427024,0.2593145287541075,0.9024355094394004,0,0.0,28.668515095502155,2.047751078250154
2026-02-24,SKU-1019,Snacks,627.0,0,12667.0,14,False,False,False,483.2857142857143,460.64285714285717,483.39285714285717,123.1254522189745,0.2547109465926329,1.0062462819750149,0,0.0,27.498526903395874,1.9641804930997053
2026-02-25,SKU-1019,Snacks,514.0,0,12153.0,14,False,False,False,464.42857142857144,470.57142857142856,483.2142857142857,123.07551344837852,0.25470172775717653,0.9609813774756134,0,0.0,25.826047358834245,1.8447176684881603
2026-02-26,SKU-1019,Snacks,706.0,0,11447.0,14,False,False,False,493.0,495.64285714285717,488.89285714285717,129.62148292616786,0.2651326993887574,1.0039272727272728,0,0.0,23.09525868280732,1.6496613344862372
2026-02-27,SKU-1019,Snacks,783.0,0,10664.0,14,False,False,False,524.5714285714286,525.8571428571429,499.14285714285717,141.04811742299654,0.28258065883256317,1.0762016412661195,0,0.0,20.279271936973647,1.4485194240695463
2026-02-28,SKU-1019,Snacks,390.0,0,10274.0,14,False,False,False,555.8571428571429,514.4285714285714,498.9642857142857,141.18794464927134,0.28296202492159456,1.220131702728128,0,0.0,19.97167453485143,1.4265481810608165
2026-03-01,SKU-1019,Snacks,299.0,0,9975.0,14,False,False,False,525.2857142857143,505.07142857142856,490.5357142857143,145.92196852931667,0.29747470832332484,1.131210582987233,0,0.0,19.749681798896905,1.4106915570640646
2026-03-02,SKU-1019,Snacks,630.0,0,9345.0,14,False,False,False,564.1428571428571,505.7142857142857,500.67857142857144,145.37258735208349,0.29035112674643965,1.216574245224892,0,0.0,18.478813559322035,1.3199152542372883
2026-03-03,SKU-1019,Snacks,560.0,0,8785.0,14,False,False,False,554.5714285714286,518.9285714285714,499.60714285714283,144.79930920791696,0.2898263391108496,1.203907582570941,0,0.0,16.92911218169305,1.2092222986923606
2026-03-04,SKU-1019,Snacks,450.0,0,8335.0,14,False,False,False,545.4285714285714,504.92857142857144,494.10714285714283,143.60706143932507,0.2906395171883702,1.159077109896782,0,0.0,16.50728533031546,1.1790918093082472
2026-03-05,SKU-1019,Snacks,519.0,8829,16645.0,14,False,False,False,518.7142857142857,505.85714285714283,498.4642857142857,142.39732679109068,0.2856720749552582,1.046548494019311,0,0.0,32.90454673820955,2.3503247670149676
2026-03-06,SKU-1019,Snacks,493.0,0,16152.0,14,False,False,False,477.2857142857143,500.92857142857144,494.17857142857144,140.6171723277038,0.28454728808092117,0.9076337951643575,0,0.0,32.244118066448024,2.303151290460573
2026-03-07,SKU-1019,Snacks,481.0,0,15671.0,14,False,False,False,490.2857142857143,523.0714285714286,489.32142857142856,138.55124832601982,0.2831497666687508,0.9530685920577617,0,0.0,29.959579407346716,2.1399699576676228
2026-03-08,SKU-1019,Snacks,378.0,0,15293.0,14,False,False,False,501.57142857142856,513.4285714285714,488.89285714285717,138.88800158446725,0.28408678825079137,0.9930702870881063,0,0.0,29.78603227601558,2.1275737340011127
2026-03-09,SKU-1019,Snacks,559.0,0,14734.0,14,False,False,False,491.42857142857144,527.7857142857143,495.75,137.3785322061315,0.27711252083939786,0.9717514124293786,0,0.0,27.91663283258898,1.9940452023277844
2026-03-10,SKU-1019,Snacks,744.0,0,13990.0,14,False,False,False,517.7142857142857,536.1428571428571,498.39285714285717,141.50470199901727,0.28392201046022814,0.9976600137646248,0,0.0,26.09379163335998,1.863842259525713
2026-03-11,SKU-1019,Snacks,571.0,0,13419.0,14,False,False,False,535.0,540.2142857142857,505.39285714285717,140.01463925729053,0.2770411913789933,1.0595558070448436,0,0.0,24.840142800476002,1.7742959143197143
2026-03-12,SKU-1019,Snacks,523.0,0,12896.0,14,False,False,False,535.5714285714286,527.1428571428571,511.39285714285717,136.89610531638087,0.26769264256293485,1.058740468794126,0,0.0,24.463956639566398,1.7474254742547426
2026-03-13,SKU-1019,Snacks,652.0,0,12244.0,14,False,False,False,558.2857142857143,517.7857142857143,521.8214285714286,136.05555879626922,0.2607320269862117,1.1145016398117782,0,0.0,23.646847841081527,1.689060560077252
2026-03-14,SKU-1019,Snacks,575.0,0,11724.0,14,True,False,False,571.7142857142857,531.0,522.7142857142857,136.32908364549013,0.26080994411544983,1.0929946743138057,0,0.0,22.07909604519774,1.5770782889426957
2026-03-15,SKU-1019,Snacks,498.0,0,11226.0,14,False,False,False,588.8571428571429,545.2142857142857,525.1428571428571,135.21744197312938,0.257486967848723,1.1469115191986645,0,0.0,20.590069435346525,1.4707192453818947
2026-03-16,SKU-1019,Snacks,668.0,0,10558.0,14,False,False,False,604.4285714285714,547.9285714285714,526.8214285714286,136.73468593822247,0.25954655320115444,1.1452158614156178,0,0.0,19.268934949810976,1.3763524964150697
2026-03-17,SKU-1019,Snacks,715.0,0,9843.0,14,False,False,False,600.2857142857143,559.0,538.9642857142857,137.84518480362297,0.2557594045789837,1.1196376232347458,0,0.0,17.608228980322004,1.2577306414515717
2026-03-18,SKU-1019,Snacks,587.0,0,9256.0,14,False,False,False,602.5714285714286,568.7857142857143,536.8571428571429,136.59367001376998,0.2544320622928126,1.1154303847679492,0,0.0,16.27326384528444,1.1623759889488885
2026-03-19,SKU-1019,Snacks,426.0,0,8830.0,14,False,False,False,588.7142857142857,562.1428571428571,534.0,138.09148872852106,0.2585982934991031,1.1168021680216802,0,0.0,15.707750952986023,1.121982210927573
2026-03-20,SKU-1019,Snacks,476.0,0,8354.0,14,False,False,False,563.5714285714286,560.9285714285714,530.9285714285714,138.40170427430346,0.26067857659629334,1.0884259897916952,0,0.0,14.893161848974914,1.0637972749267797
2026-03-21,SKU-1019,Snacks,429.0,0,7925.0,14,False,False,False,542.7142857142857,557.2142857142857,540.1428571428571,121.05239584445462,0.22411181457582185,1.0220608017218187,0,0.0,14.222535572362519,1.0158953980258942
2026-03-22,SKU-1019,Snacks,375.0,0,7550.0,14,False,False,False,525.1428571428571,557.0,535.2142857142857,124.94513081463283,0.23344879639728544,0.9631861653347308,0,0.0,13.55475763016158,0.96819697358297
2026-03-23,SKU-1019,Snacks,633.0,9206,16123.0,14,False,False,False,520.1428571428571,562.2857142857143,545.0357142857143,121.25286774550091,0.22246774764917274,0.9492895320036501,0,0.0,28.674034552845526,2.0481453252032518
2026-03-24,SKU-1019,Snacks,576.0,0,15547.0,14,False,False,False,500.2857142857143,550.2857142857143,543.2142857142857,120.35575572654568,0.22156220646569885,0.8949654996166624,0,0.0,28.25259605399792,2.0180425752855657
2026-03-25,SKU-1019,Snacks,753.0,0,14794.0,14,False,False,False,524.0,563.2857142857143,551.75,126.52407910193455,0.22931414427174363,0.9212608313449704,0,0.0,26.263758559472482,1.8759827542480345
2026-03-26,SKU-1019,Snacks,454.0,0,14340.0,14,False,False,False,528.0,558.3571428571429,542.75,124.08468583696884,0.2286221756554009,0.9392630241423127,0,0.0,25.68248688755277,1.8344633491109121
2026-03-27,SKU-1019,Snacks,428.0,0,13912.0,14,False,False,False,521.1428571428571,542.3571428571429,530.0714285714286,116.53418782150122,0.21984619721075557,0.9290716923468737,0,0.0,25.650994336889237,1.8322138812063742
2026-03-28,SKU-1019,Snacks,486.0,0,13426.0,14,False,False,False,529.2857142857143,536.0,533.5,113.6366855214296,0.21300222215825604,0.9498782207409309,0,0.0,25.04850746268657,1.789179104477612
2026-03-29,SKU-1019,Snacks,598.0,0,12828.0,14,False,False,False,561.1428571428571,543.1428571428571,544.1785714285714,104.462665161762,0.19196394464325892,1.007437804565273,0,0.0,23.618095739084694,1.6870068385060495
2026-03-30,SKU-1019,Snacks,614.0,0,12214.0,14,False,False,False,558.4285714285714,539.2857142857143,543.6071428571429,104.0186376767499,0.19134891629649808,0.9931402439024389,0,0.0,22.64847682119205,1.617748344370861
2026-03-31,SKU-1019,Snacks,587.0,0,11627.0,14,False,False,False,560.0,530.1428571428571,544.5714285714286,104.30099909731643,0.19152859225635233,1.0176531671858773,0,0.0,21.93182430611695,1.5665588790083536
2026-04-01,SKU-1019,Snacks,694.0,0,10933.0,14,False,False,False,551.5714285714286,537.7857142857143,553.2857142857143,106.28119834520646,0.19209098590664733,0.9792036520415925,0,0.0,20.329658653207595,1.4521184752291139
2026-04-02,SKU-1019,Snacks,502.0,0,10431.0,14,False,False,False,558.4285714285714,543.2142857142857,552.6785714285714,106.53257320387576,0.1927568368147671,1.000127926314443,0,0.0,19.202366863905326,1.3715976331360946
2026-04-03,SKU-1019,Snacks,208.0,0,10223.0,14,False,False,False,527.0,524.0714285714286,542.5,124.53900177439577,0.22956498022930097,0.9716844462004477,0,0.0,19.506882922175276,1.3933487801553768
2026-04-04,SKU-1019,Snacks,538.0,0,9685.0,14,False,False,False,534.4285714285714,531.8571428571429,544.5357142857143,123.96101004179499,0.22764532571458382,0.9970682302771855,0,0.0,18.209777061509534,1.3006983615363954
2026-04-05,SKU-1019,Snacks,511.0,0,9174.0,14,False,False,False,522.0,541.5714285714286,549.2857142857143,119.82235528229621,0.21814212925255486,0.9610731194108365,0,0.0,16.939593774729623,1.2099709839092587
2026-04-06,SKU-1019,Snacks,691.0,0,8483.0,14,False,False,False,533.0,545.7142857142857,554.0,122.77893413231222,0.22162262478756717,0.9883443708609271,0,0.0,15.54476439790576,1.1103403141361257
2026-04-07,SKU-1019,Snacks,644.0,0,7839.0,14,False,False,False,541.1428571428571,550.5714285714286,550.4285714285714,118.42466852983846,0.21514992984917444,1.0207491242252762,0,0.0,14.237934613388688,1.0169953295277634
2026-04-08,SKU-1019,Snacks,376.0,0,7463.0,14,False,False,False,495.7142857142857,523.6428571428571,543.4642857142857,122.82220879606817,0.22599867557928036,0.9217691592508964,0,0.0,14.2520802073387,1.0180057290956215
2026-04-09,SKU-1019,Snacks,686.0,0,6777.0,14,False,False,False,522.0,540.2142857142857,549.2857142857143,125.64672908237812,0.22874567063111748,0.9609467455621302,0,0.0,12.545021816739391,0.8960729869099565
2026-04-10,SKU-1019,Snacks,639.0,0,6138.0,14,False,False,False,583.5714285714286,555.2857142857143,548.8214285714286,125.2765987344651,0.2282647728616531,1.1135341420198992,0,0.0,11.053768973501414,0.7895549266786724
2026-04-11,SKU-1019,Snacks,609.0,0,5529.0,14,False,False,False,593.7142857142857,564.0714285714286,550.0357142857143,125.70379119856773,0.22853750753586755,1.1163040558689228,0,0.0,9.801950107635811,0.700139293402558
2026-04-12,SKU-1019,Snacks,514.0,0,5015.0,14,False,False,False,594.1428571428571,558.0714285714286,550.6071428571429,125.49467726228079,0.22792053988090172,1.0970720126615667,0,0.0,8.986304876487905,0.641878919749136
2026-04-13,SKU-1019,Snacks,786.0,0,4229.0,14,False,False,False,607.7142857142857,570.3571428571429,554.8214285714286,131.42412360198662,0.2368764377763518,1.1136125654450262,0,0.0,7.414652473387601,0.5296180338134001
2026-04-14,SKU-1019,Snacks,440.0,0,3789.0,14,False,False,False,578.5714285714286,559.8571428571429,545.0,129.26831126109866,0.23718956194697002,1.0508562532433836,0,0.0,6.767797907629497,0.4834141362592498
2026-04-15,SKU-1019,Snacks,700.0,0,3089.0,14,False,False,False,624.8571428571429,560.2857142857143,549.0357142857143,132.35515693065216,0.2410683922499356,1.1932887737007232,0,0.0,5.513258541560428,0.39380418154003055
2026-04-16,SKU-1019,Snacks,688.0,0,2401.0,14,False,False,False,625.1428571428571,573.5714285714286,558.3928571428571,132.5958323700438,0.23745975736240657,1.1572127462647097,0,0.0,4.1860523038605235,0.2990037359900374
2026-04-17,SKU-1019,Snacks,406.0,0,1995.0,14,False,False,False,591.8571428571429,587.7142857142857,555.8928571428571,134.8476065198303,0.24257841198556046,1.0658605608438385,0,0.0,3.394506562955761,0.24246475449684007
2026-04-18,SKU-1019,Snacks,388.0,7655,9262.0,14,False,False,False,560.2857142857143,577.0,554.4285714285714,136.48916076117914,0.24617988284675443,0.993288590604027,0,0.0,16.05199306759099,1.1465709333993563
2026-04-19,SKU-1019,Snacks,547.0,0,8715.0,14,False,False,False,565.0,579.5714285714286,560.5714285714286,131.90833758261653,0.2353104900811202,1.0124152054268527,0,0.0,15.036973132856792,1.0740695094897708
2026-04-20,SKU-1019,Snacks,742.0,8291,16264.0,14,False,False,False,558.7142857142857,583.2142857142857,564.4642857142857,135.6794921982486,0.24036860370458468,0.9795867251095803,0,0.0,27.886834047764854,1.9919167176974895
2026-04-21,SKU-1019,Snacks,391.0,0,15873.0,14,False,False,False,551.7142857142857,565.1428571428571,557.8571428571429,139.54627913765387,0.2501469792480351,0.9854554733350342,0,0.0,28.086703741152682,2.006193124368049
2026-04-22,SKU-1019,Snacks,615.0,0,15258.0,14,False,False,False,539.5714285714286,582.2142857142857,552.9285714285714,134.7535276996978,0.24370874406352785,0.9630290668026515,0,0.0,26.206845785793156,1.8719175561280825
2026-04-23,SKU-1019,Snacks,656.0,0,14602.0,14,False,False,False,535.0,580.0714285714286,560.1428571428571,134.6682382432264,0.24041766582570387,0.9327521793275219,0,0.0,25.172761975126217,1.7980544267947298
2026-04-24,SKU-1019,Snacks,651.0,0,13951.0,14,False,False,False,570.0,580.9285714285714,568.1071428571429,133.1494118387906,0.23437376824581233,0.9698590179873603,0,0.0,24.015000614779293,1.7153571867699495
2026-04-25,SKU-1019,Snacks,696.0,0,13255.0,14,False,False,False,614.0,587.1428571428571,575.6071428571429,134.26296455386964,0.23325451433321026,1.0641247833622183,0,0.0,22.57542579075426,1.6125304136253042
2026-04-26,SKU-1019,Snacks,483.0,0,12772.0,14,False,False,False,604.8571428571429,584.9285714285714,571.5,135.30746879278732,0.23675847557793056,1.043628296771013,0,0.0,21.835144706313347,1.5596531933080962
2026-04-27,SKU-1019,Snacks,630.0,0,12142.0,14,False,False,False,588.8571428571429,573.7857142857143,572.0714285714286,135.52720884982597,0.23690609612905028,1.009675443968157,0,0.0,21.161210008714054,1.5115150006224325
2026-04-28,SKU-1019,Snacks,426.0,0,11716.0,14,False,False,False,593.8571428571429,572.7857142857143,566.3214285714286,138.25822688573473,0.24413384327429985,1.0508088978766432,0,0.0,20.454420750717045,1.4610300536226462
2026-04-29,SKU-1019,Snacks,492.0,0,11224.0,14,False,False,False,576.2857142857143,557.9285714285714,559.1071428571429,136.60956511322067,0.24433521706612446,0.9898172003435163,0,0.0,20.117270515939058,1.436947893995647
2026-04-30,SKU-1019,Snacks,521.0,0,10703.0,14,False,False,False,557.0,546.0,559.7857142857143,136.36235962204938,0.24359742691191671,0.9602265730821328,0,0.0,19.602564102564102,1.40018315018315
2026-05-01,SKU-1019,Snacks,372.0,0,10331.0,14,False,False,False,517.1428571428571,543.5714285714286,565.6428571428571,123.61925245170987,0.21854647484833165,0.89020041804992,0,0.0,19.005781865965837,1.3575558475689884
2026-05-02,SKU-1019,Snacks,345.0,0,9986.0,14,False,False,False,467.0,540.5,558.75,130.41177662113756,0.23339915278950793,0.7953771289537713,0,0.0,18.475485661424607,1.3196775472446147
2026-05-03,SKU-1019,Snacks,420.0,0,9436.0,14,True,False,False,458.0,531.4285714285714,555.5,132.75862251413972,0.23898941946739824,0.7830015874954207,0,0.0,17.755913978494622,1.268279569892473
2026-05-04,SKU-1019,Snacks,496.0,0,8940.0,14,False,False,False,438.85714285714283,513.8571428571429,548.5357142857143,130.48243308551284,0.23787408857310757,0.7648450143159466,0,0.0,17.397831526271894,1.2427022518765638
2026-05-05,SKU-1019,Snacks,590.0,0,8350.0,14,False,False,False,462.2857142857143,528.0714285714286,546.6071428571429,129.4138750606018,0.23675847773256128,0.8070831774535477,0,0.0,15.81225483565535,1.1294467739753822
2026-05-06,SKU-1019,Snacks,595.0,0,7755.0,14,False,False,False,477.0,526.6428571428571,554.4285714285714,125.2725705460574,0.22594898062932278,0.8549481500448086,0,0.0,14.725349247253494,1.0518106605181068
2026-05-07,SKU-1019,Snacks,733.0,0,7022.0,14,False,False,False,507.2857142857143,532.1428571428571,556.1071428571429,127.39769731209145,0.22908840310439665,0.9290947148090005,0,0.0,13.195704697986578,0.9425503355704699
2026-05-08,SKU-1019,Snacks,634.0,0,6388.0,14,False,False,False,544.7142857142857,530.9285714285714,555.9285714285714,127.28065477269149,0.22895145404313,1.0021024967148489,0,0.0,12.031750302704157,0.8594107359074398
2026-05-09,SKU-1019,Snacks,391.0,0,5997.0,14,False,False,False,551.2857142857143,509.14285714285717,548.1428571428571,130.53982343578335,0.23814927392506738,1.019955068058676,0,0.0,11.778619528619528,0.8413299663299663
2026-05-10,SKU-1019,Snacks,578.0,0,5419.0,14,False,False,False,573.8571428571429,515.9285714285714,550.4285714285714,130.4801470840249,0.2370519152837203,1.0798387096774194,0,0.0,10.503391942406202,0.7502422816004429
2026-05-11,SKU-1019,Snacks,442.0,7505,12482.0,14,False,False,False,566.1428571428571,502.5,538.1428571428571,123.48540603101847,0.22946584608896453,1.1017514595496245,0,0.0,24.839800995024877,1.774271499644634
2026-05-12,SKU-1019,Snacks,758.0,0,11724.0,14,False,False,False,590.1428571428571,526.2142857142857,549.5,128.64061336688115,0.23410484689150346,1.117543622345462,0,0.0,22.279896837247186,1.5914212026605132
2026-05-13,SKU-1019,Snacks,782.0,0,10942.0,14,False,False,False,616.8571428571429,546.9285714285714,552.4285714285714,133.05148782594807,0.2408483100030092,1.171300691713007,0,0.0,20.00626877367115,1.4290191981193678
2026-05-14,SKU-1019,Snacks,711.0,0,10231.0,14,False,False,False,613.7142857142857,560.5,553.25,133.98718153172268,0.2421819819823275,1.1532885906040269,0,0.0,18.253345227475467,1.3038103733911048
2026-05-15,SKU-1019,Snacks,527.0,0,9704.0,14,False,False,False,598.4285714285714,571.5714285714286,557.5714285714286,130.97962198625163,0.23491092849186815,1.1271357459975784,0,0.0,16.977755561109724,1.2126968257935518
2026-05-16,SKU-1019,Snacks,502.0,0,9202.0,14,False,False,False,614.2857142857143,582.7857142857143,561.6428571428571,127.23155160913399,0.2265346206953931,1.2065095398428731,0,0.0,15.789680107856354,1.127834293418311
2026-05-17,SKU-1019,Snacks,475.0,0,8727.0,14,False,False,False,599.5714285714286,586.7142857142857,559.0714285714286,128.26186424696087,0.2294194582161048,1.1621210023535926,0,0.0,14.874360847333822,1.0624543462381302
2026-05-18,SKU-1019,Snacks,670.0,0,8057.0,14,False,False,False,632.1428571428571,599.1428571428571,556.5,125.14243736490681,0.22487410128464835,1.2579957356076759,0,0.0,13.44754411063424,0.9605388650453028
2026-05-19,SKU-1019,Snacks,716.0,0,7341.0,14,False,False,False,626.1428571428571,608.1428571428571,568.1071428571429,124.29276647875291,0.21878402347426174,1.1899009094611104,0,0.0,12.071176885130374,0.8622269203664553
2026-05-20,SKU-1019,Snacks,679.0,9388,16050.0,14,False,False,False,611.4285714285714,614.1428571428571,570.3928571428571,125.7667857247469,0.22049151589085927,1.1179313046885202,0,0.0,26.133984647592463,1.8667131891137474
2026-05-21,SKU-1019,Snacks,657.0,0,15393.0,14,False,False,False,603.7142857142857,608.7142857142857,570.4285714285714,125.79213558748965,0.22052215104243114,1.0770995284822225,0,0.0,25.28772588594227,1.806266134710162
2026-05-22,SKU-1019,Snacks,562.0,0,14831.0,14,False,False,False,608.7142857142857,603.5714285714286,567.25,124.80136068821379,0.22001121320090575,1.0649837540614846,0,0.0,24.57207100591716,1.7551479289940828
2026-05-23,SKU-1019,Snacks,483.0,0,14348.0,14,False,False,False,606.0,610.1428571428571,559.6428571428571,123.14346174000539,0.22003937005233895,1.0398333129059933,0,0.0,23.51580426129712,1.6797003043783658
2026-05-24,SKU-1019,Snacks,467.0,0,13881.0,14,False,False,False,604.8571428571429,602.2142857142857,559.0714285714286,123.54873939175181,0.22098918506254317,1.0309228147065985,0,0.0,23.049934764559367,1.6464239117542405
2026-05-25,SKU-1019,Snacks,486.0,0,13395.0,14,False,False,False,578.5714285714286,605.3571428571429,553.9285714285714,123.48397064109578,0.22292399599939922,0.9656652360515021,0,0.0,22.127433628318585,1.5805309734513275
2026-05-26,SKU-1019,Snacks,530.0,0,12865.0,14,False,False,False,552.0,589.0714285714286,557.6428571428571,121.03327191335823,0.21704442254220768,0.9076814658210007,0,0.0,21.839456772159572,1.559961198011398
2026-05-27,SKU-1019,Snacks,757.0,0,12108.0,14,False,False,False,563.1428571428571,587.2857142857143,567.1071428571429,125.97040783768884,0.22212805714813824,0.9169574319609212,0,0.0,20.616881537338845,1.4726343955242032
2026-05-28,SKU-1019,Snacks,454.0,0,11654.0,14,False,False,False,534.1428571428571,568.9285714285714,564.7142857142857,127.50565917516415,0.2257879115168604,0.8774935461159352,0,0.0,20.484118016321407,1.4631512868801004
2026-05-29,SKU-1019,Snacks,707.0,0,10947.0,14,False,False,False,554.8571428571429,581.7857142857143,576.6785714285714,124.43295192114321,0.21577523092785098,0.9192899408284024,0,0.0,18.81620626151013,1.3440147329650092
2026-05-30,SKU-1019,Snacks,381.0,0,10566.0,14,False,False,False,540.2857142857143,573.1428571428571,577.9642857142857,122.11484641224312,0.21128441571666612,0.88550690704753,0,0.0,18.435194416749752,1.316799601196411
2026-05-31,SKU-1019,Snacks,398.0,0,10168.0,14,False,False,False,530.4285714285714,567.6428571428571,577.1785714285714,123.2345110307771,0.21351193050317174,0.8807970584746769,0,0.0,17.91267144834529,1.2794765320246635
2026-06-01,SKU-1019,Snacks,385.0,0,9783.0,14,False,False,False,516.0,547.2857142857143,573.2142857142857,127.6489274426099,0.22268971765688958,0.8523893805309734,0,0.0,17.875489428347688,1.2768206734534062
2026-06-02,SKU-1019,Snacks,669.0,0,9114.0,14,False,False,False,535.8571428571429,543.9285714285714,576.0357142857143,128.9006169404129,0.2237719185523939,0.9096641202861647,0,0.0,16.75587655942219,1.1968483256730136
2026-06-03,SKU-1019,Snacks,565.0,0,8549.0,14,False,False,False,508.42857142857144,535.7857142857143,574.9642857142857,128.86182152840715,0.2241214362876825,0.8657261007054244,0,0.0,15.956005865884547,1.1397147047060392
2026-06-04,SKU-1019,Snacks,496.0,0,8053.0,14,False,False,False,514.4285714285714,524.2857142857143,566.5,125.84514293368656,0.22214500076555438,0.9042059008160703,0,0.0,15.359945504087191,1.0971389645776566
2026-06-05,SKU-1019,Snacks,557.0,8017,15513.0,14,False,False,False,493.0,523.9285714285714,563.75,125.15490401897962,0.22200426433521883,0.847391037446286,0,0.0,29.608997955010224,2.1149284253578733
2026-06-06,SKU-1019,Snacks,465.0,0,15048.0,14,False,False,False,505.0,522.6428571428571,566.3928571428571,122.11631955903971,0.21560356565061556,0.8811066799601197,0,0.0,28.792127921279214,2.056580565805658
2026-06-07,SKU-1019,Snacks,577.0,0,14471.0,14,False,False,False,530.5714285714286,530.5,566.3571428571429,122.11294537669392,0.21561120384332383,0.9346923367308418,0,0.0,27.278039585296888,1.9484313989497777
2026-06-08,SKU-1019,Snacks,426.0,0,14045.0,14,False,False,False,536.4285714285714,526.2142857142857,565.7857142857143,122.75219154500066,0.21695880338719972,0.9801618376403027,0,0.0,26.69064748201439,1.906474820143885
2026-06-09,SKU-1019,Snacks,552.0,0,13493.0,14,False,False,False,519.7142857142857,527.7857142857143,558.4285714285714,116.83588634757874,0.2092226156134692,0.9554826001313197,0,0.0,25.56529976992827,1.8260928407091621
2026-06-10,SKU-1019,Snacks,687.0,0,12806.0,14,False,False,False,537.1428571428571,522.7857142857143,555.0357142857143,111.35378459628275,0.2006245395210036,1.0025329956005864,0,0.0,24.495696133351547,1.7496925809536819
2026-06-11,SKU-1019,Snacks,653.0,0,12153.0,14,False,False,False,559.5714285714286,537.0,552.9642857142857,108.85650838599138,0.19685992603550725,1.0673024523160761,0,0.0,22.631284916201118,1.6165203511572226
2026-06-12,SKU-1019,Snacks,695.0,0,11458.0,14,False,False,False,579.2857142857143,536.1428571428571,558.9642857142857,111.95815426702202,0.20029572036781146,1.1056578050443082,0,0.0,21.371169730881963,1.526512123634426
2026-06-13,SKU-1019,Snacks,307.0,0,11151.0,14,False,False,False,556.7142857142857,530.8571428571429,552.0,121.30738428257975,0.21975975413510823,1.065190651906519,0,0.0,21.005651237890202,1.5004036598493002
2026-06-14,SKU-1019,Snacks,682.0,0,10469.0,14,False,False,False,571.7142857142857,551.1428571428571,559.3928571428571,122.74011668312133,0.21941666776016072,1.077689511242763,0,0.0,18.99507516848108,1.3567910834629342
2026-06-15,SKU-1019,Snacks,648.0,0,9821.0,14,False,False,False,603.4285714285714,569.9285714285714,558.6071428571429,122.07445793622544,0.2185336501639481,1.1467354418352111,0,0.0,17.231983957889458,1.2308559969921042
2026-06-16,SKU-1019,Snacks,582.0,0,9239.0,14,False,False,False,607.7142857142857,563.7142857142857,553.8214285714286,118.24207860757163,0.213502173277359,1.1514413317092973,0,0.0,16.38950836289914,1.1706791687785099
2026-06-17,SKU-1019,Snacks,278.0,0,8961.0,14,False,False,False,549.2857142857143,543.2142857142857,539.5,126.51408939250524,0.23450248265524604,1.0506899849706244,0,0.0,16.496252465483238,1.178303747534517
2026-06-18,SKU-1019,Snacks,851.0,0,8110.0,14,False,False,False,577.5714285714286,568.5714285714286,546.4285714285714,137.97998474589053,0.25251239038463624,1.0755520085129024,0,0.0,14.263819095477388,1.0188442211055277
2026-06-19,SKU-1019,Snacks,545.0,0,7565.0,14,False,False,False,556.1428571428571,567.7142857142857,545.8214285714286,137.9463270748415,0.2527316075440399,1.0373034905409007,0,0.0,13.32536487166583,0.9518117765475592
2026-06-20,SKU-1019,Snacks,707.0,0,6858.0,14,False,False,False,613.2857142857143,585.0,553.8214285714286,140.63718847825697,0.25393959356362905,1.1552744886975241,0,0.0,11.723076923076922,0.8373626373626373
2026-06-21,SKU-1019,Snacks,650.0,6998,13164.0,14,True,False,False,608.7142857142857,590.2142857142857,560.3571428571429,140.70515910563404,0.25109907297372547,1.1044582685329185,0,0.0,22.303763766186616,1.593125983299044
2026-06-22,SKU-1019,Snacks,592.0,0,12572.0,14,False,False,False,600.7142857142857,602.0714285714286,564.1428571428571,140.0549400891887,0.2482614790135024,1.0540167940844716,0,0.0,20.881243326610512,1.4915173804721795
2026-06-23,SKU-1019,Snacks,464.0,0,12108.0,14,False,False,False,583.8571428571429,595.7857142857143,561.7857142857143,141.20155206965077,0.2513441486300204,1.0357323872275723,0,0.0,20.32274307636974,1.4516245054549815
2026-06-24,SKU-1019,Snacks,720.0,0,11388.0,14,False,False,False,647.0,598.1428571428571,560.4642857142857,139.46949278601903,0.2488463517497313,1.1910585141354373,0,0.0,19.038930021495105,1.359923572963936
2026-06-25,SKU-1019,Snacks,763.0,0,10625.0,14,False,False,False,634.4285714285714,606.0,571.5,142.91580012694862,0.2500713912982478,1.1158291457286433,0,0.0,17.533003300330034,1.2523573785950024
2026-06-26,SKU-1019,Snacks,748.0,0,9877.0,14,False,False,False,663.4285714285714,609.7857142857143,572.9642857142857,144.55614880983154,0.25229521702146,1.1685958731756418,0,0.0,16.19749326461286,1.1569638046152042
2026-06-27,SKU-1019,Snacks,490.0,0,9387.0,14,False,False,False,632.4285714285714,622.8571428571429,576.8571428571429,140.60891765769242,0.24374998108069512,1.081074481074481,0,0.0,15.070871559633026,1.0764908256880734
2026-06-28,SKU-1019,Snacks,403.0,0,8984.0,14,False,False,False,597.1428571428571,602.9285714285714,577.0357142857143,140.37634129641364,0.2432714957170008,1.0117390778167736,0,0.0,14.900604193815898,1.06432887098685
2026-06-29,SKU-1019,Snacks,252.0,0,8732.0,14,False,False,False,548.5714285714286,574.6428571428571,572.2857142857143,149.09451567101524,0.2605246155010251,0.9111401115197533,0,0.0,15.195525170913612,1.085394655065258
2026-01-01,SKU-1020,Pasta,403.0,0,1006.0,14,False,False,False,,,,,,,0,,,
2026-01-02,SKU-1020,Pasta,390.0,7981,8597.0,14,False,False,False,,,,,,,0,,,
2026-01-03,SKU-1020,Pasta,324.0,0,8273.0,14,False,False,False,372.3333333333333,,,,,,0,,,
2026-01-04,SKU-1020,Pasta,480.0,0,7793.0,14,False,False,False,399.25,,,,,,0,,,
2026-01-05,SKU-1020,Pasta,409.0,0,7384.0,14,False,False,False,401.2,401.2,,,,,0,0.0,18.404785643070788,1.3146275459336276
2026-01-06,SKU-1020,Pasta,264.0,0,7120.0,14,False,False,False,378.3333333333333,378.3333333333333,,,,,0,0.0,18.819383259911895,1.3442416614222783
2026-01-07,SKU-1020,Pasta,329.0,0,6791.0,14,False,False,False,371.2857142857143,371.2857142857143,371.2857142857143,70.86539890457657,0.19086486815391918,,0,0.0,18.29049634474798,1.3064640246248556
2026-01-08,SKU-1020,Pasta,464.0,0,6327.0,14,False,False,False,380.0,382.875,382.875,73.34154445372106,0.1915548010544461,,0,0.0,16.524975514201763,1.1803553938715545
2026-01-09,SKU-1020,Pasta,326.0,0,6001.0,14,False,False,False,370.85714285714283,376.55555555555554,376.55555555555554,71.1760337317118,0.18901867913408268,,0,0.0,15.936559457066982,1.1383256755047844
2026-01-10,SKU-1020,Pasta,404.0,0,5597.0,14,False,False,False,382.2857142857143,379.3,379.3,67.66428567239555,0.17839252747797402,,0,0.0,14.756129712628526,1.054009265187752
2026-01-11,SKU-1020,Pasta,425.0,0,5172.0,14,False,False,False,374.42857142857144,383.45454545454544,383.45454545454544,65.65419047762852,0.1712176612740431,,0,0.0,13.487908961593172,0.9634220686852266
2026-01-12,SKU-1020,Pasta,467.0,0,4705.0,14,False,False,False,382.7142857142857,390.4166666666667,390.4166666666667,67.08401561858943,0.17182672090140302,0.9539239424583393,0,0.0,12.051227321237993,0.8608019515169996
2026-01-13,SKU-1020,Pasta,367.0,0,4338.0,14,False,False,False,397.42857142857144,388.61538461538464,388.61538461538464,64.55558129955207,0.1661168956639305,1.0504719949653871,0,0.0,11.16270783847981,0.7973362741771293
2026-01-14,SKU-1020,Pasta,473.0,0,3865.0,14,False,False,False,418.0,394.64285714285717,394.64285714285717,65.99604550257556,0.1672297985585625,1.1258176221623701,0,0.0,9.79366515837104,0.6995475113122172
2026-01-15,SKU-1020,Pasta,314.0,5990,9541.0,14,False,False,False,396.57142857142856,388.2857142857143,389.26666666666665,66.91729081129786,0.1719060390768056,1.0357725852338977,0,0.0,24.572111846946285,1.755150846210449
2026-01-16,SKU-1020,Pasta,437.0,0,9104.0,14,False,False,False,412.42857142857144,391.64285714285717,392.25,65.74039853849382,0.167598211697881,1.0952661973612108,0,0.0,23.245668429691772,1.6604048878351265
2026-01-17,SKU-1020,Pasta,447.0,0,8657.0,14,False,False,False,418.57142857142856,400.42857142857144,395.47058823529414,65.0231859099687,0.16441977695514917,1.1035365899589469,0,0.0,21.619336425258652,1.5442383160899038
2026-01-18,SKU-1020,Pasta,632.0,0,8025.0,14,False,False,False,448.14285714285717,411.2857142857143,408.6111111111111,84.18686420443015,0.2060317546811343,1.168698773961932,0,0.0,19.511983327544286,1.393713094824592
2026-01-19,SKU-1020,Pasta,305.0,0,7720.0,14,False,False,False,425.0,403.85714285714283,403.1578947368421,85.19798064762303,0.21132658385180647,1.088580576307364,0,0.0,19.115670321896005,1.3654050229925718
2026-01-20,SKU-1020,Pasta,405.0,0,7315.0,14,False,False,False,430.42857142857144,413.92857142857144,403.25,82.92664799308133,0.20564574827794502,1.1075952946499263,0,0.0,17.672131147540984,1.2622950819672132
2026-01-21,SKU-1020,Pasta,469.0,0,6846.0,14,False,False,False,429.85714285714283,423.92857142857144,406.3809523809524,82.09048433921936,0.2020037697590352,1.089230769230769,0,0.0,16.14894692502106,1.1534962089300758
2026-01-22,SKU-1020,Pasta,462.0,0,6384.0,14,False,False,False,451.0,423.7857142857143,408.90909090909093,80.9849539764194,0.1980512436061835,1.161515820456218,0,0.0,15.064217090847801,1.0760155064891286
2026-01-23,SKU-1020,Pasta,503.0,0,5881.0,14,False,False,False,460.42857142857144,436.42857142857144,413.0,81.51909982552331,0.19738280829424532,1.1756337771293088,0,0.0,13.475286415711947,0.9625204582651391
2026-01-24,SKU-1020,Pasta,725.0,0,5156.0,14,False,False,False,500.14285714285717,459.35714285714283,426.0,102.04133859671136,0.2395336586777262,1.2490189083125223,0,0.0,11.224381900171046,0.8017415642979319
2026-01-25,SKU-1020,Pasta,292.0,0,4864.0,14,False,False,False,451.57142857142856,449.85714285714283,420.64,103.42544819014967,0.24587639832196098,1.0979506773185133,0,0.0,10.812321371864085,0.7723086694188632
2026-01-26,SKU-1020,Pasta,320.0,0,4544.0,14,False,False,False,453.7142857142857,439.35714285714283,416.7692307692308,103.24003397609192,0.24771510551664727,1.123452423063318,0,0.0,10.34238335230044,0.7387416680214599
2026-01-27,SKU-1020,Pasta,326.0,0,4218.0,14,False,False,False,442.42857142857144,436.42857142857144,413.4074074074074,102.73126228520825,0.2484988426537021,1.0688524590163935,0,0.0,9.66481178396072,0.6903436988543372
2026-01-28,SKU-1020,Pasta,330.0,0,3888.0,14,False,False,False,422.57142857142856,426.2142857142857,410.42857142857144,102.03573396262215,0.2486077750568587,0.9967986520640268,0,0.0,9.122171945701357,0.6515837104072398
2026-01-29,SKU-1020,Pasta,397.0,0,3491.0,14,False,False,False,413.2857142857143,432.14285714285717,410.2142857142857,102.05821038445808,0.24879243346376687,0.9752233271532108,0,0.0,8.078347107438017,0.5770247933884297
2026-01-30,SKU-1020,Pasta,425.0,7522,10588.0,14,False,False,False,402.14285714285717,431.2857142857143,411.4642857142857,102.0157875011064,0.24793351705850006,0.9214402618657938,0,0.0,24.5498509440212,1.7535607817157999
2026-01-31,SKU-1020,Pasta,393.0,0,10195.0,14,False,False,False,354.7142857142857,427.42857142857144,413.92857142857144,100.64897878874345,0.2431554276173267,0.7721971699580159,0,0.0,23.851938502673796,1.7037098930481283
2026-02-01,SKU-1020,Pasta,261.0,0,9934.0,14,False,False,False,350.2857142857143,400.92857142857144,406.10714285714283,103.78479846073022,0.2555601404362366,0.7786598920292156,0,0.0,24.777480848031356,1.7698200605736683
2026-02-02,SKU-1020,Pasta,383.0,0,9551.0,14,False,False,False,359.2857142857143,406.5,405.17857142857144,103.87423077985136,0.25636654577662743,0.8177532108600228,0,0.0,23.49569495694957,1.6782639254963978
2026-02-03,SKU-1020,Pasta,403.0,0,9148.0,14,False,False,False,370.2857142857143,406.35714285714283,410.14285714285717,100.13128947674214,0.24413759189731624,0.8484451718494271,0,0.0,22.512216558270346,1.6080154684478818
2026-02-04,SKU-1020,Pasta,409.0,0,8739.0,14,False,False,False,381.57142857142856,402.07142857142856,413.0,98.86354231970448,0.23937903709371544,0.8952572481984246,0,0.0,21.734944039793927,1.5524960028424233
2026-02-05,SKU-1020,Pasta,244.0,0,8495.0,14,False,False,False,359.7142857142857,386.5,405.14285714285717,103.30276045421205,0.25497860478825257,0.832396694214876,0,0.0,21.979301423027167,1.5699501016447976
2026-02-06,SKU-1020,Pasta,417.0,0,8078.0,14,False,False,False,358.57142857142856,380.35714285714283,408.39285714285717,102.14562563310695,0.2501160924990813,0.8314011262007287,0,0.0,21.23793427230047,1.5169953051643195
2026-02-07,SKU-1020,Pasta,295.0,0,7783.0,14,False,False,False,344.57142857142856,349.64285714285717,404.5,104.37201980664413,0.25802724303249475,0.8061497326203207,0,0.0,22.259856996935646,1.5899897854954033
2026-02-08,SKU-1020,Pasta,358.0,0,7425.0,14,False,False,False,358.42857142857144,354.35714285714283,402.10714285714283,104.6522775975239,0.2602596831628626,0.8939960805273472,0,0.0,20.953436807095343,1.4966740576496673
2026-02-09,SKU-1020,Pasta,510.0,0,6915.0,14,False,False,False,376.57142857142856,367.92857142857144,403.64285714285717,105.94730146554318,0.2624778305640779,0.9263749780354946,0,0.0,18.79440885264997,1.3424577751892834
2026-02-10,SKU-1020,Pasta,386.0,0,6529.0,14,False,False,False,374.14285714285717,372.2142857142857,404.32142857142856,105.76460710654635,0.26158546055854587,0.920724204605379,0,0.0,17.540971022836306,1.2529265016311648
2026-02-11,SKU-1020,Pasta,298.0,0,6231.0,14,False,False,False,358.2857142857143,369.92857142857144,398.07142857142856,106.72218297347716,0.2680980731434919,0.891099662462249,0,0.0,16.84379223788376,1.2031280169916971
2026-02-12,SKU-1020,Pasta,427.0,0,5804.0,14,False,False,False,384.42857142857144,372.07142857142856,402.10714285714283,105.55544068498344,0.262505758875525,0.99464054703382,0,0.0,15.599155308120562,1.1142253791514687
2026-02-13,SKU-1020,Pasta,384.0,0,5420.0,14,False,False,False,379.7142857142857,369.14285714285717,400.2142857142857,105.38161943282952,0.2633129880527598,0.9983098591549296,0,0.0,14.68266253869969,1.0487616099071206
2026-02-14,SKU-1020,Pasta,372.0,0,5048.0,14,False,False,False,390.7142857142857,367.64285714285717,397.5357142857143,105.10117952006027,0.264381729095471,1.1174668028600612,0,0.0,13.730716922479113,0.9807654944627938
2026-02-15,SKU-1020,Pasta,467.0,0,4581.0,14,False,False,False,406.2857142857143,382.35714285714283,391.64285714285717,95.67081457740788,0.24428075945353095,1.1465430356782906,0,0.0,11.980945264337755,0.855781804595554
2026-02-16,SKU-1020,Pasta,425.0,7018,11174.0,14,False,False,False,394.14285714285717,385.35714285714283,395.92857142857144,94.32407829410126,0.23823508860137427,1.0712483013007184,0,0.0,28.99647822057461,2.071177015755329
2026-02-17,SKU-1020,Pasta,472.0,0,10702.0,14,False,False,False,406.42857142857144,390.2857142857143,398.32142857142856,95.40636424591567,0.2395210435654657,1.091920936480522,0,0.0,27.420937042459737,1.9586383601756956
2026-02-18,SKU-1020,Pasta,523.0,0,10179.0,14,False,False,False,438.57142857142856,398.42857142857144,400.25,97.41268645038735,0.24337960387354743,1.185557057346978,0,0.0,25.547866618859807,1.8248476156328433
2026-02-19,SKU-1020,Pasta,270.0,0,9909.0,14,False,False,False,416.14285714285717,400.2857142857143,393.39285714285717,99.63724548496253,0.2532767020952293,1.118448838548666,0,0.0,24.754817987152034,1.7682012847965738
2026-02-20,SKU-1020,Pasta,503.0,0,9406.0,14,False,False,False,433.14285714285717,406.42857142857144,393.39285714285717,99.63724548496253,0.2532767020952293,1.173374613003096,0,0.0,23.143057996485062,1.6530755711775045
2026-02-21,SKU-1020,Pasta,264.0,0,9142.0,14,False,False,False,417.7142857142857,404.2142857142857,376.92857142857144,78.70099466237107,0.20879551360113605,1.136195842238197,0,0.0,22.616716734405372,1.6154797667432408
2026-02-22,SKU-1020,Pasta,348.0,0,8794.0,14,False,False,False,400.7142857142857,403.5,378.92857142857144,77.15925261788286,0.20362479484455417,1.0480104614235008,0,0.0,21.794299876084263,1.5567357054345903
2026-02-23,SKU-1020,Pasta,600.0,0,8194.0,14,False,False,False,425.7142857142857,409.92857142857144,388.92857142857144,86.78322442919507,0.22313409403282478,1.1047265987025023,0,0.0,19.9888482313992,1.4277748736713713
2026-02-24,SKU-1020,Pasta,476.0,0,7718.0,14,False,False,False,426.2857142857143,416.35714285714283,394.2857142857143,87.3824531682026,0.2216221638323979,1.0922401171303076,0,0.0,18.536970320809747,1.3240693086292676
2026-02-25,SKU-1020,Pasta,469.0,0,7249.0,14,False,False,False,418.57142857142856,428.57142857142856,399.25,87.54326972460002,0.2192693042569819,1.0505557547508066,0,0.0,16.914333333333335,1.2081666666666668
2026-02-26,SKU-1020,Pasta,311.0,0,6938.0,14,False,False,False,424.42857142857144,420.2857142857143,396.17857142857144,89.1195840685439,0.22494801712063725,1.0603140613847253,0,0.0,16.507817811012917,1.1791298436437798
2026-02-27,SKU-1020,Pasta,406.0,0,6532.0,14,False,False,False,410.57142857142856,421.85714285714283,395.5,88.96420420387983,0.22494109786063168,1.0101933216168717,0,0.0,15.483914663054522,1.1059939045038945
2026-02-28,SKU-1020,Pasta,466.0,0,6066.0,14,False,False,False,439.42857142857144,428.57142857142856,398.10714285714283,89.95239040560588,0.22595020466107157,1.0871178653472344,0,0.0,14.154,1.011
2026-03-01,SKU-1020,Pasta,409.0,0,5657.0,14,False,False,False,448.14285714285717,424.42857142857144,403.39285714285717,85.85230180296695,0.21282553789137446,1.1106390511594972,0,0.0,13.328508919555704,0.952036351396836
2026-03-02,SKU-1020,Pasta,357.0,0,5300.0,14,False,False,False,413.42857142857144,419.57142857142856,402.4642857142857,86.22085428877233,0.21423231165903142,1.0085380728349886,0,0.0,12.631937351038475,0.9022812393598911
2026-03-03,SKU-1020,Pasta,471.0,0,4829.0,14,False,False,False,412.7142857142857,419.5,404.89285714285717,87.18874344849213,0.21533781569707855,0.991250643335049,0,0.0,11.511323003575685,0.8222373573982632
2026-03-04,SKU-1020,Pasta,592.0,0,4237.0,14,False,False,False,430.2857142857143,424.42857142857144,411.42857142857144,94.09350297224191,0.22869948639086574,1.004,0,0.0,9.982834062605184,0.7130595759003703
2026-03-05,SKU-1020,Pasta,390.0,5490,9337.0,14,False,False,False,441.57142857142856,433.0,416.64285714285717,88.3411796455312,0.21203094720340077,1.0506458191706323,0,0.0,21.5635103926097,1.5402507423292644
2026-03-06,SKU-1020,Pasta,330.0,0,9007.0,14,False,False,False,430.7142857142857,420.64285714285717,413.5357142857143,89.84533300307733,0.2172613631648817,1.0209955976972571,0,0.0,21.412463915775174,1.5294617082696553
2026-03-07,SKU-1020,Pasta,333.0,0,8674.0,14,False,False,False,411.7142857142857,425.57142857142856,414.89285714285717,88.26153865840546,0.21273332895199729,0.9606666666666667,0,0.0,20.382007385028533,1.455857670359181
2026-03-08,SKU-1020,Pasta,406.0,0,8268.0,14,False,False,False,411.2857142857143,429.7142857142857,416.60714285714283,87.5791025664753,0.21021987757062224,0.9690339952877819,0,0.0,19.2406914893617,1.3743351063829787
2026-03-09,SKU-1020,Pasta,510.0,0,7758.0,14,False,False,False,433.14285714285717,423.2857142857143,416.60714285714283,87.5791025664753,0.21021987757062224,1.0323459312223358,0,0.0,18.328045899426257,1.309146135673304
2026-03-10,SKU-1020,Pasta,299.0,0,7459.0,14,False,False,False,408.57142857142856,410.64285714285717,413.5,90.20901654860594,0.21815965308006274,0.9739485782394006,0,0.0,18.16420246999478,1.2974430335710558
2026-03-11,SKU-1020,Pasta,468.0,0,6991.0,14,False,False,False,390.85714285714283,410.57142857142856,419.57142857142856,87.83715090646481,0.20934969572531623,0.9209020531807471,0,0.0,17.02748782185108,1.2162491301322198
2026-03-12,SKU-1020,Pasta,363.0,0,6628.0,14,False,False,False,387.0,414.2857142857143,417.2857142857143,88.46713436318515,0.2120061419179377,0.8937644341801386,0,0.0,15.998620689655173,1.1427586206896552
2026-03-13,SKU-1020,Pasta,318.0,0,6310.0,14,False,False,False,385.2857142857143,408.0,414.92857142857144,90.24818806898809,0.2175029493829976,0.9159449821701476,0,0.0,15.465686274509803,1.1046918767507001
2026-03-14,SKU-1020,Pasta,360.0,0,5950.0,14,False,False,False,389.14285714285717,400.42857142857144,414.5,90.4877728593042,0.21830584525766997,0.9144008056394765,0,0.0,14.85907955761684,1.06136282554406
2026-03-15,SKU-1020,Pasta,307.0,0,5643.0,14,False,False,False,375.0,393.14285714285717,408.7857142857143,92.08746130228872,0.22527074230858676,0.8726728723404256,0,0.0,14.353561046511627,1.0252543604651163
2026-03-16,SKU-1020,Pasta,382.0,0,5261.0,14,False,False,False,356.7142857142857,394.92857142857144,407.25,92.16556157665798,0.22631199896048612,0.8427269659129262,0,0.0,13.321396274190631,0.9515283052993307
2026-03-17,SKU-1020,Pasta,344.0,0,4917.0,14,False,False,False,363.14285714285717,385.85714285714283,402.67857142857144,92.009280357786,0.22849311308363707,0.8843277091668116,0,0.0,12.743058126619772,0.910218437615698
2026-03-18,SKU-1020,Pasta,504.0,0,4413.0,14,False,False,False,368.2857142857143,379.57142857142856,402.0,91.15513841391089,0.22675407565649475,0.8970076548364648,0,0.0,11.626270229582236,0.8304478735415882
2026-03-19,SKU-1020,Pasta,502.0,6823,10734.0,14,False,False,False,388.14285714285717,387.57142857142856,410.2857142857143,89.2362063800368,0.2174977175000897,0.936896551724138,0,0.0,27.69553999262809,1.978252856616292
2026-03-20,SKU-1020,Pasta,422.0,0,10312.0,14,False,False,False,403.0,394.14285714285717,407.39285714285717,87.41359301267873,0.21456830054834788,0.9877450980392157,0,0.0,26.163102573396156,1.8687930409568683
2026-03-21,SKU-1020,Pasta,396.0,0,9916.0,14,False,False,False,408.14285714285717,398.64285714285717,412.10714285714283,82.8333173645029,0.20099947016258612,1.0192650731359258,0,0.0,24.874395269664934,1.776742519261781
2026-03-22,SKU-1020,Pasta,299.0,0,9617.0,14,False,False,False,407.0,391.0,410.35714285714283,84.73366303184139,0.20648760355888243,1.0352470930232558,0,0.0,24.595907928388748,1.756850566313482
2026-03-23,SKU-1020,Pasta,296.0,0,9073.0,14,True,False,False,394.7142857142857,375.7142857142857,399.5,78.80284822827716,0.19725368768029325,0.9994574064026044,0,0.0,24.148669201520914,1.7249049429657795
2026-03-24,SKU-1020,Pasta,293.0,0,8780.0,14,False,False,False,387.42857142857144,375.2857142857143,392.9642857142857,79.80554243393499,0.20308599365174768,1.0040725657164014,0,0.0,23.39550818424058,1.6711077274457558
2026-03-25,SKU-1020,Pasta,227.0,0,8314.0,14,True,False,False,347.85714285714283,358.07142857142856,384.32142857142856,84.24657529974405,0.21920863380660102,0.9164471208129469,0,0.0,23.218831039297825,1.658487931378416
2026-03-26,SKU-1020,Pasta,161.0,0,8153.0,14,False,False,False,299.14285714285717,343.64285714285717,378.9642857142857,93.35812454194554,0.24635071974125672,0.771839292296351,0,0.0,23.725213053419246,1.694658075244232
2026-03-27,SKU-1020,Pasta,385.0,0,7768.0,14,False,False,False,293.85714285714283,348.42857142857144,378.2142857142857,93.21713288035552,0.24646645143059062,0.7455599855019933,0,0.0,22.294382943829437,1.5924559245592456
2026-03-28,SKU-1020,Pasta,508.0,0,7260.0,14,False,False,False,309.85714285714283,359.0,379.7142857142857,95.00286823851673,0.2501956650374782,0.7772800573373946,0,0.0,20.22284122562674,1.4444886589733386
2026-03-29,SKU-1020,Pasta,374.0,0,6886.0,14,False,False,False,320.57142857142856,363.7857142857143,378.4642857142857,94.8333751778299,0.25057417240532576,0.8198757763975155,0,0.0,18.928725701943844,1.3520518358531317
2026-03-30,SKU-1020,Pasta,381.0,0,6505.0,14,False,False,False,332.7142857142857,363.7142857142857,379.32142857142856,94.74060241539391,0.24976338081452118,0.8855513307984791,0,0.0,17.884917517674783,1.2774941084053417
2026-03-31,SKU-1020,Pasta,459.0,0,6046.0,14,False,False,False,356.42857142857144,371.92857142857144,378.89285714285717,94.33680373895723,0.24898015879826585,0.9497525694708794,0,0.0,16.25580948722873,1.1611292490877665
2026-04-01,SKU-1020,Pasta,460.0,0,5586.0,14,False,False,False,389.7142857142857,368.7857142857143,374.17857142857144,86.24386336577209,0.2304885152468854,1.0883702373828048,0,0.0,15.147007553747821,1.0819291109819873
2026-04-02,SKU-1020,Pasta,380.0,0,5206.0,14,False,False,False,421.0,360.07142857142856,373.82142857142856,86.19661141892885,0.23058231773478627,1.2251091249220536,0,0.0,14.458242412219798,1.0327316008728427
2026-04-03,SKU-1020,Pasta,804.0,0,4402.0,14,False,True,False,480.85714285714283,387.35714285714283,390.75,117.9634673516747,0.30188987166135556,1.3800738007380073,0,0.0,11.364189562972525,0.811727825926609
2026-04-04,SKU-1020,Pasta,262.0,0,4140.0,14,False,False,False,445.7142857142857,377.7857142857143,388.2142857142857,119.99640647176713,0.30909837913610666,1.2415439713489853,0,0.0,10.958593306863301,0.7827566647759501
2026-04-05,SKU-1020,Pasta,423.0,0,3717.0,14,False,False,False,452.7142857142857,386.64285714285717,388.82142857142856,120.13265925678083,0.30896614854320414,1.2444531710190458,0,0.0,9.61352300018474,0.68668021429891
2026-04-06,SKU-1020,Pasta,255.0,5771,9233.0,14,False,False,False,434.7142857142857,383.7142857142857,379.7142857142857,120.27156221338721,0.3167422631654291,1.1952081696779262,0,0.0,24.06217423678332,1.7187267311988086
2026-04-07,SKU-1020,Pasta,358.0,0,8875.0,14,False,False,False,420.2857142857143,388.35714285714283,381.82142857142856,119.31814104765786,0.3124972359306351,1.1300172844248126,0,0.0,22.85267610814788,1.6323340077248485
2026-04-08,SKU-1020,Pasta,450.0,0,8425.0,14,False,False,False,418.85714285714283,404.2857142857143,381.17857142857144,118.88433643561056,0.31188620071180506,1.135773774937052,0,0.0,20.83922261484099,1.4885159010600706
2026-04-09,SKU-1020,Pasta,298.0,0,8127.0,14,False,False,False,407.14285714285717,414.07142857142856,378.85714285714283,119.88287935274475,0.31643293946802914,1.1307280301527476,0,0.0,19.627048473348285,1.4019320338105918
2026-04-10,SKU-1020,Pasta,540.0,0,7587.0,14,False,False,False,369.42857142857144,425.14285714285717,386.7857142857143,123.00929117056852,0.31802956165982627,0.9537156555412134,0,0.0,17.845766129032256,1.2746975806451613
2026-04-11,SKU-1020,Pasta,498.0,0,7089.0,14,False,False,False,403.14285714285717,424.42857142857144,391.7142857142857,124.64998615170016,0.3182165948438735,1.067120438646247,0,0.0,16.702457085156514,1.193032648939751
2026-04-12,SKU-1020,Pasta,380.0,0,6709.0,14,False,False,False,397.0,424.85714285714283,394.32142857142856,123.57125806637161,0.3133769790651576,1.0267873637539258,0,0.0,15.79119031607263,1.1279421654337594
2026-04-13,SKU-1020,Pasta,117.0,0,6592.0,14,False,False,False,377.2857142857143,406.0,384.85714285714283,134.23768700985804,0.34879874130252647,0.9832464631422189,0,0.0,16.236453201970445,1.1597466572836033
2026-04-14,SKU-1020,Pasta,591.0,0,6001.0,14,False,False,False,410.57142857142856,415.42857142857144,393.67857142857144,139.46725450572643,0.35426681721494513,1.057200662129851,0,0.0,14.445323246217331,1.031808803301238
2026-04-15,SKU-1020,Pasta,370.0,0,5631.0,14,False,False,False,399.14285714285717,409.0,388.89285714285717,137.83090533551774,0.35441871148815285,0.9872791519434629,0,0.0,13.767726161369193,0.983409011526371
2026-04-16,SKU-1020,Pasta,479.0,0,5152.0,14,False,False,False,425.0,416.07142857142856,388.07142857142856,137.1989441087294,0.35354044128882967,1.0263929618768328,0,0.0,12.382489270386266,0.8844635193133047
2026-04-17,SKU-1020,Pasta,429.0,0,4723.0,14,False,False,False,409.14285714285717,389.2857142857143,388.32142857142856,137.26941704962124,0.3534943141165635,0.9623655913978495,0,0.0,12.132477064220184,0.866605504587156
2026-04-18,SKU-1020,Pasta,289.0,0,4434.0,14,False,False,False,379.2857142857143,391.2142857142857,384.5,138.53131749148247,0.3602895123315539,0.8936385055536856,0,0.0,11.333941939017711,0.8095672813584079
2026-04-19,SKU-1020,Pasta,433.0,6581,10582.0,14,False,False,False,386.85714285714283,391.92857142857144,389.2857142857143,137.78078593746287,0.35393229415128075,0.9105581708137189,0,0.0,26.99981775104793,1.928558410789138
2026-04-20,SKU-1020,Pasta,353.0,0,10229.0,14,False,False,False,420.57142857142856,398.92857142857144,391.32142857142856,136.7688110351101,0.3495050386951796,1.035890218156228,0,0.0,25.641181736794987,1.831512981199642
2026-04-21,SKU-1020,Pasta,431.0,0,9798.0,14,False,False,False,397.7142857142857,404.14285714285717,396.25,135.5757612445419,0.3421470315319669,0.9573590096286108,0,0.0,24.24390243902439,1.7317073170731707
2026-04-22,SKU-1020,Pasta,393.0,0,9405.0,14,False,False,False,401.0,400.07142857142856,402.17857142857144,131.46779737270924,0.3268891152149772,0.980440097799511,0,0.0,23.508302088912696,1.6791644349223354
2026-04-23,SKU-1020,Pasta,529.0,0,8876.0,14,False,False,False,408.14285714285717,416.57142857142856,415.32142857142856,124.68361547634859,0.30020992633397203,0.9809442060085838,0,0.0,21.30727023319616,1.5219478737997256
2026-04-24,SKU-1020,Pasta,488.0,0,8388.0,14,False,False,False,416.57142857142856,412.85714285714283,419.0,125.27392208897885,0.29898310761092806,1.070091743119266,0,0.0,20.31695501730104,1.4512110726643601
2026-04-25,SKU-1020,Pasta,478.0,0,7910.0,14,False,False,False,443.57142857142856,411.42857142857144,417.92857142857144,124.6110774968286,0.2981635763041532,1.1338323899945224,0,0.0,19.225694444444443,1.3732638888888888
2026-04-26,SKU-1020,Pasta,470.0,0,7440.0,14,False,False,False,448.85714285714283,417.85714285714283,421.35714285714283,124.67831623695649,0.29589700412229036,1.1452524147986147,0,0.0,17.805128205128206,1.271794871794872
2026-04-27,SKU-1020,Pasta,253.0,0,7187.0,14,False,False,False,434.57142857142856,427.57142857142856,416.7857142857143,128.50085952814047,0.30831397316091974,1.0893464637421664,0,0.0,16.808887403942535,1.200634814567324
2026-04-28,SKU-1020,Pasta,470.0,0,6717.0,14,False,False,False,440.14285714285717,418.92857142857144,417.17857142857144,128.65142499575796,0.30838454754569156,1.0890774125132556,0,0.0,16.033759590792837,1.1452685421994884
2026-04-29,SKU-1020,Pasta,454.0,0,6263.0,14,False,False,False,448.85714285714283,424.92857142857144,416.9642857142857,128.5824370654605,0.3083775792576355,1.1219425102660239,0,0.0,14.73894772230627,1.0527819801647336
2026-04-30,SKU-1020,Pasta,284.0,0,5979.0,14,False,False,False,413.85714285714283,411.0,413.5357142857143,130.8642163530318,0.3164520302171941,0.9934842249657064,0,0.0,14.547445255474452,1.0391032325338894
2026-05-01,SKU-1020,Pasta,285.0,0,5694.0,14,False,False,False,384.85714285714283,400.7142857142857,395.0,108.32495694112365,0.2742403973193004,0.9321799307958477,0,0.0,14.209625668449197,1.0149732620320855
2026-05-02,SKU-1020,Pasta,518.0,0,5176.0,14,False,False,False,390.57142857142856,417.07142857142856,404.14285714285717,107.48392275495738,0.26595527016072873,0.9493055555555555,0,0.0,12.410344237026889,0.886453159787635
2026-05-03,SKU-1020,Pasta,323.0,0,4853.0,14,False,False,False,369.57142857142856,409.2142857142857,400.57142857142856,108.49080130708761,0.27084008885506894,0.8844444444444445,0,0.0,11.859312270902427,0.8470937336358876
2026-05-04,SKU-1020,Pasta,443.0,0,4410.0,14,False,False,False,396.7142857142857,415.64285714285717,407.2857142857143,104.90625696936644,0.2575741139198755,0.9278316070831941,0,0.0,10.610070458841724,0.7578621756315517
2026-05-05,SKU-1020,Pasta,304.0,0,4106.0,14,False,False,False,373.0,406.57142857142856,405.35714285714283,106.33253719162568,0.26231815342427484,0.8903665814151748,0,0.0,10.09908643710471,0.7213633169360507
2026-05-06,SKU-1020,Pasta,176.0,0,3930.0,14,False,False,False,333.2857142857143,391.07142857142856,395.57142857142856,114.37573835306821,0.28914054477120893,0.7843335014288115,0,0.0,10.04931506849315,0.7178082191780822
2026-05-07,SKU-1020,Pasta,557.0,0,3373.0,14,False,False,False,372.2857142857143,393.07142857142856,404.82142857142856,116.64318924773788,0.2881349183005435,0.9058046576294752,0,0.0,8.581137561330184,0.6129383972378702
2026-05-08,SKU-1020,Pasta,305.0,5739,8807.0,14,False,False,False,375.14285714285717,380.0,396.42857142857144,114.99933287131086,0.29008840724294627,0.9361853832442069,0,0.0,23.176315789473684,1.6554511278195487
2026-05-09,SKU-1020,Pasta,422.0,0,8385.0,14,False,False,False,361.42857142857144,376.0,393.7142857142857,113.39895392516964,0.2880234678796036,0.8665867443055318,0,0.0,22.300531914893618,1.5928951367781157
2026-05-10,SKU-1020,Pasta,294.0,0,8091.0,14,False,False,False,357.2857142857143,363.42857142857144,390.64285714285717,114.93837778492735,0.2942287966701377,0.873101762960377,0,0.0,22.262971698113205,1.5902122641509433
2026-05-11,SKU-1020,Pasta,822.0,0,7269.0,14,False,False,False,411.42857142857144,404.07142857142856,415.82142857142856,129.11810659135085,0.31051335433804206,0.989860800824884,0,0.0,17.989393671557362,1.2849566908255259
2026-05-12,SKU-1020,Pasta,464.0,0,6805.0,14,False,False,False,434.2857142857143,403.64285714285717,411.2857142857143,124.89813839103032,0.3036773076544676,1.06816584680253,0,0.0,16.858963015395503,1.2042116439568216
2026-05-13,SKU-1020,Pasta,81.0,0,6724.0,14,False,False,False,420.7142857142857,377.0,400.9642857142857,139.52153216083863,0.3479649862388422,1.075799086757991,0,0.0,17.83554376657825,1.2739674118984465
2026-05-14,SKU-1020,Pasta,378.0,0,6346.0,14,False,False,False,395.14285714285717,383.7142857142857,397.35714285714283,138.73268041004832,0.34913850903121996,1.0052698528075596,0,0.0,16.538346984363365,1.1813104988830976
2026-05-15,SKU-1020,Pasta,497.0,0,5849.0,14,False,False,False,422.57142857142856,398.85714285714283,399.7857142857143,139.8974113923689,0.34993099151208945,1.11203007518797,0,0.0,14.664398280802294,1.0474570200573068
2026-05-16,SKU-1020,Pasta,436.0,0,5413.0,14,False,False,False,424.57142857142856,393.0,405.0357142857143,138.33547043673352,0.3415389447340216,1.1291793313069909,0,0.0,13.773536895674301,0.9838240639767358
2026-05-17,SKU-1020,Pasta,375.0,0,5038.0,14,False,False,False,436.14285714285717,396.7142857142857,402.9642857142857,138.33547043673352,0.343294617763763,1.2000786163522013,0,0.0,12.699315808426359,0.9070939863161686
2026-05-18,SKU-1020,Pasta,385.0,0,4653.0,14,False,False,False,373.7142857142857,392.57142857142856,404.10714285714283,138.03926958329626,0.34159076874346406,0.9248718401979849,0,0.0,11.852620087336245,0.8466157205240175
2026-05-19,SKU-1020,Pasta,234.0,0,4419.0,14,False,False,False,340.85714285714283,387.57142857142856,397.07142857142856,141.59251093698123,0.3565920404960851,0.844452309325783,0,0.0,11.401769259122743,0.8144120899373387
2026-05-20,SKU-1020,Pasta,629.0,0,3790.0,14,False,False,False,419.14285714285717,419.92857142857144,405.5,148.21068587455966,0.36550107490643563,1.1117847669571808,0,0.0,9.02534444633441,0.6446674604524578
2026-05-21,SKU-1020,Pasta,423.0,5773,9140.0,14,False,False,False,425.57142857142856,410.35714285714283,401.7142857142857,146.28051619402157,0.3641406875384605,1.109084139985108,0,0.0,22.273281114012185,1.5909486510008704
2026-05-22,SKU-1020,Pasta,331.0,0,8809.0,14,False,False,False,401.85714285714283,412.2142857142857,396.10714285714283,145.85897280280682,0.3682311097717601,1.0075214899713467,0,0.0,21.3699532143476,1.526425229596257
2026-05-23,SKU-1020,Pasta,273.0,0,8536.0,14,False,False,False,378.57142857142856,401.57142857142856,388.7857142857143,146.7384564562903,0.3774275933103186,0.9632860777898945,0,0.0,21.256492351476343,1.5183208822483103
2026-05-24,SKU-1020,Pasta,628.0,0,7908.0,14,False,False,False,414.7142857142857,425.42857142857144,394.42857142857144,152.88640871004188,0.3876149442123481,1.04537270435722,0,0.0,18.588314304902617,1.3277367360644727
2026-05-25,SKU-1020,Pasta,352.0,0,7556.0,14,False,False,False,410.0,391.85714285714283,397.9642857142857,150.62253093543748,0.37848253308734175,1.044395924308588,0,0.0,19.282537367845425,1.3773240977032446
2026-05-26,SKU-1020,Pasta,658.0,0,6898.0,14,False,False,False,470.57142857142856,405.7142857142857,404.67857142857144,157.96390904522005,0.3903441402582439,1.214154072981939,0,0.0,17.00211267605634,1.2144366197183099
2026-05-27,SKU-1020,Pasta,411.0,0,6487.0,14,False,False,False,439.42857142857144,429.2857142857143,403.14285714285717,157.67540832842127,0.3911154706941704,1.0464364687872088,0,0.0,15.111148086522462,1.0793677204658902
2026-05-28,SKU-1020,Pasta,525.0,0,5962.0,14,False,False,False,454.0,439.7857142857143,411.75,157.50852416674206,0.3825343634893553,1.1063533507397738,0,0.0,13.556602241351309,0.9683287315250935
2026-05-29,SKU-1020,Pasta,587.0,0,5375.0,14,False,False,False,490.57142857142856,446.2142857142857,422.5357142857143,158.84198580673322,0.37592558554547634,1.1900883728989775,0,0.0,12.045781975348167,0.8604129982391547
2026-05-30,SKU-1020,Pasta,378.0,0,4997.0,14,False,False,False,505.57142857142856,442.07142857142856,417.5357142857143,157.92649066900222,0.37823468811325484,1.2589825684809677,0,0.0,11.303603166909033,0.8074002262077881
2026-05-31,SKU-1020,Pasta,773.0,0,4224.0,14,False,False,False,526.2857142857143,470.5,433.60714285714283,170.35764977240916,0.39288478656020565,1.2370718603089323,0,0.0,8.977683315621679,0.6412630939729771
2026-06-01,SKU-1020,Pasta,701.0,7760,11283.0,14,False,False,False,576.1428571428571,493.07142857142856,442.82142857142856,177.70346785240986,0.40129825791333784,1.4702880058330294,0,0.0,22.88309430682312,1.6345067362016514
2026-06-02,SKU-1020,Pasta,428.0,0,10855.0,14,False,False,False,543.2857142857143,506.92857142857144,447.25,175.6489818211731,0.39273109406634565,1.3390845070422537,0,0.0,21.4132732140341,1.52951951528815
2026-06-03,SKU-1020,Pasta,463.0,0,10392.0,14,False,False,False,550.7142857142857,495.07142857142856,457.5,167.4148761034715,0.365934155417424,1.2828618968386023,0,0.0,20.990910402539317,1.4993507430385227
2026-06-04,SKU-1020,Pasta,406.0,0,9986.0,14,False,False,False,533.7142857142857,493.85714285714283,452.10714285714283,166.52067812552954,0.368321272416054,1.2135780412538573,0,0.0,20.220422331501304,1.4443158808215217
2026-06-05,SKU-1020,Pasta,515.0,0,9471.0,14,False,False,False,523.4285714285714,507.0,459.60714285714283,164.36484694134836,0.35762030572365794,1.1730430606691211,0,0.0,18.680473372781066,1.334319526627219
2026-06-06,SKU-1020,Pasta,511.0,0,8960.0,14,False,False,False,542.4285714285714,524.0,462.7857142857143,164.47117436124532,0.3553938016757886,1.2270156729681694,0,0.0,17.099236641221374,1.2213740458015268
2026-06-07,SKU-1020,Pasta,387.0,0,8573.0,14,False,False,False,487.2857142857143,506.7857142857143,466.10714285714283,161.8546076612093,0.34724764497079613,1.0356763321694247,0,0.0,16.916420014094435,1.2083157152924595
2026-06-08,SKU-1020,Pasta,541.0,0,8032.0,14,False,False,False,464.42857142857144,520.2857142857143,456.07142857142856,147.00035993189195,0.32231872185536214,0.9419093147906707,0,0.0,15.437671609006038,1.102690829214717
2026-06-09,SKU-1020,Pasta,412.0,0,7620.0,14,False,False,False,462.14285714285717,502.7142857142857,454.2142857142857,147.22478584171054,0.3241306812052127,0.9116528110469213,0,0.0,15.15771526001705,1.0826939471440749
2026-06-10,SKU-1020,Pasta,412.0,0,7208.0,14,False,False,False,454.85714285714283,502.7857142857143,466.0357142857143,128.20830334896024,0.2751040304828636,0.918770740152936,0,0.0,14.336127290808355,1.0240090922005967
2026-06-11,SKU-1020,Pasta,494.0,0,6714.0,14,False,False,False,467.42857142857144,500.57142857142856,470.17857142857144,127.12783113754206,0.2703820183707693,0.9464853919583455,0,0.0,13.412671232876713,0.9580479452054795
2026-06-12,SKU-1020,Pasta,352.0,0,6362.0,14,False,False,False,444.14285714285717,483.7857142857143,465.0,128.93524070748174,0.2772800875429715,0.876021414482953,0,0.0,13.150450317436881,0.93931787981692
2026-06-13,SKU-1020,Pasta,337.0,0,6025.0,14,False,False,False,419.2857142857143,480.85714285714283,461.4642857142857,131.09919403737248,0.2840939116977347,0.8001635768811342,0,0.0,12.529708853238265,0.8949792038027332
2026-06-14,SKU-1020,Pasta,423.0,0,5602.0,14,False,False,False,424.42857142857144,455.85714285714283,463.17857142857144,130.23768970657375,0.28118245907811434,0.8374911909795631,0,0.0,12.288937637104357,0.8777812597931683
2026-06-15,SKU-1020,Pasta,500.0,0,5102.0,14,False,False,False,418.57142857142856,441.5,467.2857142857143,129.49212964582674,0.27711553271806394,0.8045030203185062,0,0.0,11.556058890147225,0.825432777867659
2026-06-16,SKU-1020,Pasta,96.0,0,5006.0,14,False,False,False,373.42857142857144,417.7857142857143,462.35714285714283,140.8298722219575,0.30459110321449173,0.7428246660983234,0,0.0,11.982219182766285,0.8558727987690203
2026-06-17,SKU-1020,Pasta,531.0,0,4475.0,14,False,False,False,390.42857142857144,422.64285714285717,458.85714285714283,137.718369168202,0.3001334321847491,0.776530757209831,0,0.0,10.58813587966875,0.7562954199763393
2026-06-18,SKU-1020,Pasta,1012.0,7104,10567.0,14,False,False,False,464.42857142857144,465.92857142857144,479.89285714285717,172.60345030792695,0.3596708051367087,0.9277968036529681,0,0.0,22.679441974551587,1.6199601410393991
2026-06-19,SKU-1020,Pasta,464.0,0,10103.0,14,False,False,False,480.42857142857144,462.2857142857143,484.64285714285717,170.16706698956364,0.35111848752452335,0.9930606821201832,0,0.0,21.8544499381953,1.5610321384425216
2026-06-20,SKU-1020,Pasta,594.0,0,9509.0,14,False,False,False,517.1428571428571,468.2142857142857,496.10714285714283,166.14592855896146,0.3348992872831993,1.0754604872251932,0,0.0,20.309077040427155,1.4506483600305111
2026-06-21,SKU-1020,Pasta,365.0,0,9144.0,14,False,False,False,508.85714285714283,466.64285714285717,486.7142857142857,165.8472874403519,0.34074875611460614,1.116264493889063,0,0.0,19.59528547374866,1.3996632481249043
2026-06-22,SKU-1020,Pasta,367.0,0,8777.0,14,False,False,False,489.85714285714283,454.2142857142857,487.25,165.41969630586883,0.3394965547580684,1.1095292023944345,0,0.0,19.32347853436075,1.3802484667400534
2026-06-23,SKU-1020,Pasta,297.0,0,8480.0,14,False,False,False,518.5714285714286,446.0,474.35714285714283,165.68649876503466,0.3492864000467528,1.2412378184305008,0,0.0,19.013452914798208,1.3581037796284434
2026-06-24,SKU-1020,Pasta,575.0,0,7905.0,14,False,False,False,524.8571428571429,457.64285714285717,480.2142857142857,166.26158709670523,0.34622374228080816,1.2418455298293054,0,0.0,17.27329483377556,1.2338067738411114
2026-06-25,SKU-1020,Pasta,625.0,0,7280.0,14,False,False,False,469.57142857142856,467.0,483.7857142857143,168.3205401393549,0.3479237504726072,1.007818488425571,0,0.0,15.588865096359743,1.113490364025696
2026-06-26,SKU-1020,Pasta,329.0,0,6951.0,14,False,False,False,450.2857142857143,465.35714285714283,474.57142857142856,169.518583832423,0.35720351800932,0.9740420271940667,0,0.0,14.936914811972372,1.066922486569455
2026-06-27,SKU-1020,Pasta,349.0,0,6602.0,14,False,False,False,415.2857142857143,466.2142857142857,473.5357142857143,170.2176128204296,0.3594609818969778,0.8869565217391304,0,0.0,14.160870231346713,1.0114907308104795
2026-06-28,SKU-1020,Pasta,420.0,0,6182.0,14,False,False,False,423.14285714285717,466.0,460.92857142857144,159.98100085610355,0.34708414876576005,0.9067809582121537,0,0.0,13.266094420600858,0.9475781729000613
2026-06-29,SKU-1020,Pasta,425.0,0,5757.0,14,False,False,False,431.42857142857144,460.64285714285717,451.07142857142856,152.9913889059285,0.33917330873840046,0.9498348796980658,0,0.0,12.497751589393705,0.8926965420995503
2026-01-01,SKU-1021,Beverages,467.0,0,1625.0,10,False,False,False,,,,,,,0,,,
2026-01-02,SKU-1021,Beverages,307.0,0,1318.0,10,False,False,False,,,,,,,0,,,
2026-01-03,SKU-1021,Beverages,317.0,4989,5990.0,10,False,False,False,363.6666666666667,,,,,,0,,,
2026-01-04,SKU-1021,Beverages,209.0,0,5781.0,10,False,False,False,325.0,,,,,,0,,,
2026-01-05,SKU-1021,Beverages,413.0,0,5368.0,10,False,False,False,342.6,342.6,,,,,0,0.0,15.66841798015178,1.566841798015178
2026-01-06,SKU-1021,Beverages,396.0,0,5025.0,10,True,False,False,351.5,351.5,,,,,0,0.0,14.295874822190612,1.4295874822190613
2026-01-07,SKU-1021,Beverages,378.0,0,4647.0,10,False,False,False,355.2857142857143,355.2857142857143,355.2857142857143,84.83457291638098,0.23877845211687448,,0,0.0,13.079613992762365,1.3079613992762364
2026-01-08,SKU-1021,Beverages,461.0,0,4186.0,10,False,False,False,354.42857142857144,368.5,368.5,86.98111453479017,0.23604101637663547,,0,0.0,11.359565807327002,1.1359565807327001
2026-01-09,SKU-1021,Beverages,360.0,0,3826.0,10,False,False,False,362.0,367.55555555555554,367.55555555555554,81.41270034692239,0.22149767325341643,,0,0.0,10.409310761789602,1.04093107617896
2026-01-10,SKU-1021,Beverages,230.0,0,3596.0,10,False,False,False,349.57142857142856,353.8,353.8,88.22546873399615,0.24936537234029438,,0,0.0,10.163934426229508,1.0163934426229508
2026-01-11,SKU-1021,Beverages,289.0,0,3307.0,10,False,False,False,361.0,347.90909090909093,347.90909090909093,85.94818735197916,0.2470420854120122,,0,0.0,9.505356676247713,0.9505356676247713
2026-01-12,SKU-1021,Beverages,165.0,3736,6878.0,10,False,False,False,325.57142857142856,332.6666666666667,332.6666666666667,97.48597412712842,0.2930440104021896,0.9502960553748644,0,0.0,20.675350701402806,2.0675350701402806
2026-01-13,SKU-1021,Beverages,426.0,0,6452.0,10,False,False,False,329.85714285714283,339.84615384615387,339.84615384615387,96.85887169299994,0.2850079972858758,0.9384271489534647,0,0.0,18.985061113626074,1.8985061113626074
2026-01-14,SKU-1021,Beverages,427.0,0,6025.0,10,False,False,False,336.85714285714283,346.07142857142856,346.07142857142856,95.92983356095728,0.2771966294847063,0.948130277442702,0,0.0,17.40970072239422,1.740970072239422
2026-01-15,SKU-1021,Beverages,286.0,0,5739.0,10,False,False,False,311.85714285714283,333.14285714285717,342.06666666666666,93.73249677876372,0.2740182131517162,0.846288040317891,0,0.0,17.226843910806174,1.7226843910806173
2026-01-16,SKU-1021,Beverages,355.0,0,5384.0,10,False,False,False,311.14285714285717,336.57142857142856,342.875,90.61190135223224,0.26427094816546043,0.846519260666782,0,0.0,15.99660441426146,1.599660441426146
2026-01-17,SKU-1021,Beverages,241.0,0,5143.0,10,False,False,False,312.7142857142857,331.14285714285717,336.88235294117646,91.14746455122955,0.270561707241296,0.8838730517645159,0,0.0,15.531061259706643,1.5531061259706642
2026-01-18,SKU-1021,Beverages,405.0,0,4738.0,10,False,False,False,329.2857142857143,345.14285714285717,340.6666666666667,89.87180412382178,0.2638115580934103,0.9464705662772033,0,0.0,13.727649006622515,1.3727649006622515
2026-01-19,SKU-1021,Beverages,363.0,0,4375.0,10,False,False,False,357.57142857142856,341.57142857142856,341.8421052631579,87.48984903524823,0.25593643289756984,1.074864013741769,0,0.0,12.808448347971561,1.2808448347971562
2026-01-20,SKU-1021,Beverages,358.0,0,4017.0,10,False,False,False,347.85714285714283,338.85714285714283,342.65,85.2329779270664,0.24874646994620284,1.023572398628985,0,0.0,11.854553119730186,1.1854553119730187
2026-01-21,SKU-1021,Beverages,393.0,3545,7169.0,10,False,False,False,343.0,339.92857142857144,345.04761904761904,83.79825546541896,0.24285997305738313,0.9911248710010321,0,0.0,21.089724732086573,2.108972473208657
2026-01-22,SKU-1021,Beverages,336.0,0,6833.0,10,False,False,False,350.14285714285717,331.0,344.6363636363636,81.80147015476261,0.23735588807765465,1.0510291595197256,0,0.0,20.643504531722055,2.0643504531722057
2026-01-23,SKU-1021,Beverages,328.0,0,6505.0,10,False,False,False,346.2857142857143,328.7142857142857,343.9130434782609,79.99597321881456,0.23260523186254548,1.028862478777589,0,0.0,19.78922207735767,1.978922207735767
2026-01-24,SKU-1021,Beverages,215.0,0,6290.0,10,False,False,False,342.57142857142856,327.64285714285717,338.5416666666667,82.54431177129713,0.24382319784752382,1.0345125107851596,0,0.0,19.197732722912576,1.9197732722912577
2026-01-25,SKU-1021,Beverages,190.0,0,6100.0,10,False,False,False,311.85714285714283,320.57142857142856,332.6,86.09442490661054,0.25885275077152897,0.9035596026490065,0,0.0,19.028520499108737,1.9028520499108736
2026-01-26,SKU-1021,Beverages,297.0,0,5803.0,10,False,False,False,302.42857142857144,330.0,331.2307692307692,84.6433967618539,0.25554207104136106,0.8854035968214137,0,0.0,17.584848484848486,1.7584848484848485
2026-01-27,SKU-1021,Beverages,403.0,0,5400.0,10,False,False,False,308.85714285714283,328.35714285714283,333.8888888888889,84.1410598264483,0.25200317418902984,0.9114671163575042,0,0.0,16.445507939960844,1.6445507939960844
2026-01-28,SKU-1021,Beverages,533.0,0,4867.0,10,False,False,False,328.85714285714283,335.92857142857144,341.0,90.73812543472236,0.26609420948598933,0.9674301323807522,0,0.0,14.488199021900913,1.4488199021900914
2026-01-29,SKU-1021,Beverages,374.0,0,4493.0,10,False,False,False,334.2857142857143,342.2142857142857,337.67857142857144,87.60308364749649,0.25942742909887906,1.0099266292619766,0,0.0,13.129200584429137,1.3129200584429137
2026-01-30,SKU-1021,Beverages,318.0,0,4175.0,10,False,False,False,332.85714285714283,339.57142857142856,338.07142857142856,87.48499493412766,0.2587766594290698,1.0126032159930465,0,0.0,12.294909549852756,1.2294909549852755
2026-01-31,SKU-1021,Beverages,155.0,0,4020.0,10,False,False,False,324.2857142857143,333.42857142857144,332.2857142857143,94.04130579573636,0.2830133880353201,0.9897536516241551,0,0.0,12.056555269922878,1.2056555269922877
2026-02-01,SKU-1021,Beverages,361.0,0,3659.0,10,False,False,False,348.7142857142857,330.2857142857143,337.7142857142857,90.99892434970995,0.26945535974956414,1.0877896613190732,0,0.0,11.078287197231834,1.1078287197231833
2026-02-02,SKU-1021,Beverages,389.0,0,3270.0,10,False,False,False,361.85714285714283,332.14285714285717,336.85714285714283,90.37441226107306,0.2682870592991991,1.0965367965367965,0,0.0,9.84516129032258,0.9845161290322579
2026-02-03,SKU-1021,Beverages,501.0,0,2769.0,10,False,False,False,375.85714285714283,342.35714285714283,340.60714285714283,94.98044215276317,0.27885628397581724,1.144659560582989,0,0.0,8.088045065720843,0.8088045065720844
2026-02-04,SKU-1021,Beverages,597.0,4268,6440.0,10,False,False,False,385.0,356.92857142857144,348.42857142857144,106.49306309226196,0.3056381474562664,1.1460769721454391,0,0.0,18.04282569541725,1.804282569541725
2026-02-05,SKU-1021,Beverages,407.0,0,6033.0,10,False,False,False,389.7142857142857,362.0,346.5,104.85527945520737,0.30261263912036757,1.1388019202671675,0,0.0,16.665745856353592,1.666574585635359
2026-02-06,SKU-1021,Beverages,302.0,0,5731.0,10,False,False,False,387.42857142857144,360.14285714285717,344.42857142857144,105.15118870831888,0.30529171337960687,1.1409339503575937,0,0.0,15.913129710432367,1.5913129710432368
2026-02-07,SKU-1021,Beverages,289.0,0,5442.0,10,False,False,False,406.57142857142856,365.42857142857144,346.5357142857143,103.34891715566584,0.29823453368634895,1.2193658954584403,0,0.0,14.892103205629397,1.4892103205629397
2026-02-08,SKU-1021,Beverages,295.0,0,5147.0,10,False,False,False,397.14285714285717,372.92857142857144,346.75,103.23135649095659,0.297711193917683,1.2024221453287198,0,0.0,13.801570580348592,1.3801570580348592
2026-02-09,SKU-1021,Beverages,338.0,0,4809.0,10,False,False,False,389.85714285714283,375.85714285714283,352.92857142857144,96.93561382440011,0.27466071514705553,1.173763440860215,0,0.0,12.794754846066136,1.2794754846066136
2026-02-10,SKU-1021,Beverages,294.0,0,4515.0,10,False,False,False,360.2857142857143,368.07142857142856,348.2142857142857,96.45891742769433,0.27701022440773754,1.052368036720217,0,0.0,12.266640791771785,1.2266640791771786
2026-02-11,SKU-1021,Beverages,519.0,0,3996.0,10,False,False,False,349.14285714285717,367.07142857142856,351.5,100.71503620869389,0.28652926375161847,0.9781869121472884,0,0.0,10.886164623467602,1.0886164623467602
2026-02-12,SKU-1021,Beverages,522.0,0,3474.0,10,False,False,False,365.57142857142856,377.64285714285717,359.92857142857144,104.82186956272218,0.2912296435558862,1.0098658247829517,0,0.0,9.19916777000189,0.919916777000189
2026-02-13,SKU-1021,Beverages,414.0,5277,8337.0,10,False,False,False,381.57142857142856,384.5,362.0357142857143,105.31099697873954,0.2908856580255211,1.0595001983339942,0,0.0,21.682704811443433,2.168270481144343
2026-02-14,SKU-1021,Beverages,351.0,0,7986.0,10,False,False,False,390.42857142857144,398.5,365.9642857142857,102.64663662576584,0.28048266082965195,1.068412822517592,0,0.0,20.040150564617313,2.004015056461731
2026-02-15,SKU-1021,Beverages,284.0,0,7702.0,10,False,False,False,388.85714285714283,393.0,361.64285714285717,103.48598555528767,0.2861552039845995,1.0427121241141544,0,0.0,19.59796437659033,1.9597964376590329
2026-02-16,SKU-1021,Beverages,330.0,0,7372.0,10,False,False,False,387.7142857142857,388.7857142857143,360.4642857142857,103.65772814013727,0.28756726324421317,1.031546940326872,0,0.0,18.961602057688776,1.8961602057688776
2026-02-17,SKU-1021,Beverages,864.0,0,6508.0,10,False,False,False,469.14285714285717,414.7142857142857,378.5357142857143,140.7007547277284,0.37169743677482736,1.2745973219483797,0,0.0,15.692731656906648,1.5692731656906649
2026-02-18,SKU-1021,Beverages,390.0,0,6118.0,10,False,False,False,450.7142857142857,399.92857142857144,378.42857142857144,140.69047417579316,0.371775507448302,1.2278653434520335,0,0.0,15.297731737810322,1.5297731737810323
2026-02-19,SKU-1021,Beverages,223.0,0,5895.0,10,False,False,False,408.0,386.7857142857143,374.39285714285717,143.54437674544448,0.383405756832247,1.080385852090032,0,0.0,15.240997229916898,1.5240997229916897
2026-02-20,SKU-1021,Beverages,409.0,0,5486.0,10,False,False,False,407.2857142857143,394.42857142857144,377.2857142857143,143.3909075951205,0.3800592022589335,1.0592606353334573,0,0.0,13.908728721477726,1.3908728721477726
2026-02-21,SKU-1021,Beverages,358.0,0,5128.0,10,False,False,False,408.2857142857143,399.35714285714283,382.39285714285717,139.90084829799054,0.3658563325248655,1.024556372109697,0,0.0,12.840636737614023,1.2840636737614024
2026-02-22,SKU-1021,Beverages,384.0,0,4744.0,10,False,False,False,422.57142857142856,405.7142857142857,389.32142857142856,134.7279985670521,0.34605852306003665,1.0752453653217011,0,0.0,11.692957746478873,1.1692957746478874
2026-02-23,SKU-1021,Beverages,499.0,0,4245.0,10,False,False,False,446.7142857142857,417.2142857142857,396.5357142857143,135.00932262539203,0.3404720376034384,1.148998713944516,0,0.0,10.17462763225475,1.0174627632254751
2026-02-24,SKU-1021,Beverages,319.0,0,3926.0,10,False,False,False,368.85714285714283,419.0,393.5357142857143,135.79136560748248,0.34505474516830104,0.8894247330347915,0,0.0,9.369928400954654,0.9369928400954655
2026-02-25,SKU-1021,Beverages,518.0,0,3408.0,10,False,False,False,387.14285714285717,418.92857142857144,393.0,135.24928972223984,0.34414577537465607,0.9680300053580997,0,0.0,8.135038363171356,0.8135038363171356
2026-02-26,SKU-1021,Beverages,349.0,0,3059.0,10,False,False,False,405.14285714285717,406.57142857142856,392.10714285714283,135.46171778080694,0.34547118115152514,1.0474607571560481,0,0.0,7.52389318341532,0.752389318341532
2026-02-27,SKU-1021,Beverages,377.0,0,2682.0,10,False,False,False,400.57142857142856,403.92857142857144,394.2142857142857,134.72313369025662,0.3417510186018468,1.015574067366896,0,0.0,6.639787798408488,0.6639787798408487
2026-02-28,SKU-1021,Beverages,410.0,0,2272.0,10,False,False,False,408.0,408.14285714285717,403.32142857142856,126.3097467197291,0.3131739049103352,1.0216419245215524,0,0.0,5.566678333916696,0.5566678333916696
2026-03-01,SKU-1021,Beverages,191.0,0,2081.0,10,False,False,False,380.42857142857144,401.5,397.25,132.36023376181186,0.3331912744161406,0.9376760563380282,0,0.0,5.183063511830635,0.5183063511830636
2026-03-02,SKU-1021,Beverages,294.0,4283,6070.0,10,False,False,False,351.14285714285717,398.92857142857144,393.85714285714283,133.78941836187371,0.33969021709579833,0.8416367060434857,0,0.0,15.215756490599821,1.521575649059982
2026-03-03,SKU-1021,Beverages,385.0,0,5685.0,10,False,False,False,360.57142857142856,364.7142857142857,389.7142857142857,132.13457145480504,0.33905498540455836,0.8605523354926696,0,0.0,15.587544065804934,1.5587544065804935
2026-03-04,SKU-1021,Beverages,474.0,0,5211.0,10,False,False,False,354.2857142857143,370.7142857142857,385.32142857142856,126.93015097884832,0.32941368314095404,0.845694799658994,0,0.0,14.05664739884393,1.405664739884393
2026-03-05,SKU-1021,Beverages,459.0,0,4752.0,10,False,False,False,370.0,387.57142857142856,387.17857142857144,127.63752309406236,0.32966060756699067,0.9100491918482081,0,0.0,12.260965720604498,1.2260965720604498
2026-03-06,SKU-1021,Beverages,339.0,0,4413.0,10,False,False,False,364.57142857142856,382.57142857142856,388.5,126.91248078017298,0.32667305220121745,0.9025641025641025,0,0.0,11.535100821508589,1.1535100821508588
2026-03-07,SKU-1021,Beverages,301.0,0,4112.0,10,False,False,False,349.0,378.5,388.92857142857144,126.5838701828799,0.3254681694325654,0.8550927546377318,0,0.0,10.863936591809775,1.0863936591809775
2026-03-08,SKU-1021,Beverages,313.0,0,3799.0,10,False,False,False,366.42857142857144,373.42857142857144,389.57142857142856,126.13409342366371,0.32377655077581446,0.9126489948407757,0,0.0,10.173297628156082,1.0173297628156082
2026-03-09,SKU-1021,Beverages,334.0,0,3465.0,10,False,False,False,372.14285714285717,361.64285714285717,389.42857142857144,126.19691507981238,0.3240566418043605,0.9328558639212176,0,0.0,9.581275923365594,0.9581275923365593
2026-03-10,SKU-1021,Beverages,463.0,4263,7265.0,10,False,False,False,383.2857142857143,371.92857142857144,395.4642857142857,125.50327785091014,0.31735679398767125,1.0509204857030943,0,0.0,19.533320530055693,1.9533320530055693
2026-03-11,SKU-1021,Beverages,514.0,0,6751.0,10,False,False,False,389.0,371.64285714285717,395.2857142857143,125.32442555308857,0.3170476974599277,1.049325626204239,0,0.0,18.165289256198346,1.8165289256198345
2026-03-12,SKU-1021,Beverages,840.0,0,5911.0,10,False,False,False,443.42857142857144,406.7142857142857,406.64285714285717,149.34057876414056,0.3672524332861352,1.1441208993733876,0,0.0,14.533544081489287,1.4533544081489287
2026-03-13,SKU-1021,Beverages,316.0,0,5595.0,10,False,False,False,440.14285714285717,402.35714285714283,403.14285714285717,150.30702265097617,0.37283811430079133,1.150485436893204,0,0.0,13.905556541807208,1.3905556541807207
2026-03-14,SKU-1021,Beverages,107.0,0,5488.0,10,False,False,False,412.42857142857144,380.7142857142857,394.42857142857144,160.19026385807794,0.4061325052540911,1.0896395546329496,0,0.0,14.415009380863038,1.4415009380863038
2026-03-15,SKU-1021,Beverages,351.0,0,5137.0,10,False,False,False,417.85714285714283,392.14285714285717,396.82142857142856,158.97543569193058,0.4006221041647067,1.118974751338944,0,0.0,13.099817850637521,1.309981785063752
2026-03-16,SKU-1021,Beverages,355.0,0,4782.0,10,False,True,False,420.85714285714283,396.5,397.7142857142857,158.65612876837503,0.3989198640009429,1.163736914872605,0,0.0,12.060529634300126,1.2060529634300126
2026-03-17,SKU-1021,Beverages,490.0,0,4292.0,10,False,False,False,424.7142857142857,404.0,384.35714285714283,131.3373418129717,0.34170652023445525,1.141924332629153,0,0.0,10.623762376237623,1.0623762376237624
2026-03-18,SKU-1021,Beverages,413.0,0,3879.0,10,False,False,False,410.2857142857143,399.64285714285717,385.17857142857144,131.44582141800467,0.3412594343721957,1.1039784739573322,0,0.0,9.706166219839142,0.9706166219839142
2026-03-19,SKU-1021,Beverages,397.0,4707,8189.0,10,False,False,False,347.0,395.2142857142857,391.39285714285717,127.5499435328691,0.32588725421300613,0.853178784685634,0,0.0,20.720404843665282,2.072040484366528
2026-03-20,SKU-1021,Beverages,227.0,0,7962.0,10,False,False,False,334.2857142857143,387.2142857142857,384.89285714285717,131.20448820397772,0.3408857446145844,0.830818391620806,0,0.0,20.562257885998893,2.0562257885998894
2026-03-21,SKU-1021,Beverages,351.0,0,7611.0,10,False,False,False,369.14285714285717,390.7857142857143,384.64285714285717,131.26428367729042,0.34126276164940866,0.9696060037523453,0,0.0,19.47614695668068,1.947614695668068
2026-03-22,SKU-1021,Beverages,661.0,0,6950.0,10,False,True,False,413.42857142857144,415.64285714285717,394.5357142857143,141.27081482632258,0.35806850865728546,1.0542805100182149,0,0.0,16.72108609726757,1.672108609726757
2026-03-23,SKU-1021,Beverages,319.0,0,6631.0,10,False,False,False,408.2857142857143,414.57142857142856,388.10714285714283,140.43407291672074,0.36184356691526465,1.029724373986669,0,0.0,15.994831150930393,1.5994831150930393
2026-03-24,SKU-1021,Beverages,432.0,0,6199.0,10,False,False,False,400.0,412.35714285714283,392.14285714285717,139.99754344027673,0.35700648600434864,0.9900990099009901,0,0.0,15.033085051099949,1.5033085051099948
2026-03-25,SKU-1021,Beverages,613.0,0,5586.0,10,False,False,False,428.57142857142856,419.42857142857144,395.5357142857143,144.24733957180968,0.3646885334546881,1.072386058981233,0,0.0,13.318119891008173,1.3318119891008173
2026-03-26,SKU-1021,Beverages,387.0,0,5199.0,10,False,False,False,427.14285714285717,387.07142857142856,396.89285714285717,143.97179232102022,0.3627472496165361,1.0807879992770648,0,0.0,13.431629451928401,1.3431629451928402
2026-03-27,SKU-1021,Beverages,294.0,0,4905.0,10,False,False,False,436.7142857142857,385.5,393.92857142857144,145.2453680198337,0.3687099097511644,1.127836192584394,0,0.0,12.72373540856031,1.272373540856031
2026-03-28,SKU-1021,Beverages,163.0,0,4742.0,10,False,False,False,409.85714285714283,389.5,385.10714285714283,151.59505984468018,0.3936438538116522,1.0488027782855054,0,0.0,12.174582798459564,1.2174582798459563
2026-03-29,SKU-1021,Beverages,486.0,0,4256.0,10,False,False,False,384.85714285714283,399.14285714285717,395.64285714285717,147.8089894238417,0.37359195738107664,0.9259322907716101,0,0.0,10.66284896206156,1.066284896206156
2026-03-30,SKU-1021,Beverages,191.0,0,4065.0,10,False,False,False,366.57142857142856,387.42857142857144,391.9642857142857,151.6637318746231,0.38693252778947124,0.8842177808407995,0,0.0,10.492256637168142,1.0492256637168142
2026-03-31,SKU-1021,Beverages,417.0,5075,8723.0,10,False,False,False,364.42857142857144,382.2142857142857,393.10714285714283,151.7298621175181,0.38597584621518194,0.8837692707431146,0,0.0,22.822276210054195,2.2822276210054193
2026-04-01,SKU-1021,Beverages,503.0,0,8220.0,10,False,False,False,348.7142857142857,388.64285714285717,394.14285714285717,152.3999888902772,0.3866618058107794,0.8314032697547684,0,0.0,21.150523800771914,2.1150523800771914
2026-04-02,SKU-1021,Beverages,414.0,0,7905.0,10,True,False,False,352.57142857142856,389.85714285714283,392.5357142857143,151.92724431825113,0.38704056418078714,0.9108691640524081,0,0.0,20.2766581165262,2.02766581165262
2026-04-03,SKU-1021,Beverages,326.0,0,7579.0,10,False,False,False,357.14285714285717,396.92857142857144,392.07142857142856,152.11665323190684,0.38798199038926867,0.9264406151565685,0,0.0,19.09411552996221,1.909411552996221
2026-04-04,SKU-1021,Beverages,329.0,0,7250.0,10,False,False,False,380.85714285714283,395.35714285714283,393.07142857142856,151.58689686640895,0.3856472026403281,0.9778103796075555,0,0.0,18.33785004516712,1.833785004516712
2026-04-05,SKU-1021,Beverages,373.0,0,6877.0,10,False,False,False,364.7142857142857,374.7857142857143,395.2142857142857,150.8352933311223,0.3816544562869532,0.9137437365783823,0,0.0,18.349151896321708,1.8349151896321707
2026-04-06,SKU-1021,Beverages,392.0,0,6485.0,10,False,False,False,393.42857142857144,380.0,397.2857142857143,150.36101177643712,0.3784707236372024,1.0154867256637168,0,0.0,17.06578947368421,1.706578947368421
2026-04-07,SKU-1021,Beverages,537.0,0,5948.0,10,False,False,False,410.57142857142856,387.5,399.92857142857144,152.1979531111274,0.38056284042789484,1.074191739861708,0,0.0,15.349677419354839,1.534967741935484
2026-04-08,SKU-1021,Beverages,427.0,0,5521.0,10,False,False,False,399.7142857142857,374.2142857142857,396.82142857142856,150.66323830205354,0.3796751572727477,1.0284874104024995,0,0.0,14.753578927276198,1.4753578927276199
2026-04-09,SKU-1021,Beverages,440.0,0,5081.0,10,False,False,False,403.42857142857144,378.0,382.5357142857143,123.62232872232327,0.32316545646765493,1.034811286185416,0,0.0,13.441798941798941,1.3441798941798941
2026-04-10,SKU-1021,Beverages,269.0,0,4812.0,10,False,True,False,395.2857142857143,376.2142857142857,380.85714285714283,124.87199795396832,0.3278709623697593,0.9958610761202087,0,0.0,12.790582874501613,1.2790582874501613
2026-04-11,SKU-1021,Beverages,226.0,0,4586.0,10,False,False,False,380.57142857142856,380.7142857142857,385.10714285714283,116.98190404082106,0.3037645658112761,0.9626016260162602,0,0.0,12.04577861163227,1.204577861163227
2026-04-12,SKU-1021,Beverages,287.0,0,4299.0,10,False,False,False,368.2857142857143,366.5,382.82142857142856,118.29093248848243,0.3089976779249471,0.9826567562416619,0,0.0,11.72987721691678,1.172987721691678
2026-04-13,SKU-1021,Beverages,400.0,0,3899.0,10,False,False,False,369.42857142857144,381.42857142857144,384.42857142857144,118.20460245831394,0.307481314458639,0.9721804511278196,0,0.0,10.222097378277153,1.0222097378277153
2026-04-14,SKU-1021,Beverages,576.0,0,3323.0,10,False,False,False,375.0,392.7857142857143,387.5,122.1024160285127,0.3151030091058392,0.967741935483871,0,0.0,8.460083651573013,0.8460083651573014
2026-04-15,SKU-1021,Beverages,420.0,0,2903.0,10,False,False,False,374.0,386.85714285714283,387.75,122.16371074186566,0.3150579258333092,0.9994273716358083,0,0.0,7.504062038404728,0.7504062038404727
2026-04-16,SKU-1021,Beverages,528.0,0,2375.0,10,False,False,False,386.57142857142856,395.0,392.42857142857144,125.00649718564367,0.3185458610482365,1.0226757369614512,0,0.0,6.012658227848101,0.6012658227848101
2026-04-17,SKU-1021,Beverages,524.0,0,1851.0,10,False,False,False,423.0,409.14285714285717,403.0357142857143,123.03461787548737,0.30526976522052696,1.124359217771027,0,0.0,4.52409217877095,0.452409217877095
2026-04-18,SKU-1021,Beverages,410.0,0,1441.0,10,False,False,False,449.2857142857143,414.92857142857144,405.14285714285717,122.6149390589225,0.302646182444449,1.1801125703564728,0,0.0,3.472886899638492,0.3472886899638492
2026-04-19,SKU-1021,Beverages,242.0,0,1199.0,10,False,False,False,442.85714285714283,405.57142857142856,390.17857142857144,115.60022221285463,0.2962751690581171,1.2083414539076203,0,0.0,2.956322648820007,0.29563226488200073
2026-04-20,SKU-1021,Beverages,397.0,5039,5841.0,10,False,False,False,442.42857142857144,405.92857142857144,392.9642857142857,114.7581941374694,0.2920321217712572,1.1599250936329588,0,0.0,14.389231039943692,1.438923103994369
2026-04-21,SKU-1021,Beverages,307.0,0,5534.0,10,False,False,False,404.0,389.5,388.5,115.6115783000865,0.2975845001289228,1.0285506455719222,0,0.0,14.20795892169448,1.4207958921694481
2026-04-22,SKU-1021,Beverages,615.0,0,4919.0,10,False,False,False,431.85714285714283,402.92857142857144,388.57142857142856,115.7559465143763,0.29790133294140964,1.1163220088626293,0,0.0,12.208119127814216,1.2208119127814216
2026-04-23,SKU-1021,Beverages,442.0,0,4477.0,10,False,False,False,419.57142857142856,403.07142857142856,390.5357142857143,116.19411668119324,0.2975249444054331,1.0622061482820977,0,0.0,11.10721247563353,1.110721247563353
2026-04-24,SKU-1021,Beverages,341.0,0,4136.0,10,False,False,False,393.42857142857144,408.2142857142857,392.2142857142857,115.08205032444592,0.2934162638029945,0.9615921787709497,0,0.0,10.13193350831146,1.0131933508311461
2026-04-25,SKU-1021,Beverages,323.0,0,3813.0,10,False,False,False,381.0,415.14285714285717,397.92857142857144,106.96518248734148,0.2688049820180902,0.918230332243071,0,0.0,9.184790089470061,0.9184790089470061
2026-04-26,SKU-1021,Beverages,299.0,0,3514.0,10,False,False,False,389.14285714285717,416.0,391.25,107.10037694023647,0.27373898259485363,0.9594927791475872,0,0.0,8.447115384615385,0.8447115384615385
2026-04-27,SKU-1021,Beverages,274.0,0,3240.0,10,False,False,False,371.57142857142856,407.0,394.2142857142857,102.39804582295399,0.25975224524757307,0.9153616047862044,0,0.0,7.96068796068796,0.796068796068796
2026-04-28,SKU-1021,Beverages,444.0,0,2796.0,10,False,False,False,391.14285714285717,397.57142857142856,395.17857142857144,102.74710181419684,0.26000170364188985,1.0042178617274895,0,0.0,7.032698526769673,0.7032698526769673
2026-04-29,SKU-1021,Beverages,579.0,0,2217.0,10,False,False,False,386.0,408.92857142857144,397.89285714285717,106.63136196493672,0.2679901386785951,0.9579861726644212,0,0.0,5.421484716157205,0.5421484716157206
2026-04-30,SKU-1021,Beverages,495.0,4210,5932.0,10,False,False,False,393.57142857142856,406.57142857142856,400.7857142857143,108.17213892778324,0.2699001862393451,0.9764309764309764,0,0.0,14.590302178496135,1.4590302178496135
2026-05-01,SKU-1021,Beverages,546.0,0,5386.0,10,False,False,False,422.85714285714283,408.14285714285717,408.64285714285717,110.50363301743936,0.27041616190249096,1.0358705161854767,0,0.0,13.1963598179909,1.31963598179909
2026-05-02,SKU-1021,Beverages,425.0,0,4961.0,10,False,False,False,437.42857142857144,409.2142857142857,412.07142857142856,109.42507281627262,0.26554879865276765,1.0536820371644873,0,0.0,12.123232675859661,1.212323267585966
2026-05-03,SKU-1021,Beverages,346.0,0,4615.0,10,False,False,False,444.14285714285717,416.64285714285717,411.10714285714283,109.9000688456342,0.26732707216382223,1.067651098901099,0,0.0,11.07663295045431,1.107663295045431
2026-05-04,SKU-1021,Beverages,290.0,0,4325.0,10,False,False,False,446.42857142857144,409.0,407.4642857142857,112.22282138768229,0.2754175649798496,1.0968760968760969,0,0.0,10.574572127139364,1.0574572127139363
2026-05-05,SKU-1021,Beverages,396.0,0,3929.0,10,False,False,False,439.57142857142856,415.35714285714283,402.42857142857144,109.32094393604908,0.2716530378247581,1.1056413941789436,0,0.0,9.45932932072227,0.9459329320722271
2026-05-06,SKU-1021,Beverages,416.0,4621,8134.0,10,False,False,False,416.2857142857143,401.14285714285717,402.0357142857143,109.24911463082456,0.27173982496785004,1.0179912663755457,0,0.0,20.277065527065528,2.0277065527065528
2026-05-07,SKU-1021,Beverages,397.0,0,7737.0,10,False,False,False,402.2857142857143,397.92857142857144,400.5,108.99762144873382,0.2721538612952155,0.9894588896697118,0,0.0,19.443187937533654,1.9443187937533655
2026-05-08,SKU-1021,Beverages,301.0,0,7436.0,10,False,False,False,367.2857142857143,395.07142857142856,401.64285714285717,107.72812634752916,0.2682187033372591,0.8998949947497374,0,0.0,18.821912854818297,1.8821912854818297
2026-05-09,SKU-1021,Beverages,304.0,0,7132.0,10,False,False,False,350.0,393.7142857142857,404.42857142857144,103.96061525313095,0.25705556579721534,0.8552976086577064,0,0.0,18.11465892597968,1.8114658925979679
2026-05-10,SKU-1021,Beverages,373.0,0,6759.0,10,False,False,False,353.85714285714283,399.0,407.5,101.60653959705984,0.24934120146517752,0.8493056746099776,0,0.0,16.93984962406015,1.6939849624060153
2026-05-11,SKU-1021,Beverages,437.0,0,6322.0,10,False,False,False,374.85714285714283,410.64285714285717,408.82142857142856,101.74589028789414,0.24887611846431695,0.9165211316800558,0,0.0,15.395373108366671,1.5395373108366672
2026-05-12,SKU-1021,Beverages,507.0,0,5815.0,10,False,False,False,390.7142857142857,415.14285714285717,406.35714285714283,98.3249391090259,0.2419668039244793,0.9406706792777301,0,0.0,14.007226428079834,1.4007226428079833
2026-05-13,SKU-1021,Beverages,441.0,0,5374.0,10,False,False,False,394.2857142857143,405.2857142857143,407.10714285714283,98.51277010122024,0.24198241625003658,0.9829059829059829,0,0.0,13.25978145928798,1.325978145928798
2026-05-14,SKU-1021,Beverages,484.0,0,4890.0,10,False,False,False,406.7142857142857,404.5,405.5357142857143,96.84981964948395,0.23881945840471602,1.0220786214324178,0,0.0,12.088998763906057,1.2088998763906056
2026-05-15,SKU-1021,Beverages,481.0,0,4409.0,10,False,False,False,432.42857142857144,399.85714285714283,404.0,95.2291583108482,0.23571573839318863,1.0945579461218586,0,0.0,11.026438013576279,1.1026438013576279
2026-05-16,SKU-1021,Beverages,280.0,0,4129.0,10,False,False,False,429.0,389.5,399.35714285714283,98.05297671864042,0.24552703882328134,1.0896226415094339,0,0.0,10.600770218228497,1.0600770218228497
2026-05-17,SKU-1021,Beverages,360.0,0,3769.0,10,False,False,False,427.14285714285717,390.5,403.57142857142856,93.46793015924749,0.23160195083707344,1.0705334765485142,0,0.0,9.651728553137003,0.9651728553137003
2026-05-18,SKU-1021,Beverages,459.0,0,3310.0,10,False,False,False,430.2857142857143,402.57142857142856,405.7857142857143,94.03913966195027,0.23174581152390492,1.0478344059836493,0,0.0,8.222143364088007,0.8222143364088007
2026-05-19,SKU-1021,Beverages,366.0,0,2944.0,10,False,False,False,410.14285714285717,400.42857142857144,407.89285714285717,92.39021083535343,0.2265060768225108,0.9879559532002753,0,0.0,7.352122725651088,0.7352122725651088
2026-05-20,SKU-1021,Beverages,412.0,0,2532.0,10,False,False,False,406.0,400.14285714285717,400.64285714285717,83.02664199173226,0.20723355105798744,1.0017624250969335,0,0.0,6.327740092823991,0.632774009282399
2026-05-21,SKU-1021,Beverages,621.0,0,1911.0,10,False,False,False,425.57142857142856,416.14285714285717,407.0357142857143,92.6612636885543,0.22764897633408093,1.0520925304608864,0,0.0,4.592173017507724,0.4592173017507724
2026-05-22,SKU-1021,Beverages,369.0,0,1542.0,10,False,False,False,409.57142857142856,421.0,408.0357142857143,92.07142241432369,0.2256454991335723,1.0242943908538764,0,0.0,3.66270783847981,0.366270783847981
2026-05-23,SKU-1021,Beverages,296.0,0,1246.0,10,False,False,False,411.85714285714283,420.42857142857144,407.07142857142856,93.13030638977823,0.22878124047322254,1.0573995965523564,0,0.0,2.9636425416241927,0.2963642541624193
2026-05-24,SKU-1021,Beverages,289.0,4459,5416.0,10,False,False,False,401.7142857142857,414.42857142857144,406.7142857142857,93.57819354357247,0.23008337014577002,1.0287177611121274,0,0.0,13.068597035504999,1.3068597035504999
2026-05-25,SKU-1021,Beverages,363.0,0,5053.0,10,False,False,False,388.0,409.14285714285717,409.89285714285717,90.35950391126518,0.22044664193739,0.9638041163946062,0,0.0,12.350209497206704,1.2350209497206703
2026-05-26,SKU-1021,Beverages,434.0,0,4619.0,10,False,False,False,397.7142857142857,403.92857142857144,409.5357142857143,90.23938622019116,0.22034558421255365,0.9932215483410631,0,0.0,11.435190097259062,1.1435190097259063
2026-05-27,SKU-1021,Beverages,318.0,0,4301.0,10,False,False,False,384.2857142857143,395.14285714285717,400.2142857142857,85.43845831199295,0.21348178054040715,0.9603712959657265,0,0.0,10.88467100506146,1.088467100506146
2026-05-28,SKU-1021,Beverages,526.0,0,3775.0,10,False,False,False,370.7142857142857,398.14285714285717,401.32142857142856,86.90056197722585,0.21653606259342564,0.8908341915550978,0,0.0,9.481521349120918,0.9481521349120918
2026-05-29,SKU-1021,Beverages,306.0,4380,7849.0,10,False,False,False,361.7142857142857,385.64285714285717,392.75,83.88555916864972,0.21358512837339202,0.8591788259246692,0,0.0,20.35302833858122,2.035302833858122
2026-05-30,SKU-1021,Beverages,286.0,0,7563.0,10,False,False,False,360.2857142857143,386.07142857142856,387.7857142857143,85.99283223482753,0.22175348154127564,0.8569486918110771,0,0.0,19.58963922294172,1.958963922294172
2026-05-31,SKU-1021,Beverages,275.0,0,7288.0,10,False,False,False,358.2857142857143,380.0,385.25,88.28683262420739,0.22916763821987643,0.8645294725956566,0,0.0,19.178947368421053,1.9178947368421053
2026-06-01,SKU-1021,Beverages,275.0,0,7013.0,10,False,False,False,345.7142857142857,366.85714285714283,384.7142857142857,88.92937570023675,0.2311569364655244,0.8449720670391061,0,0.0,19.116433021806856,1.9116433021806856
2026-06-02,SKU-1021,Beverages,366.0,0,6647.0,10,False,True,False,336.0,366.85714285714283,383.64285714285717,88.96908089048324,0.23190600120401514,0.8318302387267904,0,0.0,18.118769470404985,1.8118769470404985
2026-06-03,SKU-1021,Beverages,430.0,0,6217.0,10,False,False,False,352.0,368.14285714285717,384.14285714285717,89.19670907636058,0.23219671384697807,0.890817064352856,0,0.0,16.887466045789676,1.6887466045789676
2026-06-04,SKU-1021,Beverages,472.0,0,5745.0,10,False,True,False,344.2857142857143,357.5,386.82142857142856,90.71038715948872,0.2345019703135153,0.8647290993900251,0,0.0,16.06993006993007,1.606993006993007
2026-06-05,SKU-1021,Beverages,246.0,0,5499.0,10,False,False,False,335.7142857142857,348.7142857142857,384.85714285714283,93.19899629316244,0.24216517225394843,0.8705315799222078,0,0.0,15.769356820975009,1.576935682097501
2026-06-06,SKU-1021,Beverages,400.0,0,5099.0,10,False,False,False,352.0,356.14285714285717,388.2857142857143,91.87062446838834,0.23660572894728418,0.9117483811285847,0,0.0,14.317288407541113,1.4317288407541113
2026-06-07,SKU-1021,Beverages,299.0,0,4800.0,10,False,False,False,355.42857142857144,356.85714285714283,385.64285714285717,93.37864546335754,0.24213762483552612,0.9353383458646617,0,0.0,13.45076060848679,1.3450760608486791
2026-06-08,SKU-1021,Beverages,476.0,0,4324.0,10,False,False,False,384.14285714285717,364.92857142857144,387.0357142857143,94.45770448464187,0.24405423323521014,1.0471183800623054,0,0.0,11.848894108436093,1.1848894108436094
2026-06-09,SKU-1021,Beverages,625.0,0,3699.0,10,False,False,False,421.14285714285717,378.57142857142856,391.25,102.31383274206067,0.2615050038135736,1.14797507788162,0,0.0,9.770943396226416,0.9770943396226416
2026-06-10,SKU-1021,Beverages,412.0,0,3287.0,10,False,False,False,418.57142857142856,385.2857142857143,390.2142857142857,101.93765601722315,0.2612350694199385,1.1369809856422195,0,0.0,8.531331108639229,0.8531331108639228
2026-06-11,SKU-1021,Beverages,354.0,0,2916.0,10,True,False,False,401.7142857142857,373.0,385.57142857142856,100.45763012203426,0.260542204836695,1.1236763236763236,0,0.0,7.81769436997319,0.781769436997319
2026-06-12,SKU-1021,Beverages,297.0,0,2619.0,10,False,False,False,409.0,372.35714285714283,379.0,100.00111110493832,0.2638551744193623,1.1728799672265464,0,0.0,7.0335699213504705,0.7033569921350471
2026-06-13,SKU-1021,Beverages,420.0,0,2199.0,10,False,False,False,411.85714285714283,381.92857142857144,384.0,98.35423506669935,0.25613082048619623,1.1564380264741274,0,0.0,5.75762109594165,0.575762109594165
2026-06-14,SKU-1021,Beverages,348.0,0,1851.0,10,False,False,False,418.85714285714283,387.14285714285717,383.57142857142856,98.48873918388712,0.2567676626768007,1.1737389911929543,0,0.0,4.781180811808118,0.4781180811808118
2026-06-15,SKU-1021,Beverages,476.0,0,1375.0,10,False,False,False,418.85714285714283,401.5,384.17857142857144,99.02190314060468,0.2577496781571935,1.1477784302211782,0,0.0,3.4246575342465753,0.3424657534246575
2026-06-16,SKU-1021,Beverages,564.0,0,811.0,10,False,False,False,410.14285714285717,415.64285714285717,391.25,104.58901047008287,0.26732015455612235,1.0833962264150945,0,0.0,1.9511943632926618,0.19511943632926618
2026-06-17,SKU-1021,Beverages,466.0,0,345.0,10,False,False,False,417.85714285714283,418.2142857142857,393.17857142857144,105.47987470723484,0.26827472902194344,1.0845383759733036,0,0.0,0.8249359521776259,0.08249359521776259
2026-06-18,SKU-1021,Beverages,499.0,0,0.0,10,False,False,False,438.57142857142856,420.14285714285717,388.82142857142856,97.9731836218192,0.25197475350518395,1.1757947146687093,1,0.03571428571428571,0.0,0.0
2026-06-19,SKU-1021,Beverages,365.0,0,0.0,10,False,False,False,448.2857142857143,428.64285714285717,388.67857142857144,98.00606692158985,0.25215196855687916,1.2039132936888548,1,0.07142857142857142,0.0,0.0
2026-06-20,SKU-1021,Beverages,364.0,0,0.0,10,False,False,False,440.2857142857143,426.07142857142856,391.10714285714283,96.45468684183577,0.2466195992668616,1.152795960351599,1,0.10714285714285714,0.0,0.0
2026-06-21,SKU-1021,Beverages,328.0,0,0.0,10,False,False,False,437.42857142857144,428.14285714285717,392.5,95.19901182182431,0.2425452530492339,1.129889298892989,1,0.14285714285714285,0.0,0.0
2026-06-22,SKU-1021,Beverages,333.0,0,0.0,10,False,False,False,417.0,417.92857142857144,391.42857142857144,95.7107635773023,0.24451654928507888,1.0386052303860522,1,0.17857142857142858,0.0,0.0
2026-06-23,SKU-1021,Beverages,438.0,0,0.0,10,False,False,False,399.0,404.57142857142856,391.57142857142856,95.77961917723123,0.2446031865160958,0.9599587557999656,1,0.21428571428571427,0.0,0.0
2026-06-24,SKU-1021,Beverages,439.0,0,0.0,10,False,False,False,395.14285714285717,406.5,395.89285714285717,95.0642431067555,0.24012618917358175,0.9448334756618275,1,0.25,0.0,0.0
2026-06-25,SKU-1021,Beverages,366.0,4495,4129.0,10,False,False,False,376.14285714285717,407.35714285714283,390.17857142857144,91.70324666954514,0.23502891594940628,0.8952737164229854,0,0.25,10.136068735753113,1.0136068735753114
2026-06-26,SKU-1021,Beverages,297.0,0,3832.0,10,False,False,False,366.42857142857144,407.35714285714283,389.85714285714283,92.02443889803048,0.2360465636812801,0.8548575237460423,0,0.25,9.406978783096616,0.9406978783096616
2026-06-27,SKU-1021,Beverages,314.0,0,3518.0,10,False,False,False,359.2857142857143,399.7857142857143,390.85714285714283,91.00049421343786,0.23282290186186588,0.8432523051131601,0,0.25,8.79971413257102,0.879971413257102
2026-06-28,SKU-1021,Beverages,238.0,0,3280.0,10,False,False,False,346.42857142857144,391.92857142857144,389.5357142857143,92.99202759251563,0.23872529316864743,0.8091424758091424,0,0.25,8.368871878986695,0.8368871878986696
2026-06-29,SKU-1021,Beverages,439.0,3640,6481.0,10,False,False,False,361.57142857142856,389.2857142857143,395.39285714285717,90.64596956810485,0.22925545550600085,0.865151256195522,0,0.25,16.648440366972476,1.6648440366972477
2026-01-01,SKU-1022,Snacks,207.0,0,834.0,3,False,False,False,,,,,,,0,,,
2026-01-02,SKU-1022,Snacks,141.0,0,693.0,3,False,False,False,,,,,,,0,,,
2026-01-03,SKU-1022,Snacks,174.0,0,519.0,3,False,False,False,174.0,,,,,,0,,,
2026-01-04,SKU-1022,Snacks,110.0,739,1148.0,3,False,False,False,158.0,,,,,,0,,,
2026-01-05,SKU-1022,Snacks,211.0,0,937.0,3,False,False,False,168.6,168.6,,,,,0,0.0,5.557532621589561,1.852510873863187
2026-01-06,SKU-1022,Snacks,206.0,0,731.0,3,False,False,False,174.83333333333334,174.83333333333334,,,,,0,0.0,4.181124880838894,1.3937082936129646
2026-01-07,SKU-1022,Snacks,179.0,0,552.0,3,False,False,False,175.42857142857142,175.42857142857142,175.42857142857142,38.03006329584155,0.21678374842906423,,0,0.0,3.1465798045602607,1.0488599348534202
2026-01-08,SKU-1022,Snacks,182.0,619,989.0,3,False,False,False,171.85714285714286,176.25,176.25,35.285569693168185,0.20020181386194716,,0,0.0,5.611347517730496,1.870449172576832
2026-01-09,SKU-1022,Snacks,157.0,0,832.0,3,False,False,False,174.14285714285714,174.11111111111111,174.11111111111111,33.62456112889968,0.19312128280797516,,0,0.0,4.778557753669432,1.5928525845564774
2026-01-10,SKU-1022,Snacks,80.0,0,752.0,3,False,False,False,160.71428571428572,164.7,164.7,43.481924724852945,0.26400682893049754,,0,0.0,4.565877352762599,1.521959117587533
2026-01-11,SKU-1022,Snacks,200.0,0,552.0,3,False,False,False,173.57142857142858,167.9090909090909,167.9090909090909,42.60153646396933,0.2537178674085883,,0,0.0,3.2874932322685435,1.095831077422848
2026-01-12,SKU-1022,Snacks,164.0,545,933.0,3,False,False,False,166.85714285714286,167.58333333333334,167.58333333333334,40.63464337759398,0.24247425188022265,0.9896627690221997,0,0.0,5.56737941322725,1.8557931377424166
2026-01-13,SKU-1022,Snacks,184.0,0,749.0,3,False,False,False,163.71428571428572,168.84615384615384,168.84615384615384,39.170239880650364,0.23198775327947824,0.9364020155249898,0,0.0,4.435990888382688,1.478663629460896
2026-01-14,SKU-1022,Snacks,184.0,0,565.0,3,False,False,False,164.42857142857142,169.92857142857142,169.92857142857142,37.850849570211935,0.2227456469033069,0.9372964169381107,0,0.0,3.3249264396805382,1.1083088132268462
2026-01-15,SKU-1022,Snacks,170.0,593,988.0,3,False,False,False,162.71428571428572,167.28571428571428,169.93333333333334,36.47399595537046,0.2146370887919015,0.9232016210739615,0,0.0,5.906063193851409,1.9686877312838031
2026-01-16,SKU-1022,Snacks,162.0,0,826.0,3,False,False,False,163.42857142857142,168.78571428571428,169.4375,35.292999778048525,0.2082950927513008,0.9386452730422098,0,0.0,4.8937790943715616,1.6312596981238539
2026-01-17,SKU-1022,Snacks,135.0,0,691.0,3,False,False,False,171.28571428571428,166.0,167.41176470588235,35.17822270867555,0.21012993185083778,1.039986121953335,0,0.0,4.162650602409639,1.387550200803213
2026-01-18,SKU-1022,Snacks,213.0,0,478.0,3,False,False,False,173.14285714285714,173.35714285714286,169.94444444444446,35.77950813823995,0.2105364977078519,1.0311702374506921,0,0.0,2.757313555830243,0.919104518610081
2026-01-19,SKU-1022,Snacks,160.0,669,987.0,3,False,False,False,172.57142857142858,169.71428571428572,169.42105263157896,34.846195056871274,0.2056780696118528,1.0297648646728708,0,0.0,5.815656565656566,1.9385521885521886
2026-01-20,SKU-1022,Snacks,203.0,0,784.0,3,False,False,False,175.28571428571428,169.5,171.1,34.73796648897965,0.203027273459846,1.038138626749105,0,0.0,4.625368731563422,1.5417895771878074
2026-01-21,SKU-1022,Snacks,188.0,0,596.0,3,False,False,False,175.85714285714286,170.14285714285714,171.9047619047619,34.05863291722784,0.19812501142985725,1.0348886086591005,0,0.0,3.502938706968934,1.1676462356563113
2026-01-22,SKU-1022,Snacks,279.0,0,317.0,3,False,False,False,191.42857142857142,177.07142857142858,176.77272727272728,40.32479069491551,0.22811658402883547,1.1443210930828351,0,0.0,1.790237999193223,0.5967459997310743
2026-01-23,SKU-1022,Snacks,139.0,0,178.0,3,False,False,False,188.14285714285714,175.78571428571428,175.1304347826087,40.177225964045945,0.2294131571929138,1.1146847228099874,0,0.0,1.012596505485575,0.3375321684951917
2026-01-24,SKU-1022,Snacks,145.0,0,33.0,3,False,False,False,189.57142857142858,180.42857142857142,173.875,39.77251891532097,0.2287420210802069,1.1419965576592084,0,0.0,0.1828978622327791,0.06096595407759303
2026-01-25,SKU-1022,Snacks,118.0,0,0.0,3,False,False,False,176.0,174.57142857142858,171.64,40.50707757088054,0.23600021889350117,1.015245158632056,1,0.04,0.0,0.0
2026-01-26,SKU-1022,Snacks,312.0,0,0.0,3,False,False,False,197.71428571428572,185.14285714285714,177.03846153846155,48.30029463200469,0.2728237367873391,1.164983164983165,1,0.07692307692307693,0.0,0.0
2026-01-27,SKU-1022,Snacks,248.0,0,0.0,3,False,False,False,204.14285714285714,189.71428571428572,179.66666666666666,49.29190915041035,0.2743519989818758,1.2043826380109566,1,0.1111111111111111,0.0,0.0
2026-01-28,SKU-1022,Snacks,277.0,0,0.0,3,False,False,False,216.85714285714286,196.35714285714286,183.14285714285714,51.74990734342343,0.282565796726961,1.27455919395466,1,0.14285714285714285,0.0,0.0
2026-01-29,SKU-1022,Snacks,225.0,0,0.0,3,True,False,False,209.14285714285714,200.28571428571428,183.78571428571428,52.16736395902962,0.28384885170089963,1.18112141992739,1,0.17857142857142858,0.0,0.0
2026-01-30,SKU-1022,Snacks,172.0,0,0.0,3,True,False,False,213.85714285714286,201.0,184.89285714285714,51.55100982286005,0.2788155833571724,1.2165786265745633,1,0.21428571428571427,0.0,0.0
2026-01-31,SKU-1022,Snacks,120.0,0,0.0,3,False,False,False,210.28571428571428,199.92857142857142,182.96428571428572,52.96433610903566,0.2894790964382195,1.1654790182106096,1,0.25,0.0,0.0
2026-02-01,SKU-1022,Snacks,125.0,0,0.0,3,False,False,False,211.28571428571428,193.64285714285714,183.5,52.27030883001539,0.2848518192371411,1.2103109656301145,1,0.2857142857142857,0.0,0.0
2026-02-02,SKU-1022,Snacks,186.0,634,448.0,3,False,False,False,193.28571428571428,195.5,182.60714285714286,51.995967995900294,0.28474224601705617,1.0439814814814814,0,0.2857142857142857,2.29156010230179,0.7638533674339301
2026-02-03,SKU-1022,Snacks,170.0,0,278.0,3,False,False,False,182.14285714285714,193.14285714285714,181.32142857142858,51.84096304791656,0.2859064339849643,0.9600903614457831,0,0.2857142857142857,1.4393491124260356,0.4797830374753452
2026-02-04,SKU-1022,Snacks,167.0,0,111.0,3,False,False,False,166.42857142857142,191.64285714285714,180.89285714285714,51.9104209089254,0.28696777600195683,0.8475809385230992,0,0.2857142857142857,0.5792023853894894,0.19306746179649648
2026-02-05,SKU-1022,Snacks,141.0,519,489.0,3,False,False,False,154.42857142857142,181.78571428571428,179.42857142857142,52.45345631476614,0.29233614188165846,0.7710413694721826,0,0.2857142857142857,2.689980353634578,0.8966601178781927
2026-02-06,SKU-1022,Snacks,175.0,696,1010.0,3,False,False,False,154.85714285714286,184.35714285714286,180.07142857142858,52.27840611602219,0.2903203830322533,0.7704335465529496,0,0.2857142857142857,5.4784967067028285,1.8261655689009428
2026-02-07,SKU-1022,Snacks,110.0,0,900.0,3,False,False,False,153.42857142857142,181.85714285714286,181.14285714285714,50.42612071926266,0.2783776380400936,0.767416934619507,0,0.2857142857142857,4.948939512961508,1.6496465043205026
2026-02-08,SKU-1022,Snacks,124.0,0,776.0,3,False,False,False,153.28571428571428,182.28571428571428,178.42857142857142,51.40934384837678,0.28812282380995796,0.7915898192548875,0,0.2857142857142857,4.25705329153605,1.41901776384535
2026-02-09,SKU-1022,Snacks,218.0,0,558.0,3,False,False,False,157.85714285714286,175.57142857142858,180.35714285714286,51.85893564612763,0.2875346926914007,0.8074534161490683,0,0.2857142857142857,3.178193653376729,1.0593978844589096
2026-02-10,SKU-1022,Snacks,87.0,0,471.0,3,False,False,False,146.0,164.07142857142858,176.89285714285714,54.765046493729166,0.3095944481777542,0.7559171597633136,0,0.2857142857142857,2.8707009142359596,0.9569003047453198
2026-02-11,SKU-1022,Snacks,177.0,0,294.0,3,False,False,False,147.42857142857142,156.92857142857142,176.64285714285714,54.747375574315264,0.30993257502645116,0.7692881103242638,0,0.2857142857142857,1.8734638142922169,0.6244879380974057
2026-02-12,SKU-1022,Snacks,151.0,0,143.0,3,False,False,False,148.85714285714286,151.64285714285714,175.96428571428572,54.950133719284025,0.31228003737364574,0.818860510805501,0,0.2857142857142857,0.9430051813471503,0.3143350604490501
2026-02-13,SKU-1022,Snacks,138.0,0,5.0,3,False,False,False,143.57142857142858,149.21428571428572,175.10714285714286,55.36166562851972,0.31615880840272326,0.778767919411081,0,0.2857142857142857,0.03350885591191958,0.011169618637306526
2026-02-14,SKU-1022,Snacks,161.0,0,0.0,3,False,False,False,150.85714285714286,152.14285714285714,176.03571428571428,54.87999172798308,0.3117548728714803,0.8295365278868814,1,0.32142857142857145,0.0,0.0
2026-02-15,SKU-1022,Snacks,225.0,0,0.0,3,False,False,False,165.28571428571428,159.28571428571428,176.46428571428572,55.22511649660407,0.3129535037249371,0.9067398119122257,1,0.35714285714285715,0.0,0.0
2026-02-16,SKU-1022,Snacks,179.0,0,0.0,3,False,False,False,159.71428571428572,158.78571428571428,177.14285714285714,55.13197249812845,0.31122887700556384,0.9096826688364524,1,0.39285714285714285,0.0,0.0
2026-02-17,SKU-1022,Snacks,233.0,567,334.0,3,False,False,False,180.57142857142858,163.28571428571428,178.21428571428572,55.93869471249366,0.3138844593085816,1.1005659555942533,0,0.39285714285714285,2.045494313210849,0.6818314377369497
2026-02-18,SKU-1022,Snacks,245.0,0,89.0,3,False,False,False,190.28571428571428,168.85714285714286,180.25,57.32792287132633,0.3180467288284401,1.2125625853436506,0,0.39285714285714285,0.527072758037225,0.17569091934574166
2026-02-19,SKU-1022,Snacks,277.0,0,0.0,3,False,False,False,208.28571428571428,178.57142857142858,180.17857142857142,57.201433270976416,0.31747078921453714,1.3735280263777674,1,0.42857142857142855,0.0,0.0
2026-02-20,SKU-1022,Snacks,181.0,623,442.0,3,False,False,False,214.42857142857142,179.0,181.67857142857142,56.629434547264,0.31170123202740163,1.437051220679751,0,0.42857142857142855,2.46927374301676,0.8230912476722533
2026-02-21,SKU-1022,Snacks,115.0,0,327.0,3,False,False,False,207.85714285714286,179.35714285714286,180.60714285714286,57.62415856907284,0.31905802648488024,1.3661971830985915,0,0.42857142857142855,1.8231780167264038,0.607726005575468
2026-02-22,SKU-1022,Snacks,107.0,711,931.0,3,False,False,False,191.0,178.14285714285714,180.21428571428572,58.10230896339926,0.3224067877477565,1.199103139013453,0,0.39285714285714285,5.226142742582198,1.7420475808607325
2026-02-23,SKU-1022,Snacks,270.0,0,661.0,3,False,False,False,204.0,181.85714285714286,178.71428571428572,55.03524604177132,0.30795101702030314,1.2847503373819165,0,0.35714285714285715,3.6347211311861742,1.2115737103953914
2026-02-24,SKU-1022,Snacks,143.0,0,518.0,3,False,False,False,191.14285714285714,185.85714285714286,174.96428571428572,53.70046012828398,0.30692240938802845,1.1706036745406825,0,0.32142857142857145,2.7870868562644118,0.9290289520881373
2026-02-25,SKU-1022,Snacks,208.0,709,1019.0,3,False,False,False,185.85714285714286,188.07142857142858,172.5,50.32155859330332,0.29171918025103377,1.1006768189509306,0,0.2857142857142857,5.418154196733763,1.8060513989112543
2026-02-26,SKU-1022,Snacks,243.0,0,776.0,3,False,False,False,181.0,194.64285714285714,173.14285714285714,51.125636307342795,0.2952800776826729,1.0135999999999998,0,0.25,3.986788990825688,1.3289296636085626
2026-02-27,SKU-1022,Snacks,206.0,0,570.0,3,False,False,False,184.57142857142858,199.5,174.35714285714286,51.49988441965764,0.29537008679852805,1.031125299281724,0,0.21428571428571427,2.857142857142857,0.9523809523809524
2026-02-28,SKU-1022,Snacks,125.0,507,952.0,3,False,False,False,186.0,196.92857142857142,174.53571428571428,51.31275355356286,0.2939957232452957,1.037037037037037,0,0.17857142857142858,4.83424011606819,1.61141337202273
2026-03-01,SKU-1022,Snacks,139.0,0,813.0,3,False,False,False,190.57142857142858,190.78571428571428,175.03571428571428,50.878564316205974,0.2906753317391894,1.0697674418604652,0,0.14285714285714285,4.261325346312243,1.4204417821040811
2026-03-02,SKU-1022,Snacks,155.0,0,658.0,3,False,False,False,174.14285714285714,189.07142857142858,173.92857142857142,50.96834789133828,0.29304183592555894,0.9575805184603299,0,0.14285714285714285,3.4801662259161312,1.1600554086387105
2026-03-03,SKU-1022,Snacks,256.0,0,402.0,3,False,False,False,190.28571428571428,190.71428571428572,177.0,53.262452899663664,0.3009178129924501,1.0238278247501922,0,0.14285714285714285,2.107865168539326,0.702621722846442
2026-03-04,SKU-1022,Snacks,276.0,0,126.0,3,False,False,False,200.0,192.92857142857142,180.89285714285714,56.39565210829269,0.31176273623537915,1.0634257500949487,0,0.14285714285714285,0.6530914476119956,0.21769714920399852
2026-03-05,SKU-1022,Snacks,101.0,0,25.0,3,False,False,False,179.71428571428572,180.35714285714286,179.46428571428572,57.92938366721584,0.3227905955586156,0.923302752293578,0,0.14285714285714285,0.1386138613861386,0.0462046204620462
2026-03-06,SKU-1022,Snacks,185.0,0,0.0,3,False,False,False,176.71428571428572,180.64285714285714,179.82142857142858,57.9316670080194,0.3221621998459867,0.8857858933046904,1,0.17857142857142858,0.0,0.0
2026-03-07,SKU-1022,Snacks,180.0,0,0.0,3,False,False,False,184.57142857142858,185.28571428571428,182.32142857142858,56.294235986386795,0.30876368415648,0.9372506347479145,1,0.21428571428571427,0.0,0.0
2026-03-08,SKU-1022,Snacks,109.0,660,551.0,3,False,False,False,180.28571428571428,185.42857142857142,181.78571428571428,56.93749473658204,0.31321215179259276,0.9449644327967054,0,0.21428571428571427,2.9714946070878274,0.9904982023626091
2026-03-09,SKU-1022,Snacks,176.0,758,1133.0,3,False,False,False,183.28571428571428,178.71428571428572,180.28571428571428,56.49966053182657,0.3133895592098146,0.9693993199848885,0,0.21428571428571427,6.3397282174260585,2.1132427391420197
2026-03-10,SKU-1022,Snacks,280.0,0,853.0,3,False,False,False,186.71428571428572,188.5,187.17857142857142,56.47028295610761,0.3016920287676041,0.9790262172284644,0,0.21428571428571427,4.525198938992043,1.508399646330681
2026-03-11,SKU-1022,Snacks,229.0,0,624.0,3,False,False,False,180.0,190.0,189.03571428571428,56.975941734278834,0.3014030547061794,0.9329877823028508,0,0.21428571428571427,3.2842105263157895,1.0947368421052632
2026-03-12,SKU-1022,Snacks,212.0,0,412.0,3,False,False,False,195.85714285714286,187.78571428571428,191.21428571428572,56.63290310663682,0.2961750629409471,1.085940594059406,0,0.21428571428571427,2.193990110308102,0.7313300367693674
2026-03-13,SKU-1022,Snacks,219.0,647,840.0,3,False,False,False,200.71428571428572,188.71428571428572,194.10714285714286,55.877736430276315,0.28787058326545295,1.1111111111111112,0,0.21428571428571427,4.45117335352006,1.4837244511733534
2026-03-14,SKU-1022,Snacks,122.0,0,718.0,3,False,False,False,192.42857142857142,188.5,192.71428571428572,57.2038959712161,0.29683266997665875,1.038550501156515,0,0.17857142857142858,3.8090185676392574,1.2696728558797525
2026-03-15,SKU-1022,Snacks,174.0,0,544.0,3,False,False,False,201.71428571428572,191.0,190.89285714285714,56.94919066554254,0.298330652691336,1.0878274268104777,0,0.14285714285714285,2.8481675392670156,0.9493891797556718
2026-03-16,SKU-1022,Snacks,204.0,575,876.0,3,True,False,False,205.71428571428572,194.5,191.78571428571428,56.95180362822529,0.2969554006685863,1.1510791366906474,0,0.10714285714285714,4.5038560411311055,1.5012853470437018
2026-03-17,SKU-1022,Snacks,233.0,0,643.0,3,False,False,False,199.0,192.85714285714286,191.78571428571428,56.95180362822529,0.2969554006685863,1.0557029177718833,0,0.10714285714285714,3.334074074074074,1.1113580246913581
2026-03-18,SKU-1022,Snacks,72.0,0,571.0,3,False,False,False,176.57142857142858,178.28571428571428,185.60714285714286,60.253378135334266,0.3246285525859841,0.9293233082706768,0,0.10714285714285714,3.202724358974359,1.0675747863247864
2026-03-19,SKU-1022,Snacks,255.0,0,316.0,3,False,False,False,182.71428571428572,189.28571428571428,184.82142857142858,59.150813883401334,0.32004305096333086,0.9729935336629898,0,0.07142857142857142,1.669433962264151,0.5564779874213837
2026-03-20,SKU-1022,Snacks,377.0,0,0.0,3,False,False,False,205.28571428571428,203.0,191.82142857142858,69.39263146463968,0.3617564105399201,1.0878122634367902,1,0.10714285714285714,0.0,0.0
2026-03-21,SKU-1022,Snacks,114.0,0,0.0,3,False,False,False,204.14285714285714,198.28571428571428,191.78571428571428,69.43387856128658,0.36203884538473446,1.0829859795377037,1,0.14285714285714285,0.0,0.0
2026-03-22,SKU-1022,Snacks,156.0,541,385.0,3,False,False,False,201.57142857142858,201.64285714285714,193.53571428571428,67.81646371879583,0.35040800592845234,1.055347793567689,0,0.14285714285714285,1.9093163301452356,0.6364387767150785
2026-03-23,SKU-1022,Snacks,209.0,725,901.0,3,False,False,False,202.28571428571428,204.0,191.35714285714286,66.23035797472573,0.34610862696758504,1.040029379360999,0,0.14285714285714285,4.416666666666667,1.4722222222222223
2026-03-24,SKU-1022,Snacks,200.0,0,701.0,3,False,False,False,197.57142857142858,198.28571428571428,193.39285714285714,65.56158500655263,0.3390072724253876,1.0244444444444445,0,0.14285714285714285,3.5353025936599427,1.1784341978866475
2026-03-25,SKU-1022,Snacks,210.0,0,491.0,3,False,False,False,217.28571428571428,196.92857142857142,193.46428571428572,65.57917586306118,0.33897303381312777,1.21875,0,0.14285714285714285,2.49328980776206,0.8310966025873534
2026-03-26,SKU-1022,Snacks,173.0,0,318.0,3,False,False,False,205.57142857142858,194.14285714285714,190.96428571428572,64.95210893440223,0.34012699647713907,1.0860377358490567,0,0.14285714285714285,1.6379690949227372,0.545989698307579
2026-03-27,SKU-1022,Snacks,171.0,0,147.0,3,False,False,False,176.14285714285714,190.71428571428572,189.71428571428572,64.98880652500839,0.342561480177002,0.8676988036593948,0,0.14285714285714285,0.7707865168539325,0.25692883895131086
2026-03-28,SKU-1022,Snacks,119.0,0,28.0,3,False,False,False,176.85714285714286,190.5,189.5,65.21957215892014,0.34416660769878704,0.8919308357348704,0,0.14285714285714285,0.14698162729658792,0.048993875765529306
2026-03-29,SKU-1022,Snacks,185.0,711,554.0,3,False,False,False,181.0,191.28571428571428,191.14285714285714,64.47549881226159,0.33731576359180204,0.8976266383280198,0,0.14285714285714285,2.8961911874533235,0.9653970624844411
2026-03-30,SKU-1022,Snacks,179.0,0,375.0,3,False,False,False,176.71428571428572,189.5,192.0,64.1358511864262,0.3340408915959698,0.8662464985994398,0,0.14285714285714285,1.9788918205804749,0.6596306068601583
2026-03-31,SKU-1022,Snacks,239.0,721,857.0,3,False,False,False,182.28571428571428,189.92857142857142,191.39285714285714,63.585660674292306,0.3322258814853862,0.9193083573487032,0,0.14285714285714285,4.512222640090259,1.5040742133634197
2026-04-01,SKU-1022,Snacks,248.0,0,609.0,3,False,False,False,187.71428571428572,202.5,190.39285714285714,62.415180540512424,0.32782312045288836,0.9532100108813929,0,0.14285714285714285,3.0074074074074075,1.002469135802469
2026-04-02,SKU-1022,Snacks,161.0,0,448.0,3,False,False,False,186.0,195.78571428571428,192.53571428571428,60.22395373250251,0.3127936754795159,0.9580573951434879,0,0.14285714285714285,2.2882159795695003,0.7627386598565001
2026-04-03,SKU-1022,Snacks,207.0,0,241.0,3,False,False,False,191.14285714285714,183.64285714285714,193.32142857142858,60.26549505463216,0.31173727351370784,1.0022471910112358,0,0.10714285714285714,1.312329832749903,0.437443277583301
2026-04-04,SKU-1022,Snacks,162.0,0,79.0,3,False,False,False,197.28571428571428,187.07142857142858,192.67857142857142,60.508373201675376,0.3140378961347378,1.035620547431571,0,0.07142857142857142,0.42229858724704084,0.1407661957490136
2026-04-05,SKU-1022,Snacks,118.0,0,0.0,3,False,False,False,187.71428571428572,184.35714285714286,193.0,60.06971258771236,0.31124203413322465,0.9813293502613892,1,0.10714285714285714,0.0,0.0
2026-04-06,SKU-1022,Snacks,144.0,0,0.0,3,False,False,False,182.71428571428572,179.71428571428572,191.85714285714286,60.70616192148944,0.31641335327656445,0.9641914813418772,1,0.14285714285714285,0.0,0.0
2026-04-07,SKU-1022,Snacks,241.0,0,0.0,3,False,False,False,183.0,182.64285714285714,190.46428571428572,59.03324997977498,0.3099439338896867,0.9635201203459948,1,0.17857142857142858,0.0,0.0
2026-04-08,SKU-1022,Snacks,149.0,0,0.0,3,False,False,False,168.85714285714286,178.28571428571428,187.60714285714286,59.03504250346774,0.3146737464490951,0.8338624338624339,1,0.21428571428571427,0.0,0.0
2026-04-09,SKU-1022,Snacks,200.0,0,0.0,3,False,False,False,174.42857142857142,180.21428571428572,187.17857142857142,58.894792306676486,0.31464495031233386,0.8909157241882525,1,0.25,0.0,0.0
2026-04-10,SKU-1022,Snacks,131.0,0,0.0,3,False,False,False,163.57142857142858,177.35714285714286,184.03571428571428,59.47889893054021,0.32319215409569685,0.8907040062232595,1,0.2857142857142857,0.0,0.0
2026-04-11,SKU-1022,Snacks,188.0,0,0.0,3,False,False,False,167.28571428571428,182.28571428571428,186.39285714285714,58.223922336743435,0.31237206848607324,0.8942344406261931,1,0.32142857142857145,0.0,0.0
2026-04-12,SKU-1022,Snacks,100.0,0,0.0,3,False,False,False,164.71428571428572,176.21428571428572,183.75,60.44441891339329,0.32894921857629,0.8934521503293298,1,0.35714285714285715,0.0,0.0
2026-04-13,SKU-1022,Snacks,140.0,716,576.0,3,False,False,False,164.14285714285714,173.42857142857142,181.46428571428572,60.85896394175217,0.3353770892283135,0.9133545310015898,0,0.35714285714285715,3.3212520593080725,1.1070840197693574
2026-04-14,SKU-1022,Snacks,217.0,0,359.0,3,False,False,False,160.71428571428572,171.85714285714286,180.89285714285714,60.43076190258554,0.3340693649106407,0.8799374266718811,0,0.35714285714285715,2.088944305901912,0.6963147686339707
2026-04-15,SKU-1022,Snacks,245.0,0,114.0,3,False,False,False,174.42857142857142,171.64285714285714,187.07142857142858,57.66565739092932,0.3082547550488776,0.9783653846153846,0,0.35714285714285715,0.6641697877652935,0.22138992925509782
2026-04-16,SKU-1022,Snacks,220.0,693,587.0,3,False,False,False,177.28571428571428,175.85714285714286,185.82142857142858,56.506344167862515,0.30408949388817036,0.9837495045580658,0,0.35714285714285715,3.3379366368805847,1.1126455456268616
2026-04-17,SKU-1022,Snacks,196.0,0,391.0,3,False,False,False,186.57142857142858,175.07142857142858,179.35714285714286,42.423974952774635,0.23653351228149935,1.0519532823197746,0,0.32142857142857145,2.2333741330069357,0.7444580443356452
2026-04-18,SKU-1022,Snacks,162.0,0,229.0,3,False,False,False,182.85714285714286,175.07142857142858,181.07142857142858,40.616479570470055,0.224311918732379,1.0031347962382446,0,0.2857142857142857,1.3080375356997143,0.43601251189990475
2026-04-19,SKU-1022,Snacks,193.0,0,36.0,3,False,False,False,196.14285714285714,180.42857142857142,182.39285714285714,40.371734965529825,0.22134493421477092,1.1130928252938792,0,0.2857142857142857,0.19952494061757722,0.06650831353919241
2026-04-20,SKU-1022,Snacks,210.0,647,473.0,3,False,False,False,206.14285714285714,185.14285714285714,182.42857142857142,40.39657903688872,0.22143778641990683,1.1886326194398682,0,0.2857142857142857,2.554783950617284,0.8515946502057613
2026-04-21,SKU-1022,Snacks,138.0,521,856.0,3,False,False,False,194.85714285714286,177.78571428571428,180.21428571428572,41.09100752562413,0.2280119323657304,1.1338320864505402,0,0.2857142857142857,4.8147850542386506,1.6049283514128836
2026-04-22,SKU-1022,Snacks,154.0,0,702.0,3,False,False,False,181.85714285714286,178.14285714285714,178.21428571428572,40.95015682406287,0.22978043909293797,1.0595089471493966,0,0.2857142857142857,3.9406575781876505,1.3135525260625502
2026-04-23,SKU-1022,Snacks,160.0,0,542.0,3,False,True,False,173.28571428571428,175.28571428571428,177.75,41.08493911669119,0.23113889798419796,0.9853777416734362,0,0.2857142857142857,3.0920945395273023,1.0306981798424342
2026-04-24,SKU-1022,Snacks,226.0,0,316.0,3,False,False,False,177.57142857142858,182.07142857142858,179.71428571428572,42.053631668477045,0.2340027199358818,1.0142798857609139,0,0.2857142857142857,1.7355825814044723,0.5785275271348241
2026-04-25,SKU-1022,Snacks,117.0,0,199.0,3,False,False,False,171.14285714285714,177.0,179.64285714285714,42.16213351629044,0.23469974919605016,0.9775601795185638,0,0.2857142857142857,1.1242937853107344,0.3747645951035781
2026-04-26,SKU-1022,Snacks,163.0,521,557.0,3,False,False,False,166.85714285714286,181.5,178.85714285714286,42.263471913711214,0.23629736692969527,0.924782264449723,0,0.2857142857142857,3.068870523415978,1.0229568411386594
2026-04-27,SKU-1022,Snacks,81.0,0,476.0,3,False,False,False,148.42857142857142,177.28571428571428,175.35714285714286,46.13202814925894,0.26307470227683305,0.8016975308641975,0,0.2857142857142857,2.684931506849315,0.8949771689497718
2026-04-28,SKU-1022,Snacks,117.0,709,1068.0,3,False,False,False,145.42857142857142,170.14285714285714,171.0,45.65733886893312,0.2670019816896673,0.8179991964644435,0,0.2857142857142857,6.277078085642318,2.0923593618807725
2026-04-29,SKU-1022,Snacks,228.0,0,840.0,3,False,False,False,156.0,168.92857142857142,170.28571428571428,44.551141767683475,0.2616258325283426,0.8757016840417001,0,0.2857142857142857,4.972515856236787,1.6575052854122623
2026-04-30,SKU-1022,Snacks,277.0,0,563.0,3,False,False,False,172.71428571428572,173.0,174.42857142857142,48.842474359795695,0.28001418551889423,0.9853300733496333,0,0.2857142857142857,3.254335260115607,1.0847784200385358
2026-05-01,SKU-1022,Snacks,168.0,0,395.0,3,False,False,False,164.42857142857142,171.0,173.03571428571428,48.43359879322917,0.2799052149041108,0.9030992546096507,0,0.2857142857142857,2.309941520467836,0.7699805068226121
2026-05-02,SKU-1022,Snacks,148.0,0,247.0,3,False,False,False,168.85714285714286,170.0,172.53571428571428,48.623635574768926,0.2818178008887456,0.953995157384988,0,0.2857142857142857,1.4529411764705882,0.4843137254901961
2026-05-03,SKU-1022,Snacks,161.0,0,86.0,3,False,False,False,168.57142857142858,167.71428571428572,174.07142857142858,47.50355041033565,0.27289688376885474,0.9287682014954743,0,0.25,0.5127768313458262,0.17092561044860874
2026-05-04,SKU-1022,Snacks,187.0,712,611.0,3,False,False,False,183.71428571428572,166.07142857142858,175.60714285714286,47.18940503004828,0.2687214441410111,1.0362610797743756,0,0.21428571428571427,3.679139784946236,1.226379928315412
2026-05-05,SKU-1022,Snacks,130.0,0,481.0,3,False,False,False,185.57142857142858,165.5,171.64285714285714,46.143266661573236,0.26883301425802136,1.0906801007556677,0,0.17857142857142858,2.906344410876133,0.9687814702920443
2026-05-06,SKU-1022,Snacks,215.0,0,266.0,3,False,False,False,183.71428571428572,169.85714285714286,174.0,46.62696724079395,0.267971076096517,1.087526427061311,0,0.14285714285714285,1.5660218671152228,0.5220072890384077
2026-05-07,SKU-1022,Snacks,206.0,574,634.0,3,False,False,False,173.57142857142858,173.14285714285714,174.21428571428572,46.76446668054007,0.2684307230535305,1.0033030553261768,0,0.10714285714285714,3.661716171617162,1.2205720572057206
2026-05-08,SKU-1022,Snacks,211.0,0,423.0,3,False,False,False,179.71428571428572,172.07142857142858,177.07142857142858,46.46936750594003,0.2624328943457686,1.0509607351712615,0,0.07142857142857142,2.458281444582814,0.8194271481942713
2026-05-09,SKU-1022,Snacks,134.0,0,289.0,3,False,False,False,177.71428571428572,173.28571428571428,175.14285714285714,47.11507919796682,0.26900942445821185,1.0453781512605043,0,0.03571428571428571,1.6677658697444353,0.5559219565814785
2026-05-10,SKU-1022,Snacks,153.0,652,788.0,3,False,False,False,176.57142857142858,172.57142857142858,177.03571428571428,45.00163136372751,0.25419521448141424,1.0528109028960817,0,0.0,4.566225165562914,1.5220750551876379
2026-05-11,SKU-1022,Snacks,271.0,0,517.0,3,False,False,False,188.57142857142858,186.14285714285714,181.71428571428572,47.73527086605966,0.26269410067800125,1.135483870967742,0,0.0,2.77743668457406,0.9258122281913533
2026-05-12,SKU-1022,Snacks,194.0,646,969.0,3,False,False,False,197.71428571428572,191.64285714285714,180.89285714285714,47.301506737973355,0.2614890796965951,1.1946482520500648,0,0.0,5.056280283265002,1.685426761088334
2026-05-13,SKU-1022,Snacks,206.0,0,763.0,3,False,False,False,196.42857142857142,190.07142857142858,179.5,45.897228190333614,0.2556948645701037,1.1564339781328847,0,0.0,4.014280345734686,1.3380934485782285
2026-05-14,SKU-1022,Snacks,180.0,0,583.0,3,False,False,False,192.71428571428572,183.14285714285714,178.07142857142858,45.207282739603045,0.2538716238886653,1.1130363036303632,0,0.0,3.1833073322932917,1.0611024440977639
2026-05-15,SKU-1022,Snacks,220.0,0,363.0,3,False,False,False,194.0,186.85714285714286,178.92857142857142,45.78365272827033,0.25587670187456474,1.1274387712743876,0,0.0,1.9426605504587156,0.6475535168195719
2026-05-16,SKU-1022,Snacks,217.0,720,866.0,3,False,False,False,205.85714285714286,191.78571428571428,180.89285714285714,46.208336017003646,0.2554458851877793,1.1879637262984337,0,0.0,4.515456238361266,1.5051520794537554
2026-05-17,SKU-1022,Snacks,143.0,0,723.0,3,False,False,False,204.42857142857142,190.5,179.10714285714286,46.68677287952938,0.26066393631641527,1.1846026490066224,0,0.0,3.795275590551181,1.2650918635170603
2026-05-18,SKU-1022,Snacks,218.0,0,505.0,3,False,False,False,196.85714285714286,192.71428571428572,179.39285714285714,46.906794331923315,0.2614752620533253,1.0575594781273983,0,0.0,2.620459599703484,0.8734865332344947
2026-05-19,SKU-1022,Snacks,180.0,0,325.0,3,False,False,False,194.85714285714286,196.28571428571428,180.89285714285714,46.20032009325883,0.2554015720851426,1.016772269847186,0,0.0,1.6557496360989812,0.5519165453663271
2026-05-20,SKU-1022,Snacks,192.0,0,133.0,3,False,False,False,192.85714285714286,194.64285714285714,182.25,45.938465283383074,0.25206290964819245,1.0146561443066515,0,0.0,0.683302752293578,0.22776758409785933
2026-05-21,SKU-1022,Snacks,172.0,0,0.0,3,False,False,False,191.71428571428572,192.21428571428572,182.67857142857142,45.77889985525724,0.2505980832741354,1.046801872074883,1,0.03571428571428571,0.0,0.0
2026-05-22,SKU-1022,Snacks,133.0,0,0.0,3,False,False,False,179.28571428571428,186.64285714285714,179.35714285714286,45.89296265402812,0.2558747419977673,0.9594801223241589,1,0.07142857142857142,0.0,0.0
2026-05-23,SKU-1022,Snacks,204.0,0,0.0,3,False,False,False,177.42857142857142,191.64285714285714,182.46428571428572,44.43679001546248,0.24353691924700516,0.9251396648044693,1,0.10714285714285714,0.0,0.0
2026-05-24,SKU-1022,Snacks,162.0,0,0.0,3,False,False,False,180.14285714285714,192.28571428571428,182.42857142857142,44.453411793762456,0.2436757106940777,0.9456317960254967,1,0.14285714285714285,0.0,0.0
2026-05-25,SKU-1022,Snacks,148.0,0,0.0,3,False,False,False,170.14285714285714,183.5,184.82142857142858,40.41090205985267,0.2186483589711835,0.882876204595997,1,0.17857142857142858,0.0,0.0
2026-05-26,SKU-1022,Snacks,111.0,718,607.0,3,False,False,False,160.28571428571428,177.57142857142858,184.60714285714286,40.79791142594895,0.2209985528973826,0.8165938864628821,0,0.17857142857142858,3.4183427192276747,1.1394475730758915
2026-05-27,SKU-1022,Snacks,212.0,0,395.0,3,False,False,False,163.14285714285714,178.0,184.03571428571428,40.27634370736576,0.21885069353895623,0.8381651376146789,0,0.17857142857142858,2.2191011235955056,0.7397003745318352
2026-05-28,SKU-1022,Snacks,275.0,0,120.0,3,False,False,False,177.85714285714286,184.78571428571428,183.96428571428572,40.10678537110936,0.2180139760029241,0.9253065774804905,0,0.17857142857142858,0.6494008504058756,0.21646695013529185
2026-05-29,SKU-1022,Snacks,200.0,567,487.0,3,False,False,False,187.42857142857142,183.35714285714286,185.10714285714286,40.090951492006155,0.21658241207334986,1.004209720627631,0,0.17857142857142858,2.6560186988702763,0.8853395662900921
2026-05-30,SKU-1022,Snacks,182.0,0,305.0,3,False,False,False,184.28571428571428,180.85714285714286,186.32142857142858,39.43494743707767,0.211650091669192,0.9616101379053298,0,0.17857142857142858,1.6864139020537123,0.5621379673512374
2026-05-31,SKU-1022,Snacks,151.0,0,154.0,3,False,False,False,182.71428571428572,181.42857142857142,185.96428571428572,39.71703817876052,0.21357347205786334,0.9502228826151561,0,0.17857142857142858,0.8488188976377953,0.28293963254593174
2026-06-01,SKU-1022,Snacks,139.0,0,15.0,3,False,False,False,181.42857142857142,175.78571428571428,184.25,40.69454872948335,0.2208659361165989,0.9887115609186453,0,0.17857142857142858,0.08533116619260464,0.028443722064201548
2026-06-02,SKU-1022,Snacks,285.0,663,393.0,3,False,False,False,206.28571428571428,183.28571428571428,189.78571428571428,43.48806319223288,0.22914297504375625,1.1617055510860819,0,0.17857142857142858,2.1441932969602493,0.7147310989867498
2026-06-03,SKU-1022,Snacks,183.0,0,210.0,3,False,False,False,202.14285714285714,182.64285714285714,188.64285714285714,43.22054919845272,0.2291130968490489,1.1356340288924558,0,0.17857142857142858,1.1497849041845913,0.38326163472819713
2026-06-04,SKU-1022,Snacks,231.0,0,0.0,3,False,False,False,195.85714285714286,186.85714285714286,189.53571428571428,43.84609627697953,0.2313342181562892,1.0599149594124468,1,0.21428571428571427,0.0,0.0
2026-06-05,SKU-1022,Snacks,165.0,0,0.0,3,False,False,False,190.85714285714286,189.14285714285714,187.89285714285714,43.87384210624846,0.23350457688176335,1.040903778730035,1,0.25,0.0,0.0
2026-06-06,SKU-1022,Snacks,192.0,736,544.0,3,False,False,False,192.28571428571428,188.28571428571428,189.96428571428572,42.58541059761189,0.22417587831042168,1.0631911532385465,0,0.25,2.8892261001517454,0.9630753667172485
2026-06-07,SKU-1022,Snacks,196.0,0,348.0,3,False,False,False,198.71428571428572,190.71428571428572,191.5,41.97397782930294,0.21918526281620335,1.0952755905511813,0,0.25,1.8247191011235955,0.6082397003745318
2026-06-08,SKU-1022,Snacks,187.0,0,161.0,3,False,False,False,205.57142857142858,193.5,188.5,38.976251078678,0.2067705627516074,1.169443315725315,0,0.25,0.8320413436692506,0.27734711455641686
2026-06-09,SKU-1022,Snacks,200.0,537,498.0,3,False,False,False,193.42857142857142,199.85714285714286,188.71428571428572,39.02407342754349,0.20678918546010933,1.0553390491036632,0,0.25,2.4917798427448177,0.8305932809149392
2026-06-10,SKU-1022,Snacks,208.0,0,290.0,3,False,False,False,197.0,199.57142857142858,188.78571428571428,39.058699550574005,0.20689436008627926,1.0786077434493548,0,0.25,1.4531138153185397,0.48437127177284656
2026-06-11,SKU-1022,Snacks,207.0,0,83.0,3,False,False,False,193.57142857142858,194.71428571428572,189.75,39.16690307257259,0.20641319142330744,1.0359327217125383,0,0.25,0.4262655906089508,0.1420885302029836
2026-06-12,SKU-1022,Snacks,234.0,0,0.0,3,False,False,False,203.42857142857142,197.14285714285714,190.25,39.6537093683134,0.20842948419612825,1.0755287009063443,1,0.2857142857142857,0.0,0.0
2026-06-13,SKU-1022,Snacks,142.0,628,486.0,3,False,False,False,196.28571428571428,194.28571428571428,187.57142857142858,40.30754783782328,0.21489172495412256,1.0424886191198786,0,0.2857142857142857,2.501470588235294,0.8338235294117647
2026-06-14,SKU-1022,Snacks,149.0,0,337.0,3,False,False,False,189.57142857142858,194.14285714285714,187.78571428571428,40.07710821871511,0.21341936670293327,0.9940074906367041,0,0.2857142857142857,1.7358351729212658,0.5786117243070886
2026-06-15,SKU-1022,Snacks,258.0,0,79.0,3,False,False,False,199.71428571428572,202.64285714285714,189.21428571428572,41.86694722380973,0.22126736924625753,1.0321151716500554,0,0.2857142857142857,0.38984843144166376,0.12994947714722124
2026-06-16,SKU-1022,Snacks,162.0,0,0.0,3,False,False,False,194.28571428571428,193.85714285714286,188.57142857142858,42.15090049688632,0.2235275026350032,0.9721229449606862,1,0.32142857142857145,0.0,0.0
2026-06-17,SKU-1022,Snacks,193.0,0,0.0,3,False,False,False,192.14285714285714,194.57142857142858,188.60714285714286,42.1543366124779,0.22350339427180102,0.9627773801002146,1,0.35714285714285715,0.0,0.0
2026-06-18,SKU-1022,Snacks,197.0,531,334.0,3,False,False,False,190.71428571428572,192.14285714285714,189.5,42.054197835121705,0.2219218883119879,0.979457079970653,0,0.32142857142857145,1.7382899628252788,0.5794299876084262
2026-06-19,SKU-1022,Snacks,262.0,0,72.0,3,False,False,False,194.71428571428572,199.07142857142858,194.10714285714286,42.69646466908116,0.21996338743960855,0.9876811594202899,0,0.2857142857142857,0.3616792249730893,0.12055974165769644
2026-06-20,SKU-1022,Snacks,137.0,0,0.0,3,False,False,False,194.0,195.14285714285714,191.71428571428572,43.9796730343876,0.2294021693298906,0.9985294117647059,1,0.2857142857142857,0.0,0.0
2026-06-21,SKU-1022,Snacks,121.0,534,413.0,3,False,False,False,190.0,189.78571428571428,190.25,45.65622346121874,0.23998014959904723,0.9786607799852833,0,0.25,2.1761385020700037,0.7253795006900012
2026-06-22,SKU-1022,Snacks,217.0,667,863.0,3,False,False,False,184.14285714285714,191.92857142857142,192.71428571428572,45.150659027106244,0.23428807501092935,0.9087063799788508,0,0.21428571428571427,4.496464458503908,1.4988214861679694
2026-06-23,SKU-1022,Snacks,143.0,0,720.0,3,False,False,False,181.42857142857142,187.85714285714286,193.85714285714286,43.3758033638608,0.2237513806536666,0.9358879882092851,0,0.21428571428571427,3.832699619771863,1.2775665399239544
2026-06-24,SKU-1022,Snacks,197.0,0,523.0,3,False,False,False,182.0,187.07142857142858,193.32142857142858,43.23583353640013,0.22364739313120333,0.935389133627019,0,0.21428571428571427,2.7957235586101565,0.9319078528700522
2026-06-25,SKU-1022,Snacks,155.0,0,368.0,3,False,False,False,176.0,183.35714285714286,189.03571428571428,40.71352686566554,0.21537478787807202,0.9159851301115242,0,0.21428571428571427,2.0070120763537203,0.66900402545124
2026-06-26,SKU-1022,Snacks,195.0,680,853.0,3,False,False,False,166.42857142857142,180.57142857142858,188.85714285714286,40.67460240030971,0.21537232738439333,0.8360243989953354,0,0.21428571428571427,4.723892405063291,1.5746308016877635
2026-06-27,SKU-1022,Snacks,193.0,0,660.0,3,False,False,False,174.42857142857142,184.21428571428572,189.25,40.659038446665306,0.21484300368119053,0.8938506588579794,0,0.21428571428571427,3.58278402481582,1.1942613416052732
2026-06-28,SKU-1022,Snacks,146.0,0,514.0,3,False,False,False,178.0,184.0,189.07142857142858,40.843811418829794,0.2160231809080533,0.9378998870907038,0,0.21428571428571427,2.7934782608695654,0.9311594202898551
2026-06-29,SKU-1022,Snacks,279.0,0,235.0,3,False,False,False,186.85714285714286,185.5,194.07142857142858,42.999507810644445,0.2215653696536703,0.9735764793449945,0,0.21428571428571427,1.266846361185984,0.422282120395328
2026-01-01,SKU-1023,Flour,226.0,0,990.0,7,False,False,False,,,,,,,0,,,
2026-01-02,SKU-1023,Flour,230.0,2208,2968.0,7,False,False,False,,,,,,,0,,,
2026-01-03,SKU-1023,Flour,200.0,0,2768.0,7,False,False,False,218.66666666666666,,,,,,0,,,
2026-01-04,SKU-1023,Flour,159.0,0,2609.0,7,False,False,False,203.75,,,,,,0,,,
2026-01-05,SKU-1023,Flour,257.0,0,2352.0,7,False,False,False,214.4,214.4,,,,,0,0.0,10.970149253731343,1.5671641791044775
2026-01-06,SKU-1023,Flour,301.0,0,2051.0,7,False,False,False,228.83333333333334,228.83333333333334,,,,,0,0.0,8.962855061908229,1.2804078659868898
2026-01-07,SKU-1023,Flour,324.0,0,1727.0,7,False,False,False,242.42857142857142,242.42857142857142,242.42857142857142,56.98203559853211,0.23504669958145244,,0,0.0,7.123747790218032,1.0176782557454331
2026-01-08,SKU-1023,Flour,220.0,0,1507.0,7,False,False,False,241.57142857142858,239.625,239.625,53.34774730817733,0.2226301400445585,,0,0.0,6.288993218570683,0.8984276026529547
2026-01-09,SKU-1023,Flour,196.0,0,1311.0,7,False,False,False,236.71428571428572,234.77777777777777,234.77777777777777,51.97782646902854,0.2213915940469744,,0,0.0,5.584003786086134,0.7977148265837334
2026-01-10,SKU-1023,Flour,195.0,0,1116.0,7,False,False,False,236.0,230.8,230.8,50.593807262681196,0.21921060339116635,,0,0.0,4.835355285961872,0.690765040851696
2026-01-11,SKU-1023,Flour,164.0,1815,2767.0,7,False,False,False,236.71428571428572,224.72727272727272,224.72727272727272,52.05207183021807,0.2316232969791257,,0,0.0,12.312702265372168,1.7589574664817385
2026-01-12,SKU-1023,Flour,264.0,0,2503.0,7,False,False,False,237.71428571428572,228.0,228.0,50.908116873798846,0.22328121435876688,1.1087420042643923,0,0.0,10.978070175438596,1.5682957393483707
2026-01-13,SKU-1023,Flour,234.0,0,2269.0,7,False,False,False,228.14285714285714,228.46153846153845,228.46153846153845,48.76921054759752,0.21346792495581404,0.9969826240765789,0,0.0,9.931649831649832,1.4188071188071187
2026-01-14,SKU-1023,Flour,250.0,0,2019.0,7,False,False,False,217.57142857142858,230.0,230.0,47.20821310551146,0.20525310045874548,0.897466116676488,0,0.0,8.778260869565218,1.2540372670807454
2026-01-15,SKU-1023,Flour,245.0,0,1774.0,7,False,False,False,221.14285714285714,231.35714285714286,231.0,45.6555426145454,0.19764304162140867,0.9228705566733736,0,0.0,7.667798703303489,1.0953998147576411
2026-01-16,SKU-1023,Flour,277.0,2453,3950.0,7,False,False,False,232.71428571428572,234.71428571428572,233.875,45.5819774326067,0.1948988880068699,0.9912108714758976,0,0.0,16.828971393791843,2.404138770541692
2026-01-17,SKU-1023,Flour,193.0,0,3757.0,7,False,False,False,232.42857142857142,234.21428571428572,231.47058823529412,45.23427578598283,0.19542126769039597,1.0070562020302054,0,0.0,16.040866117718817,2.2915523025312594
2026-01-18,SKU-1023,Flour,190.0,0,3567.0,7,False,False,False,236.14285714285714,236.42857142857142,229.16666666666666,44.95913176888277,0.19618530226421574,1.0507975034674064,0,0.0,15.087009063444109,2.155287009063444
2026-01-19,SKU-1023,Flour,217.0,0,3350.0,7,False,False,False,229.42857142857142,233.57142857142858,228.52631578947367,43.78148825074693,0.19158182329898474,1.0062656641604009,0,0.0,14.342507645259937,2.0489296636085625
2026-01-20,SKU-1023,Flour,271.0,0,3079.0,7,False,False,False,234.71428571428572,231.42857142857142,230.65,43.65929695410034,0.18928808564535157,1.0273689273689275,0,0.0,13.304320987654322,1.9006172839506175
2026-01-21,SKU-1023,Flour,290.0,0,2789.0,7,False,False,False,240.42857142857142,229.0,233.47619047619048,44.48102859379383,0.1905163370323619,1.0453416149068322,0,0.0,12.179039301310043,1.739862757330006
2026-01-22,SKU-1023,Flour,244.0,0,2545.0,7,False,False,False,240.28571428571428,230.71428571428572,233.95454545454547,43.46698503322709,0.18579243651272506,1.0385921580734794,0,0.0,11.030959752321982,1.5758513931888545
2026-01-23,SKU-1023,Flour,230.0,0,2315.0,7,False,False,False,233.57142857142858,233.14285714285714,233.7826086956522,42.475614952730794,0.1816885147689805,0.9951308581862447,0,0.0,9.92953431372549,1.4185049019607843
2026-01-24,SKU-1023,Flour,189.0,0,2126.0,7,False,False,False,233.0,232.71428571428572,231.91666666666666,42.53583314629296,0.1834099884137677,0.9948154925282098,0,0.0,9.135666052793125,1.3050951503990178
2026-01-25,SKU-1023,Flour,183.0,0,1935.0,7,True,False,False,232.0,234.07142857142858,229.96,42.774096522700894,0.18600668169551615,0.9812688821752267,0,0.0,8.266707354287458,1.180958193469637
2026-01-26,SKU-1023,Flour,177.0,0,1758.0,7,False,False,False,226.28571428571428,227.85714285714286,227.92307692307693,43.17770079744688,0.18943979425137003,0.9688073394495412,0,0.0,7.715360501567398,1.1021943573667712
2026-01-27,SKU-1023,Flour,259.0,0,1499.0,7,False,False,False,224.57142857142858,229.64285714285714,229.07407407407408,42.759547675097274,0.1866625363342969,0.9703703703703704,0,0.0,6.5275272161741835,0.9325038880248834
2026-01-28,SKU-1023,Flour,355.0,0,1144.0,7,False,False,False,233.85714285714286,237.14285714285714,233.57142857142858,48.238933539151844,0.20652754420431982,1.0212102308172177,0,0.0,4.824096385542169,0.6891566265060242
2026-01-29,SKU-1023,Flour,290.0,2150,3004.0,7,False,False,False,240.42857142857142,240.35714285714286,235.85714285714286,49.3698920738768,0.2093211656675576,1.0421052631578946,0,0.0,12.498068350668648,1.785438335809807
2026-01-30,SKU-1023,Flour,177.0,0,2827.0,7,False,False,False,232.85714285714286,233.21428571428572,233.96428571428572,50.603383097895545,0.21628678472616017,0.9987745098039216,0,0.0,12.121898928024502,1.731699846860643
2026-01-31,SKU-1023,Flour,182.0,0,2645.0,7,False,False,False,231.85714285714286,232.42857142857142,233.32142857142858,51.162090690368814,0.2192772905755896,0.996316758747698,0,0.0,11.379840196681009,1.6256914566687155
2026-02-01,SKU-1023,Flour,204.0,0,2441.0,7,False,False,False,234.85714285714286,233.42857142857142,234.92857142857142,49.418041818174636,0.2103534768788218,1.0033567287152882,0,0.0,10.457160342717259,1.4938800489596085
2026-02-02,SKU-1023,Flour,229.0,0,2212.0,7,False,False,False,242.28571428571428,234.28571428571428,233.92857142857142,49.237841944637246,0.210482377778602,1.063322884012539,0,0.0,9.441463414634146,1.3487804878048781
2026-02-03,SKU-1023,Flour,256.0,0,1956.0,7,False,False,False,241.85714285714286,233.21428571428572,232.32142857142858,47.67719663911752,0.20522083103693933,1.0531881804043546,0,0.0,8.387136294027565,1.1981623277182236
2026-02-04,SKU-1023,Flour,258.0,2443,4141.0,7,False,False,False,228.0,230.92857142857142,229.96428571428572,44.50258597800984,0.1935195538723832,0.9614457831325302,0,0.0,17.931951747602845,2.561707392514692
2026-02-05,SKU-1023,Flour,207.0,0,3934.0,7,False,False,False,216.14285714285714,228.28571428571428,229.5,44.67785929418631,0.19467476816638915,0.8992570579494799,0,0.0,17.23279098873592,2.4618272841051314
2026-02-06,SKU-1023,Flour,208.0,0,3726.0,7,False,False,False,220.57142857142858,226.71428571428572,229.92857142857142,44.401308432029225,0.19310913887803952,0.9457886676875957,0,0.0,16.434782608695652,2.347826086956522
2026-02-07,SKU-1023,Flour,181.0,0,3545.0,7,False,False,False,220.42857142857142,226.14285714285714,229.42857142857142,44.88539197443208,0.19563994011271768,0.9483712354025814,0,0.0,15.67593177511055,2.2394188250157927
2026-02-08,SKU-1023,Flour,190.0,0,3355.0,7,False,False,False,218.42857142857142,226.64285714285714,230.35714285714286,43.73591988092496,0.18986135762262,0.9357405140758874,0,0.0,14.803025527891586,2.114717932555941
2026-02-09,SKU-1023,Flour,237.0,0,3118.0,7,False,False,False,219.57142857142858,230.92857142857142,229.39285714285714,43.26176935621898,0.18859248668443584,0.9371951219512196,0,0.0,13.502010516548099,1.928858645221157
2026-02-10,SKU-1023,Flour,246.0,0,2872.0,7,False,False,False,218.14285714285714,230.0,229.82142857142858,43.368407661208664,0.18870480412025525,0.935375191424196,0,0.0,12.486956521739131,1.7838509316770188
2026-02-11,SKU-1023,Flour,268.0,0,2604.0,7,False,False,False,219.57142857142858,223.78571428571428,230.46428571428572,43.809758884807536,0.19009348346112057,0.9508196721311476,0,0.0,11.636131503351422,1.6623045004787744
2026-02-12,SKU-1023,Flour,239.0,0,2365.0,7,False,False,False,224.14285714285714,220.14285714285714,230.25,43.75066137066238,0.19001373016574322,0.9818523153942428,0,0.0,10.743024010382868,1.534717715768981
2026-02-13,SKU-1023,Flour,193.0,0,2172.0,7,False,False,False,222.0,221.28571428571428,227.25,43.303943024642464,0.19055640494892173,0.9792060491493383,0,0.0,9.81536475145255,1.4021949644932215
2026-02-14,SKU-1023,Flour,186.0,0,1986.0,7,False,False,False,222.71428571428572,221.57142857142858,227.0,43.52861978906223,0.1917560343130495,0.9848389134554644,0,0.0,8.963249516441005,1.2804642166344293
2026-02-15,SKU-1023,Flour,200.0,0,1786.0,7,False,False,False,224.14285714285714,221.28571428571428,227.35714285714286,43.25395660404677,0.19024674598072724,0.9889694295619288,0,0.0,8.071013557133634,1.1530019367333764
2026-02-16,SKU-1023,Flour,207.0,0,1579.0,7,False,False,False,219.85714285714286,219.71428571428572,227.0,43.38373137649812,0.19111775936783312,0.9520569130838231,0,0.0,7.186605981794538,1.0266579973992198
2026-02-17,SKU-1023,Flour,236.0,0,1343.0,7,False,False,False,218.42857142857142,218.28571428571428,225.75,42.565526827164646,0.1885516138523351,0.9496894409937887,0,0.0,6.152486910994765,0.8789267015706806
2026-02-18,SKU-1023,Flour,270.0,0,1073.0,7,False,False,False,218.71428571428572,219.14285714285714,225.03571428571428,41.60438201890039,0.18487901865246958,0.9773380146824131,0,0.0,4.896349413298566,0.6994784876140808
2026-02-19,SKU-1023,Flour,263.0,2421,3231.0,7,False,False,False,222.14285714285714,223.14285714285714,225.71428571428572,42.077404108475314,0.18641887896159948,1.009085009733939,0,0.0,14.479513444302176,2.0685019206145965
2026-02-20,SKU-1023,Flour,217.0,0,3014.0,7,False,False,False,225.57142857142858,223.78571428571428,225.25,42.100079176489274,0.18690379212647845,1.0193673337637186,0,0.0,13.468241302266199,1.9240344717523141
2026-02-21,SKU-1023,Flour,212.0,0,2802.0,7,False,False,False,229.28571428571428,226.0,226.07142857142858,41.58786198580379,0.18395894717259179,1.034816247582205,0,0.0,12.398230088495575,1.7711757269279393
2026-02-22,SKU-1023,Flour,175.0,0,2627.0,7,False,False,False,225.71428571428572,224.92857142857142,225.78571428571428,41.92087532912198,0.18566664176137543,1.0200129115558425,0,0.0,11.6792632581772,1.6684661797395999
2026-02-23,SKU-1023,Flour,230.0,0,2397.0,7,False,True,False,229.0,224.42857142857142,227.67857142857142,40.81852663193658,0.1792813718736038,1.042262678803641,0,0.0,10.68045830681095,1.5257797581158499
2026-02-24,SKU-1023,Flour,296.0,0,2101.0,7,False,False,False,237.57142857142858,228.0,229.0,42.43688123423878,0.1853138918525711,1.0883507853403143,0,0.0,9.214912280701755,1.3164160401002507
2026-02-25,SKU-1023,Flour,334.0,0,1767.0,7,False,False,False,246.71428571428572,232.71428571428572,228.25,40.25715947367484,0.17637309736549767,1.1258148631029987,0,0.0,7.593001841620626,1.0847145488029466
2026-02-26,SKU-1023,Flour,269.0,1704,3202.0,7,False,False,False,247.57142857142858,234.85714285714286,227.5,39.247080570831415,0.17251463987178645,1.1094750320102433,0,0.0,13.6338199513382,1.9476885644768858
2026-02-27,SKU-1023,Flour,187.0,0,3015.0,7,False,False,False,243.28571428571428,234.42857142857142,227.85714285714286,38.8136233106026,0.17034192048540325,1.0871369294605808,0,0.0,12.861060329067643,1.837294332723949
2026-02-28,SKU-1023,Flour,187.0,0,2828.0,7,False,False,False,239.71428571428572,234.5,228.03571428571428,38.6057778662221,0.169297068168241,1.0606826801517066,0,0.0,12.059701492537313,1.7228144989339018
2026-03-01,SKU-1023,Flour,211.0,0,2617.0,7,False,False,False,244.85714285714286,235.28571428571428,228.28571428571428,38.466779455695544,0.16850278860442355,1.0885995554144174,0,0.0,11.122647237401337,1.588949605343048
2026-03-02,SKU-1023,Flour,243.0,0,2374.0,7,False,False,False,246.71428571428572,237.85714285714286,228.78571428571428,38.567264129490205,0.16857374268275457,1.0992998090388288,0,0.0,9.98078078078078,1.4258258258258256
2026-03-03,SKU-1023,Flour,252.0,0,2122.0,7,False,False,False,240.42857142857142,239.0,228.64285714285714,38.470011683671196,0.16825372182799023,1.0545112781954886,0,0.0,8.878661087866108,1.268380155409444
2026-03-04,SKU-1023,Flour,682.0,0,1440.0,7,False,False,False,290.14285714285717,268.42857142857144,243.78571428571428,93.92840344403268,0.38529084330983226,1.2467771639042358,0,0.0,5.364555614688664,0.7663650878126662
2026-03-05,SKU-1023,Flour,198.0,1840,3082.0,7,False,False,False,280.0,263.7857142857143,243.46428571428572,94.07423473093809,0.38639849970166734,1.192214111922141,0,0.0,11.683725968047659,1.6691037097210941
2026-03-06,SKU-1023,Flour,230.0,0,2852.0,7,False,False,False,286.14285714285717,264.7142857142857,244.25,93.85869008090674,0.3842730402493623,1.2205971968312006,0,0.0,10.773880194279545,1.5391257420399351
2026-03-07,SKU-1023,Flour,177.0,0,2675.0,7,False,False,False,284.7142857142857,262.2142857142857,244.10714285714286,93.9615127220495,0.3849191450208319,1.214133414559854,0,0.0,10.201579950967039,1.4573685644238628
2026-03-08,SKU-1023,Flour,194.0,0,2481.0,7,False,False,False,282.2857142857143,263.57142857142856,244.25,93.87920725887896,0.3843570409780101,1.1997571341833637,0,0.0,9.413008130081302,1.3447154471544718
2026-03-09,SKU-1023,Flour,199.0,0,2282.0,7,False,False,False,276.0,261.35714285714283,242.89285714285714,94.26178648601133,0.38807969733984965,1.1603603603603603,0,0.0,8.731347362667396,1.2473353375239138
2026-03-10,SKU-1023,Flour,235.0,0,2047.0,7,False,False,False,273.57142857142856,257.0,242.5,94.27127915793905,0.3887475429193363,1.144650328750747,0,0.0,7.964980544747082,1.1378543635352973
2026-03-11,SKU-1023,Flour,299.0,0,1748.0,7,False,False,False,218.85714285714286,254.5,243.60714285714286,94.76260369049099,0.38899764013102883,0.8153273017562533,0,0.0,6.868369351669941,0.9811956216671344
2026-03-12,SKU-1023,Flour,277.0,0,1471.0,7,False,True,False,230.14285714285714,255.07142857142858,244.96428571428572,94.9660688499015,0.3876731196671879,0.8724614134849715,0,0.0,5.767012041444973,0.8238588630635676
2026-03-13,SKU-1023,Flour,196.0,0,1275.0,7,False,False,False,225.28571428571428,255.71428571428572,245.07142857142858,94.9069441206914,0.3872623776419935,0.8510523475445223,0,0.0,4.9860335195530725,0.7122905027932961
2026-03-14,SKU-1023,Flour,179.0,1707,2803.0,7,False,False,False,225.57142857142858,255.14285714285714,244.82142857142858,95.07737728796305,0.3883539845460197,0.860256061018796,0,0.0,10.986002239641657,1.5694288913773795
2026-03-15,SKU-1023,Flour,191.0,0,2612.0,7,False,False,False,225.14285714285714,253.71428571428572,244.5,95.24957470499005,0.38956881269934585,0.8542005420054201,0,0.0,10.295045045045045,1.4707207207207207
2026-03-16,SKU-1023,Flour,244.0,0,2368.0,7,False,False,False,231.57142857142858,253.78571428571428,245.82142857142858,94.96629170840863,0.3863222675919572,0.8860344356381527,0,0.0,9.33070644525753,1.3329580636082186
2026-03-17,SKU-1023,Flour,207.0,0,2161.0,7,False,False,False,227.57142857142858,250.57142857142858,244.78571428571428,95.23513090624782,0.3890551014553456,0.8854919399666482,0,0.0,8.624287343215506,1.2320410490307867
2026-03-18,SKU-1023,Flour,252.0,0,1909.0,7,False,False,False,220.85714285714286,219.85714285714286,244.14285714285714,95.11930687133155,0.38960511884103033,0.8678080269435868,0,0.0,8.682910981156596,1.2404158544509423
2026-03-19,SKU-1023,Flour,236.0,0,1673.0,7,False,False,False,215.0,222.57142857142858,243.17857142857142,95.05789797935766,0.39089750968160003,0.8429011481377765,0,0.0,7.516688061617458,1.0738125802310654
2026-03-20,SKU-1023,Flour,208.0,0,1465.0,7,False,False,False,216.71428571428572,221.0,242.85714285714286,95.16485278898512,0.3918552761899387,0.8474860335195531,0,0.0,6.6289592760181,0.9469941822883
2026-03-21,SKU-1023,Flour,200.0,0,1265.0,7,False,False,False,219.71428571428572,222.64285714285714,242.42857142857142,95.33583080311745,0.39325327968286516,0.8611422172452408,0,0.0,5.681745267885788,0.8116778954122553
2026-03-22,SKU-1023,Flour,217.0,2181,3229.0,7,False,False,False,223.42857142857142,224.28571428571428,243.92857142857142,94.56290423386359,0.38766637167616114,0.8806306306306305,0,0.0,14.396815286624204,2.056687898089172
2026-03-23,SKU-1023,Flour,273.0,0,2956.0,7,False,False,False,227.57142857142858,229.57142857142858,245.46428571428572,94.67741806821462,0.38570750849847363,0.8967070081621166,0,0.0,12.876166770379589,1.8394523957685127
2026-03-24,SKU-1023,Flour,284.0,0,2672.0,7,False,False,False,238.57142857142858,233.07142857142858,245.03571428571428,94.46711445940177,0.3855238602045255,0.9521094640820981,0,0.0,11.464296659515782,1.6377566656451117
2026-03-25,SKU-1023,Flour,299.0,0,2373.0,7,False,False,False,245.28571428571428,233.07142857142858,243.78571428571428,93.47265678334796,0.38342138733280734,1.115659519168291,0,0.0,10.181428133619368,1.4544897333741955
2026-03-26,SKU-1023,Flour,191.0,0,2182.0,7,False,False,False,238.85714285714286,226.92857142857142,241.0,93.85489193825084,0.38943938563589564,1.0731707317073171,0,0.0,9.615360402895814,1.373622914699402
2026-03-27,SKU-1023,Flour,155.0,0,2027.0,7,False,False,False,231.28571428571428,224.0,239.85714285714286,94.72756815896928,0.39493327999570277,1.0465416936005172,0,0.0,9.049107142857142,1.2927295918367345
2026-03-28,SKU-1023,Flour,193.0,0,1834.0,7,False,False,False,230.28571428571428,225.0,240.07142857142858,94.61028390246919,0.39409222690704215,1.0343278793711903,0,0.0,8.151111111111112,1.1644444444444446
2026-03-29,SKU-1023,Flour,168.0,2171,3837.0,7,False,False,False,223.28571428571428,223.35714285714286,238.53571428571428,95.44495491113933,0.40012857276716596,0.9955414012738854,0,0.0,17.178765590022387,2.454109370003198
2026-03-30,SKU-1023,Flour,202.0,0,3635.0,7,False,False,False,213.14285714285714,220.35714285714286,237.07142857142858,95.68812325057344,0.40362570819765836,0.9284380833851897,0,0.0,16.495948136142626,2.3565640194489466
2026-03-31,SKU-1023,Flour,259.0,0,3376.0,7,False,False,False,209.57142857142858,224.07142857142858,237.32142857142858,95.73770245811038,0.4034094309747314,0.8991725406068035,0,0.0,15.06662416321326,2.1523748804590372
2026-04-01,SKU-1023,Flour,269.0,0,3107.0,7,False,False,False,205.28571428571428,225.28571428571428,222.57142857142858,40.66432467885463,0.18270235735043802,0.8807845540913269,0,0.0,13.79137603043754,1.9701965757767914
2026-04-02,SKU-1023,Flour,421.0,0,2686.0,7,False,False,False,238.14285714285714,238.5,230.53571428571428,54.98853896940181,0.23852503348462442,1.0494176896443186,0,0.0,11.262054507337526,1.6088649296196464
2026-04-03,SKU-1023,Flour,216.0,0,2470.0,7,False,False,False,246.85714285714286,239.07142857142858,230.03571428571428,55.05719729104431,0.2393419537570627,1.1020408163265307,0,0.0,10.33164027487302,1.4759486106961457
2026-04-04,SKU-1023,Flour,179.0,0,2291.0,7,False,False,False,244.85714285714286,237.57142857142858,230.10714285714286,54.987095648258155,0.23896301073276863,1.0882539682539683,0,0.0,9.643415514131087,1.3776307877330125
2026-04-05,SKU-1023,Flour,181.0,0,2110.0,7,False,False,False,246.71428571428572,235.0,229.64285714285714,55.35689878765109,0.2410564799462256,1.104573073233131,0,0.0,8.97872340425532,1.2826747720364742
2026-04-06,SKU-1023,Flour,199.0,0,1911.0,7,False,False,False,246.28571428571428,229.71428571428572,229.64285714285714,55.35689878765109,0.2410564799462256,1.1176661264181522,0,0.0,8.319029850746269,1.1884328358208955
2026-04-07,SKU-1023,Flour,99.0,0,1812.0,7,False,False,False,223.42857142857142,216.5,224.78571428571428,60.58869051225172,0.2695397734895215,0.9971310168951226,0,0.0,8.369515011547344,1.1956450016496205
2026-04-08,SKU-1023,Flour,305.0,0,1507.0,7,False,False,False,228.57142857142858,216.92857142857142,225.0,60.87084079638841,0.2705370702061707,1.0145846544071022,0,0.0,6.94698715837998,0.9924267369114258
2026-04-09,SKU-1023,Flour,196.0,0,1311.0,7,False,False,False,196.42857142857142,217.28571428571428,222.10714285714286,60.229400526907895,0.27117273110683726,0.8235998802036537,0,0.0,6.03353057199211,0.8619329388560157
2026-04-10,SKU-1023,Flour,186.0,0,1099.0,7,True,False,False,192.14285714285714,219.5,221.75,60.41929113073693,0.2724657999131316,0.8037048102778607,0,0.0,5.006833712984054,0.715261958997722
2026-04-11,SKU-1023,Flour,175.0,0,924.0,7,False,False,False,191.57142857142858,218.21428571428572,221.60714285714286,60.52874388238072,0.27313534709212894,0.8063740228502706,0,0.0,4.234369885433715,0.6049099836333879
2026-04-12,SKU-1023,Flour,194.0,1950,2713.0,7,True,False,False,193.42857142857142,220.07142857142858,221.71428571428572,60.47519059290911,0.27276181324121374,0.8231003039513677,0,0.0,12.32781564427134,1.7611165206101913
2026-04-13,SKU-1023,Flour,213.0,0,2500.0,7,False,False,False,195.42857142857142,220.85714285714286,220.60714285714286,60.33569012322232,0.2734983525093451,0.8507462686567163,0,0.0,11.319534282018111,1.6170763260025873
2026-04-14,SKU-1023,Flour,290.0,0,2210.0,7,False,False,False,222.71428571428572,223.07142857142858,223.57142857142858,61.66662376660888,0.27582515422764353,1.0287033982184097,0,0.0,9.907140569964778,1.4153057957092539
2026-04-15,SKU-1023,Flour,276.0,0,1934.0,7,False,False,False,218.57142857142858,223.57142857142858,224.42857142857142,62.24053018639544,0.27732890598648513,1.0075732630885743,0,0.0,8.650479233226836,1.2357827476038337
2026-04-16,SKU-1023,Flour,252.0,0,1682.0,7,False,False,False,226.57142857142858,211.5,225.0,62.423879571368715,0.2774394647616387,1.0427350427350428,0,0.0,7.952718676122932,1.1361026680175617
2026-04-17,SKU-1023,Flour,190.0,0,1492.0,7,False,False,False,227.14285714285714,209.64285714285714,224.35714285714286,62.69751857911795,0.2794540783532796,1.0348193947282784,0,0.0,7.1168654173764905,1.016695059625213
2026-04-18,SKU-1023,Flour,171.0,0,1321.0,7,False,False,False,226.57142857142858,209.07142857142858,223.32142857142858,63.35090608339636,0.2836758948241001,1.0382978723404255,0,0.0,6.31841475913905,0.9026306798770072
2026-04-19,SKU-1023,Flour,208.0,1670,2783.0,7,False,False,False,228.57142857142858,211.0,223.0,63.406974730264885,0.28433620955275735,1.03862382343395,0,0.0,13.189573459715639,1.884224779959377
2026-04-20,SKU-1023,Flour,278.0,0,2505.0,7,False,False,False,237.85714285714286,216.64285714285714,223.17857142857142,63.55986013283718,0.2847937403935736,1.076972833117723,0,0.0,11.562809099901088,1.651829871414441
2026-04-21,SKU-1023,Flour,278.0,0,2227.0,7,False,False,False,236.14285714285714,229.42857142857142,222.96428571428572,63.357002678155425,0.28415762854210347,1.0585975024015368,0,0.0,9.706724782067248,1.3866749688667497
2026-04-22,SKU-1023,Flour,270.0,0,1957.0,7,False,False,False,235.28571428571428,226.92857142857142,221.92857142857142,62.29614373145042,0.2807035765176395,1.0523961661341852,0,0.0,8.623858986465219,1.231979855209317
2026-04-23,SKU-1023,Flour,194.0,0,1763.0,7,False,False,False,227.0,226.78571428571428,222.03571428571428,62.243537307160985,0.28033119585017013,1.0732860520094563,0,0.0,7.773858267716536,1.1105511811023623
2026-04-24,SKU-1023,Flour,185.0,0,1578.0,7,False,False,False,226.28571428571428,226.71428571428572,223.10714285714286,61.29789996143868,0.2747464701329091,1.0793867120954004,0,0.0,6.960302457466918,0.994328922495274
2026-04-25,SKU-1023,Flour,146.0,2216,3648.0,7,False,False,False,222.71428571428572,224.64285714285714,221.42857142857142,62.7785222599486,0.28351590698041307,1.0652545268192688,0,0.0,16.239109697933227,2.319872813990461
2026-04-26,SKU-1023,Flour,207.0,0,3441.0,7,False,False,False,222.57142857142858,225.57142857142858,222.82142857142858,61.976730144184636,0.2781452867506283,1.054840893703453,0,0.0,15.254591513616212,2.1792273590880304
2026-04-27,SKU-1023,Flour,227.0,0,3214.0,7,False,False,False,215.28571428571428,226.57142857142858,223.71428571428572,61.84560054586188,0.2764490445855895,0.9937355753379492,0,0.0,14.185372005044135,2.026481715006305
2026-04-28,SKU-1023,Flour,247.0,0,2967.0,7,False,False,False,210.85714285714286,223.5,223.28571428571428,61.63323847288969,0.27602857921319757,0.9190535491905356,0,0.0,13.275167785234899,1.8964525407478428
2026-04-29,SKU-1023,Flour,256.0,0,2711.0,7,False,False,False,208.85714285714286,222.07142857142858,222.82142857142858,61.324307048026554,0.27521727798441153,0.92036512433113,0,0.0,12.207783853329044,1.743969121904149
2026-04-30,SKU-1023,Flour,265.0,0,2446.0,7,False,False,False,219.0,223.0,217.25,48.370962363798455,0.22265115012105158,0.9656692913385827,0,0.0,10.968609865470851,1.566944266495836
2026-05-01,SKU-1023,Flour,423.0,0,2023.0,7,False,False,False,253.0,239.64285714285714,224.64285714285714,62.055658580864055,0.27624140544740755,1.1159420289855073,0,0.0,8.441728763040238,1.2059612518628913
2026-05-02,SKU-1023,Flour,157.0,0,1866.0,7,False,False,False,254.57142857142858,238.64285714285714,223.85714285714286,62.78989909668142,0.2804909340630312,1.133227344992051,0,0.0,7.819215803651601,1.117030829093086
2026-05-03,SKU-1023,Flour,214.0,0,1652.0,7,False,False,False,255.57142857142858,239.07142857142858,225.03571428571428,62.26317034132125,0.2766812838528797,1.1329955668144396,0,0.0,6.910068718255154,0.9871526740364506
2026-05-04,SKU-1023,Flour,246.0,2355,3761.0,7,False,False,False,258.2857142857143,236.78571428571428,226.71428571428572,62.16874118841707,0.27421624972836767,1.1399747793190416,0,0.0,15.883559577677225,2.269079939668175
2026-05-05,SKU-1023,Flour,246.0,0,3515.0,7,False,False,False,258.14285714285717,234.5,231.96428571428572,56.973991560059375,0.24561536007415896,1.1550015979546182,0,0.0,14.989339019189766,2.1413341455985377
2026-05-06,SKU-1023,Flour,298.0,0,3217.0,7,False,False,False,264.14285714285717,236.5,231.71428571428572,56.656114797216254,0.24450851022226497,1.1894499839176584,0,0.0,13.602536997885835,1.9432195711265479
2026-05-07,SKU-1023,Flour,244.0,0,2973.0,7,False,False,False,261.14285714285717,240.07142857142858,233.42857142857142,56.26026067498207,0.24101702859539445,1.171044202434337,0,0.0,12.383814340969948,1.7691163344242784
2026-05-08,SKU-1023,Flour,183.0,0,2790.0,7,False,False,False,226.85714285714286,239.92857142857142,233.32142857142858,56.3567036148145,0.241541053300904,0.9466467958271237,0,0.0,11.628460851443883,1.6612086930634118
2026-05-09,SKU-1023,Flour,194.0,0,2596.0,7,False,False,False,232.14285714285714,243.35714285714286,234.0,55.73947334599504,0.23820287754698735,0.9727626459143969,0,0.0,10.667449368946286,1.523921338420898
2026-05-10,SKU-1023,Flour,206.0,0,2390.0,7,False,False,False,231.0,243.28571428571428,234.42857142857142,55.46599129625462,0.2366008160108363,0.9662384224678816,0,0.0,9.82384028185555,1.4034057545507928
2026-05-11,SKU-1023,Flour,237.0,0,2153.0,7,False,False,False,229.71428571428572,244.0,235.28571428571428,55.307796746502056,0.23506653140589825,0.970135746606335,0,0.0,8.823770491803279,1.2605386416861826
2026-05-12,SKU-1023,Flour,284.0,0,1869.0,7,False,False,False,235.14285714285714,246.64285714285714,235.07142857142858,55.099189058648015,0.23439339010059926,1.0027413950654889,0,0.0,7.577758470894874,1.0825369244135534
2026-05-13,SKU-1023,Flour,276.0,0,1593.0,7,False,False,False,232.0,248.07142857142858,235.07142857142858,55.099189058648015,0.23439339010059926,0.9809725158562368,0,0.0,6.421537575583069,0.9173625107975812
2026-05-14,SKU-1023,Flour,237.0,0,1356.0,7,False,False,False,231.0,246.07142857142858,234.53571428571428,55.001334760138576,0.2345115537207066,0.9622136268967568,0,0.0,5.510595065312046,0.7872278664731495
2026-05-15,SKU-1023,Flour,193.0,0,1163.0,7,False,False,False,232.42857142857142,229.64285714285714,234.64285714285714,54.91421881964116,0.23403320044900341,0.9687406966359036,0,0.0,5.064385692068429,0.7234836702954899
2026-05-16,SKU-1023,Flour,171.0,0,992.0,7,False,False,False,229.14285714285714,230.64285714285714,234.64285714285714,54.91421881964116,0.23403320044900341,0.9415908423833285,0,0.0,4.301021988231651,0.6144317126045216
2026-05-17,SKU-1023,Flour,228.0,0,764.0,7,False,False,False,232.28571428571428,231.64285714285714,235.35714285714286,54.684424138745804,0.2323465669021066,0.9547856723429242,0,0.0,3.2981806968856,0.4711686709836571
2026-05-18,SKU-1023,Flour,546.0,1873,2091.0,7,False,False,False,276.42857142857144,253.07142857142858,244.92857142857142,80.01292884946021,0.32667862464054914,1.132903981264637,0,0.0,8.262489415749364,1.1803556308213377
2026-05-19,SKU-1023,Flour,257.0,0,1834.0,7,False,False,False,272.57142857142856,253.85714285714286,244.17857142857142,79.7895628426697,0.326767260435096,1.105125977410947,0,0.0,7.224535734383792,1.032076533483399
2026-05-20,SKU-1023,Flour,269.0,1879,3444.0,7,False,False,False,271.57142857142856,251.78571428571428,244.14285714285714,79.77779988503914,0.3267668807462107,1.0947307803052115,0,0.0,13.678297872340426,1.9540425531914896
2026-05-21,SKU-1023,Flour,261.0,0,3183.0,7,False,False,False,275.0,253.0,246.53571428571428,79.22096717543683,0.32133667693933526,1.1175616835994193,0,0.0,12.58102766798419,1.7972896668548841
2026-05-22,SKU-1023,Flour,203.0,0,2980.0,7,False,False,False,276.42857142857144,254.42857142857142,247.17857142857142,78.77490367963294,0.31869633044787204,1.2037325038880249,0,0.0,11.71252105558675,1.67321729365525
2026-05-23,SKU-1023,Flour,62.0,0,2918.0,7,False,False,False,260.85714285714283,245.0,244.17857142857142,84.18456512503349,0.34476639220432026,1.1310003096934034,0,0.0,11.910204081632653,1.7014577259475219
2026-05-24,SKU-1023,Flour,209.0,0,2709.0,7,False,False,False,258.14285714285717,245.21428571428572,244.25,84.15269410973082,0.3445350833561139,1.1144002466851681,0,0.0,11.047480337896882,1.5782114768424118
2026-05-25,SKU-1023,Flour,220.0,0,2489.0,7,False,False,False,211.57142857142858,244.0,244.0,84.2162120400245,0.34514841000010044,0.8360146768275473,0,0.0,10.200819672131148,1.4572599531615926
2026-05-26,SKU-1023,Flour,510.0,0,1979.0,7,False,False,False,247.71428571428572,260.14285714285717,253.39285714285714,98.08739084809136,0.38709611610240424,0.975801913337085,0,0.0,7.607358594179022,1.086765513454146
2026-05-27,SKU-1023,Flour,294.0,0,1685.0,7,False,False,False,251.28571428571428,261.42857142857144,254.75,98.38722628622219,0.38621089808134323,0.9980141843971632,0,0.0,6.44535519125683,0.9207650273224043
2026-05-28,SKU-1023,Flour,241.0,2287,3731.0,7,False,False,False,248.42857142857142,261.7142857142857,253.89285714285714,98.39916413590868,0.38756176618447646,0.9819311123658949,0,0.0,14.256004366812226,2.0365720524017465
2026-05-29,SKU-1023,Flour,227.0,0,3504.0,7,False,False,False,251.85714285714286,264.14285714285717,246.89285714285714,92.73192717430342,0.3755958282772307,0.9898933183604717,0,0.0,13.265548945375878,1.8950784207679825
2026-05-30,SKU-1023,Flour,161.0,0,3343.0,7,False,False,False,266.0,263.42857142857144,247.03571428571428,92.59128914426465,0.3748093242792266,1.0857142857142856,0,0.0,12.690347071583513,1.8129067245119306
2026-05-31,SKU-1023,Flour,162.0,0,3181.0,7,False,False,False,259.2857142857143,258.7142857142857,245.17857142857142,93.79214749229772,0.38254626799480496,1.0573842120594232,0,0.0,12.29541689674213,1.7564881281060187
2026-06-01,SKU-1023,Flour,184.0,0,2997.0,7,False,False,False,254.14285714285714,232.85714285714286,242.96428571428572,94.50121776321275,0.3889510653197056,1.0415690866510539,0,0.0,12.870552147239264,1.8386503067484663
2026-06-02,SKU-1023,Flour,262.0,0,2735.0,7,False,False,False,218.71428571428572,233.21428571428572,243.53571428571428,94.5686041954247,0.38831513674613455,0.8407468423942888,0,0.0,11.72741194486983,1.675344563552833
2026-06-03,SKU-1023,Flour,269.0,0,2466.0,7,False,False,False,215.14285714285714,233.21428571428572,242.5,94.10770031862036,0.38807299100462006,0.8229508196721311,0,0.0,10.5739663093415,1.5105666156202144
2026-06-04,SKU-1023,Flour,242.0,0,2224.0,7,False,False,False,215.28571428571428,231.85714285714286,242.42857142857142,94.10727864612754,0.38818559252969526,0.8225982532751092,0,0.0,9.59211337030191,1.37030191004313
2026-06-05,SKU-1023,Flour,176.0,0,2048.0,7,False,False,False,208.0,229.92857142857142,242.17857142857142,94.28013952574905,0.38930008947367256,0.787452677122769,0,0.0,8.907114010562287,1.2724448586517554
2026-06-06,SKU-1023,Flour,195.0,0,1853.0,7,False,False,False,212.85714285714286,239.42857142857142,242.21428571428572,94.26140058481859,0.38916532237907997,0.8080260303687635,0,0.0,7.739260143198091,1.1056085918854417
2026-06-07,SKU-1023,Flour,217.0,2428,4064.0,7,False,False,False,220.71428571428572,240.0,242.60714285714286,94.12770650703824,0.38798406921788176,0.8531198233020431,0,0.0,16.933333333333334,2.419047619047619
2026-06-08,SKU-1023,Flour,231.0,0,3833.0,7,False,False,False,227.42857142857142,240.78571428571428,242.39285714285714,94.14777166801616,0.38840984333349826,0.9766871165644171,0,0.0,15.91871848116286,2.274102640166123
2026-06-09,SKU-1023,Flour,74.0,0,3759.0,7,False,False,False,200.57142857142858,209.64285714285714,234.89285714285714,98.95241628091092,0.4212661784803871,0.860030627871363,0,0.0,17.930494037478706,2.5614991482112437
2026-06-10,SKU-1023,Flour,285.0,0,3474.0,7,False,False,False,202.85714285714286,209.0,235.21428571428572,99.10538989822048,0.4213408620027594,0.8698315467075038,0,0.0,16.62200956937799,2.374572795625427
2026-06-11,SKU-1023,Flour,229.0,0,3245.0,7,False,False,False,201.0,208.14285714285714,234.92857142857142,99.11158267380164,0.42187964652879995,0.866913123844732,0,0.0,15.59025394646534,2.2271791352093344
2026-06-12,SKU-1023,Flour,189.0,0,3056.0,7,False,False,False,202.85714285714286,205.42857142857142,234.78571428571428,99.17711696304005,0.4224154662252999,0.8822615719167444,0,0.0,14.876216968011127,2.125173852573018
2026-06-13,SKU-1023,Flour,162.0,0,2894.0,7,False,False,False,198.14285714285714,205.5,234.46428571428572,99.40582073383425,0.4239699894207706,0.8275656324582339,0,0.0,14.08272506082725,2.0118178658324646
2026-06-14,SKU-1023,Flour,190.0,0,2704.0,7,False,False,False,194.28571428571428,207.5,233.10714285714286,99.75612458157339,0.4279410890583813,0.8095238095238095,0,0.0,13.03132530120482,1.8616179001721171
2026-06-15,SKU-1023,Flour,221.0,0,2483.0,7,False,False,False,192.85714285714286,210.14285714285714,221.5,78.68290792796108,0.35522757529553534,0.8009492732126966,0,0.0,11.815771583956492,1.6879673691366417
2026-06-16,SKU-1023,Flour,183.0,0,2300.0,7,False,False,False,208.42857142857142,204.5,218.85714285714286,78.68912781305202,0.3595456231666868,0.9942078364565587,0,0.0,11.246943765281173,1.6067062521830249
2026-06-17,SKU-1023,Flour,263.0,0,2037.0,7,False,False,False,205.28571428571428,204.07142857142858,218.64285714285714,78.55557800677707,0.3592871911450111,0.9822282980177717,0,0.0,9.981799089954498,1.4259712985649282
2026-06-18,SKU-1023,Flour,269.0,0,1768.0,7,False,False,False,211.0,206.0,218.92857142857142,78.72969629920519,0.35961362094253596,1.0137268359643103,0,0.0,8.58252427184466,1.2260748959778085
2026-06-19,SKU-1023,Flour,201.0,0,1567.0,7,False,False,False,212.71428571428572,207.78571428571428,218.85714285714286,78.74558860576082,0.3598036032900298,1.0354659248956886,0,0.0,7.541423169474046,1.077346167067721
2026-06-20,SKU-1023,Flour,186.0,1892,3273.0,7,False,False,False,216.14285714285714,207.14285714285714,223.28571428571428,72.86459138188232,0.3263289441287116,1.0517900590893292,0,0.0,15.800689655172414,2.257241379310345
2026-06-21,SKU-1023,Flour,183.0,0,3090.0,7,False,False,False,215.14285714285714,204.71428571428572,222.35714285714286,73.21819966309445,0.3292819772834315,1.0368330464716007,0,0.0,15.094207955338451,2.156315422191207
2026-06-22,SKU-1023,Flour,209.0,0,2881.0,7,False,False,False,213.42857142857142,203.14285714285714,221.96428571428572,73.26081370962807,0.33005676329357775,1.0156356220258327,0,0.0,14.182137834036569,2.0260196905766525
2026-06-23,SKU-1023,Flour,276.0,0,2605.0,7,False,False,False,226.71428571428572,217.57142857142858,213.60714285714286,48.271101151198245,0.2259807443961797,1.1086273140062872,0,0.0,11.973079448456993,1.7104399212081418
2026-06-24,SKU-1023,Flour,292.0,0,2313.0,7,False,False,False,230.85714285714286,218.07142857142858,213.53571428571428,48.14906032916963,0.22548481171044482,1.1312565628281415,0,0.0,10.606616442843105,1.5152309204061578
2026-06-25,SKU-1023,Flour,225.0,0,2088.0,7,False,False,False,224.57142857142858,217.78571428571428,212.96428571428572,47.905371339491865,0.22494556389498108,1.0901525658807212,0,0.0,9.587405706789111,1.3696293866841587
2026-06-26,SKU-1023,Flour,169.0,0,1919.0,7,False,False,False,220.0,216.35714285714286,210.89285714285714,48.52592990366985,0.23009755077100014,1.0587830869714678,0,0.0,8.869593925387917,1.2670848464839881
2026-06-27,SKU-1023,Flour,188.0,0,1731.0,7,False,False,False,220.28571428571428,218.21428571428572,211.85714285714286,47.75998192017957,0.2254348438578941,1.063448275862069,0,0.0,7.932569558101473,1.1332242225859246
2026-06-28,SKU-1023,Flour,198.0,0,1533.0,7,False,False,False,222.42857142857142,218.78571428571428,213.14285714285714,46.843881205011314,0.21977692254361877,1.0865317515701325,0,0.0,7.006856023506367,1.000979431929481
2026-06-29,SKU-1023,Flour,208.0,0,1325.0,7,False,False,False,222.28571428571428,217.85714285714286,214.0,46.509258337573144,0.2173329828858558,1.0942334739803095,0,0.0,6.081967213114754,0.8688524590163934
2026-01-01,SKU-1024,Flour,259.0,0,1064.0,7,False,False,False,,,,,,,0,,,
2026-01-02,SKU-1024,Flour,89.0,0,975.0,7,False,False,False,,,,,,,0,,,
2026-01-03,SKU-1024,Flour,218.0,0,757.0,7,False,False,False,188.66666666666666,,,,,,0,,,
2026-01-04,SKU-1024,Flour,165.0,0,592.0,7,False,False,False,182.75,,,,,,0,,,
2026-01-05,SKU-1024,Flour,255.0,0,337.0,7,False,False,False,197.2,197.2,,,,,0,0.0,1.708924949290061,0.24413213561286584
2026-01-06,SKU-1024,Flour,296.0,0,41.0,7,False,False,False,213.66666666666666,213.66666666666666,,,,,0,0.0,0.1918876755070203,0.02741252507243147
2026-01-07,SKU-1024,Flour,234.0,0,0.0,7,False,False,False,216.57142857142858,216.57142857142858,216.57142857142858,69.31295488064058,0.32004662543831397,,1,0.14285714285714285,0.0,0.0
2026-01-08,SKU-1024,Flour,257.0,0,0.0,7,False,False,False,216.28571428571428,221.625,221.625,65.74395681081918,0.2966450391915135,,1,0.25,0.0,0.0
2026-01-09,SKU-1024,Flour,162.0,0,0.0,7,False,False,False,226.71428571428572,215.0,215.0,64.6297145282261,0.30060332338709816,,1,0.3333333333333333,0.0,0.0
2026-01-10,SKU-1024,Flour,234.0,2123,1889.0,7,False,False,False,229.0,216.9,216.9,61.22898732535832,0.2822913200800291,,0,0.3,8.709082526509912,1.244154646644273
2026-01-11,SKU-1024,Flour,166.0,0,1723.0,7,False,False,False,229.14285714285714,212.27272727272728,212.27272727272728,60.080098051003404,0.2830325818248554,,0,0.2727272727272727,8.116916488222698,1.1595594983175281
2026-01-12,SKU-1024,Flour,197.0,0,1526.0,7,False,False,False,220.85714285714286,211.0,211.0,57.45353854123427,0.27229165185419085,1.1199652274702985,0,0.25,7.232227488151659,1.033175355450237
2026-01-13,SKU-1024,Flour,340.0,2581,3767.0,7,False,False,False,227.14285714285714,220.92307692307693,220.92307692307693,65.61943505098363,0.29702390517506516,1.0630710942723423,0,0.23076923076923078,17.051183844011142,2.435883406287306
2026-01-14,SKU-1024,Flour,308.0,0,3459.0,7,False,False,False,237.71428571428572,227.14285714285714,227.14285714285714,67.20331624470414,0.29586365642322576,1.0976253298153034,0,0.21428571428571427,15.228301886792453,2.1754716981132076
2026-01-15,SKU-1024,Flour,183.0,0,3276.0,7,False,False,False,227.14285714285714,221.71428571428572,224.2,65.75408732542793,0.29328317272715404,1.024897268552091,0,0.2,14.775773195876289,2.1108247422680413
2026-01-16,SKU-1024,Flour,137.0,0,3139.0,7,False,False,False,223.57142857142858,225.14285714285714,218.75,67.16100058813896,0.30702171697434955,1.0398671096345515,0,0.1875,13.942258883248732,1.991751269035533
2026-01-17,SKU-1024,Flour,273.0,0,2866.0,7,False,False,False,229.14285714285714,229.07142857142858,221.94117647058823,66.34612892648231,0.29893564583890786,1.05644470789699,0,0.17647058823529413,12.511381353289678,1.787340193327097
2026-01-18,SKU-1024,Flour,227.0,0,2639.0,7,False,False,False,237.85714285714286,233.5,222.22222222222223,64.37624292854291,0.28969309317844305,1.1205261547873968,0,0.16666666666666666,11.301927194860813,1.614561027837259
2026-01-19,SKU-1024,Flour,268.0,0,2371.0,7,False,False,False,248.0,234.42857142857142,224.6315789473684,63.437817783607585,0.2824082797302119,1.1753554502369667,0,0.15789473684210525,10.1139549055454,1.4448507007922
2026-01-20,SKU-1024,Flour,226.0,0,2145.0,7,False,False,False,231.71428571428572,229.42857142857142,224.7,61.74659590020456,0.27479570939120856,1.0488460007958615,0,0.15,9.349315068493151,1.3356164383561644
2026-01-21,SKU-1024,Flour,277.0,0,1868.0,7,False,False,False,227.28571428571428,232.5,227.1904761904762,61.25570916055013,0.2696226980447606,1.00062893081761,0,0.14285714285714285,8.034408602150538,1.1477726574500768
2026-01-22,SKU-1024,Flour,84.0,2376,4160.0,7,False,False,False,213.14285714285714,220.14285714285714,220.6818181818182,67.12347283969004,0.30416403758458926,0.9613402061855669,0,0.13636363636363635,18.896820246593123,2.699545749513303
2026-01-23,SKU-1024,Flour,209.0,0,3951.0,7,False,False,False,223.42857142857142,223.5,220.17391304347825,65.62541925331917,0.29806173831483823,0.9923857868020304,0,0.13043478260869565,17.677852348993287,2.5254074784276126
2026-01-24,SKU-1024,Flour,189.0,0,3762.0,7,False,False,False,211.42857142857142,220.28571428571428,218.875,64.49759853972321,0.2946777774516195,0.9229809791082008,0,0.125,17.07782101167315,2.439688715953307
2026-01-25,SKU-1024,Flour,36.0,0,3726.0,7,False,False,False,184.14285714285714,211.0,211.56,72.96807521101266,0.34490487431940187,0.7886203732028143,0,0.12,17.658767772511847,2.5226811103588354
2026-01-26,SKU-1024,Flour,256.0,0,3470.0,7,False,False,False,182.42857142857142,215.21428571428572,213.26923076923077,72.02308390637418,0.33770968107587535,0.7781840341255332,0,0.11538461538461539,16.123464985064718,2.3033521407235313
2026-01-27,SKU-1024,Flour,125.0,0,3345.0,7,False,False,False,168.0,199.85714285714286,210.0,72.63872669165268,0.3458986985316794,0.7322540473225405,0,0.1111111111111111,16.736954967834166,2.390993566833452
2026-01-28,SKU-1024,Flour,198.0,0,3147.0,7,False,False,False,156.71428571428572,192.0,209.57142857142858,71.31693922278087,0.34029896016323524,0.6740399385560676,0,0.10714285714285714,16.390625,2.341517857142857
2026-01-29,SKU-1024,Flour,397.0,0,2750.0,7,False,False,False,201.42857142857142,207.28571428571428,214.5,79.19291962365398,0.3691977604832353,0.9149902660609993,0,0.10714285714285714,13.26671261199173,1.8952446588559615
2026-01-30,SKU-1024,Flour,258.0,0,2492.0,7,False,False,False,208.42857142857142,215.92857142857142,220.53571428571428,75.6338559028307,0.3429551360776129,0.9325663151166507,0,0.10714285714285714,11.540853456830963,1.648693350975852
2026-01-31,SKU-1024,Flour,186.0,0,2306.0,7,False,False,False,208.0,209.71428571428572,219.39285714285714,75.9148349752021,0.3460223635529316,0.9442282749675747,0,0.10714285714285714,10.99591280653951,1.5708446866485013
2026-02-01,SKU-1024,Flour,187.0,0,2119.0,7,False,False,False,229.57142857142858,206.85714285714286,220.17857142857142,75.44340708078917,0.34264645551696626,1.08801624915369,0,0.10714285714285714,10.24378453038674,1.4633977900552486
2026-02-02,SKU-1024,Flour,239.0,0,1880.0,7,False,False,False,227.14285714285714,204.78571428571428,219.60714285714286,75.23018468560798,0.34256711192015343,1.055426485230667,0,0.10714285714285714,9.180327868852459,1.3114754098360655
2026-02-03,SKU-1024,Flour,190.0,2042,3732.0,7,False,False,False,236.42857142857142,202.21428571428572,215.82142857142858,73.89885658987562,0.3424074109741051,1.182987848463188,0,0.10714285714285714,18.45566937477923,2.636524196397033
2026-02-04,SKU-1024,Flour,297.0,0,3435.0,7,False,False,False,250.57142857142858,203.64285714285714,218.07142857142858,75.41633999753857,0.3458332001197314,1.305059523809524,0,0.07142857142857142,16.86776569624693,2.4096808137495613
2026-02-05,SKU-1024,Flour,179.0,0,3256.0,7,False,False,False,219.42857142857142,210.42857142857142,215.28571428571428,75.36570452128353,0.3500729473450463,1.0585802894555478,0,0.03571428571428571,15.473183978275628,2.2104548540393756
2026-02-06,SKU-1024,Flour,199.0,0,3057.0,7,False,False,False,211.0,209.71428571428572,216.60714285714286,74.71840433982744,0.34494894006845317,0.9771749917300695,0,0.0,14.576975476839236,2.082425068119891
2026-02-07,SKU-1024,Flour,194.0,0,2863.0,7,False,False,False,212.14285714285714,210.07142857142858,215.17857142857142,74.75592560257955,0.34741343018626186,1.0115803814713895,0,0.0,13.628697721863311,1.9469568174090444
2026-02-08,SKU-1024,Flour,201.0,0,2662.0,7,False,False,False,214.14285714285714,221.85714285714286,216.42857142857142,74.19365480078744,0.3428089660762456,1.035220994475138,0,0.0,11.99871216999356,1.7141017385705086
2026-02-09,SKU-1024,Flour,232.0,0,2377.0,7,True,False,False,213.14285714285714,220.14285714285714,217.67857142857142,74.14902590275909,0.3406353938108703,1.040809208231601,0,0.0,10.797534068786502,1.5425048669695003
2026-02-10,SKU-1024,Flour,264.0,0,2113.0,7,False,False,False,223.71428571428572,230.07142857142858,214.96428571428572,70.8218851626347,0.329458844418304,1.1063228541151537,0,0.0,9.184104315429991,1.3120149022042844
2026-02-11,SKU-1024,Flour,309.0,0,1804.0,7,False,False,False,225.42857142857142,238.0,215.0,70.87077441842064,0.3296315089228867,1.1069800070150824,0,0.0,7.579831932773109,1.0828331332533012
2026-02-12,SKU-1024,Flour,289.0,0,1515.0,7,False,False,False,241.14285714285714,230.28571428571428,218.78571428571428,71.92143714980338,0.32873004247379933,1.145960624575696,0,0.0,6.5787841191067,0.9398263027295286
2026-02-13,SKU-1024,Flour,246.0,1888,3157.0,7,False,False,False,247.85714285714286,229.42857142857142,222.67857142857142,70.26144486786926,0.31552854150767273,1.1818801089918256,0,0.0,13.760273972602741,1.9657534246575346
2026-02-14,SKU-1024,Flour,237.0,0,2920.0,7,False,False,False,254.0,233.07142857142858,221.39285714285714,69.63308030681875,0.31452270504773755,1.209112546752805,0,0.0,12.528348145878025,1.7897640208397179
2026-02-15,SKU-1024,Flour,207.0,0,2713.0,7,False,False,False,254.85714285714286,234.5,220.67857142857142,69.67599808395073,0.31573522355569195,1.1487443657437217,0,0.0,11.569296375266525,1.652756625038075
2026-02-16,SKU-1024,Flour,185.0,0,2528.0,7,False,False,False,248.14285714285714,230.64285714285714,217.71428571428572,69.35301918331506,0.31855061304672266,1.127190136275146,0,0.0,10.960668937751626,1.5658098482502323
2026-02-17,SKU-1024,Flour,293.0,0,2235.0,7,False,False,False,252.28571428571428,238.0,220.10714285714286,70.79042584653935,0.32161803078096735,1.0965538652592361,0,0.0,9.390756302521009,1.3415366146458585
2026-02-18,SKU-1024,Flour,313.0,0,1922.0,7,False,False,False,252.85714285714286,239.14285714285714,221.39285714285714,72.17537247243264,0.3260058766297974,1.0624249699879953,0,0.0,8.037037037037036,1.1481481481481481
2026-02-19,SKU-1024,Flour,286.0,0,1636.0,7,False,False,False,252.42857142857142,246.78571428571428,228.60714285714286,67.90262051655937,0.29702755420460275,1.096153846153846,0,0.0,6.629232995658466,0.9470332850940666
2026-02-20,SKU-1024,Flour,298.0,0,1338.0,7,False,False,False,259.85714285714283,253.85714285714286,231.78571428571428,69.02461028790253,0.2977949288230001,1.1326276463262763,0,0.0,5.27068092290377,0.7529544175576814
2026-02-21,SKU-1024,Flour,193.0,0,1145.0,7,False,False,False,253.57142857142858,253.78571428571428,231.92857142857142,68.93686245609818,0.2972331611904449,1.087955868832363,0,0.0,4.511680270194202,0.644525752884886
2026-02-22,SKU-1024,Flour,220.0,2456,3381.0,7,False,False,False,255.42857142857142,255.14285714285714,238.5,57.36723803705381,0.24053349281783568,1.0892476393542492,0,0.0,13.251399776035834,1.893057110862262
2026-02-23,SKU-1024,Flour,318.0,0,3063.0,7,False,False,False,274.42857142857144,261.2857142857143,240.71428571428572,59.23390992207148,0.24607559018071237,1.1898420563641996,0,0.0,11.722799343903773,1.6746856205576819
2026-02-24,SKU-1024,Flour,243.0,0,2820.0,7,False,False,False,267.2857142857143,259.7857142857143,244.92857142857142,54.72214567716822,0.22342083391086473,1.1230492196878752,0,0.0,10.855100357437449,1.5507286224910641
2026-02-25,SKU-1024,Flour,289.0,0,2531.0,7,False,False,False,263.85714285714283,258.35714285714283,248.17857142857142,54.53375004691945,0.21973593341685776,1.1033452807646356,0,0.0,9.796516450096766,1.3995023500138237
2026-02-26,SKU-1024,Flour,340.0,0,2191.0,7,False,False,False,271.57142857142856,262.0,246.14285714285714,49.614599319237264,0.20156830831959424,1.1004341534008684,0,0.0,8.36259541984733,1.1946564885496185
2026-02-27,SKU-1024,Flour,169.0,0,2022.0,7,False,False,False,253.14285714285714,256.5,242.96428571428572,51.63653755415834,0.21252727495464258,0.9971862689926843,0,0.0,7.883040935672515,1.1261487050960735
2026-02-28,SKU-1024,Flour,195.0,0,1827.0,7,False,False,False,253.42857142857142,253.5,243.28571428571428,51.29569842831532,0.21084550146694495,0.998592738530819,0,0.0,7.207100591715976,1.029585798816568
2026-03-01,SKU-1024,Flour,203.0,2148,3772.0,7,False,False,False,251.0,253.21428571428572,243.85714285714286,50.73147484237505,0.2080376824233306,0.9837625979843225,0,0.0,14.896473906911142,2.128067700987306
2026-03-02,SKU-1024,Flour,166.0,0,3606.0,7,False,False,False,229.28571428571428,251.85714285714286,241.25,52.822992328327175,0.21895540861482768,0.8775287042099508,0,0.0,14.317640385706182,2.045377197958026
2026-03-03,SKU-1024,Flour,273.0,0,3333.0,7,False,False,False,233.57142857142858,250.42857142857142,244.21428571428572,52.16523401856483,0.21360435105583728,0.8990926587847128,0,0.0,13.309184255561895,1.9013120365088423
2026-03-04,SKU-1024,Flour,190.0,0,3143.0,7,False,False,False,219.42857142857142,241.64285714285714,240.39285714285714,52.07426270221048,0.216621505818139,0.8493226430743711,0,0.0,13.00679869937925,1.8581140999113213
2026-03-05,SKU-1024,Flour,258.0,0,2885.0,7,False,False,False,207.71428571428572,239.64285714285714,243.21428571428572,50.74800280168454,0.20865551812733732,0.7928026172300982,0,0.0,12.038748137108794,1.7198211624441133
2026-03-06,SKU-1024,Flour,227.0,0,2658.0,7,False,False,False,216.0,234.57142857142858,244.21428571428572,50.1164252980605,0.20521496173525797,0.8421052631578947,0,0.0,11.33130328867235,1.6187576126674785
2026-03-07,SKU-1024,Flour,251.0,0,2407.0,7,False,False,False,224.0,238.71428571428572,246.25,49.14952620245611,0.19959198457850197,0.883629191321499,0,0.0,10.083183722321962,1.440454817474566
2026-03-08,SKU-1024,Flour,160.0,0,2247.0,7,False,False,False,217.85714285714286,234.42857142857142,244.78571428571428,51.11885724600619,0.2088310479848517,0.8603667136812412,0,0.0,9.585009140767825,1.3692870201096894
2026-03-09,SKU-1024,Flour,208.0,0,2039.0,7,False,False,False,223.85714285714286,226.57142857142858,243.92857142857142,51.54065534545663,0.21129404826834344,0.8888258650028361,0,0.0,8.99936948297604,1.28562421185372
2026-03-10,SKU-1024,Flour,352.0,0,1687.0,7,False,False,False,235.14285714285714,234.35714285714286,247.07142857142858,55.35202399954815,0.22403247643644814,0.9389617798060468,0,0.0,7.1984151173422735,1.028345016763182
2026-03-11,SKU-1024,Flour,267.0,0,1420.0,7,False,False,False,246.14285714285714,232.78571428571428,245.57142857142858,54.168070799871465,0.22057969493839455,1.0186225243866391,0,0.0,6.100030684258975,0.8714329548941393
2026-03-12,SKU-1024,Flour,171.0,2424,3673.0,7,False,False,False,233.71428571428572,220.71428571428572,241.35714285714286,55.24371208443291,0.2288878275176267,0.9752608047690016,0,0.0,16.641423948220066,2.377346278317152
2026-03-13,SKU-1024,Flour,219.0,0,3454.0,7,False,False,False,232.57142857142858,224.28571428571428,240.39285714285714,55.395105603904376,0.23043573865834535,0.9914738124238733,0,0.0,15.4,2.2
2026-03-14,SKU-1024,Flour,185.0,0,3269.0,7,False,False,False,223.14285714285714,223.57142857142858,238.53571428571428,56.376040447231915,0.23634213692506267,0.9347695990424895,0,0.0,14.621725239616612,2.0888178913738016
2026-03-15,SKU-1024,Flour,256.0,0,3013.0,7,False,False,False,236.85714285714286,227.35714285714286,240.28571428571428,56.120806957357324,0.23355864964417436,1.0103595368677636,0,0.0,13.252277725416274,1.8931825322023248
2026-03-16,SKU-1024,Flour,269.0,0,2744.0,7,False,False,False,245.57142857142858,234.71428571428572,243.28571428571428,55.295071873947016,0.2272844997754722,1.083858764186633,0,0.0,11.690809494826537,1.6701156421180767
2026-03-17,SKU-1024,Flour,225.0,0,2519.0,7,False,True,False,227.42857142857142,231.28571428571428,240.85714285714286,54.51857602941519,0.22635233226922086,0.9704358427308747,0,0.0,10.891290920321186,1.5558987029030267
2026-03-18,SKU-1024,Flour,350.0,0,2169.0,7,False,False,False,239.28571428571428,242.71428571428572,242.17857142857142,56.73528758315102,0.23427046930072684,1.0279226756673827,0,0.0,8.936433195997646,1.2766333137139494
2026-03-19,SKU-1024,Flour,216.0,0,1953.0,7,False,False,False,245.71428571428572,239.71428571428572,239.67857142857142,56.273178645964435,0.2347860232583824,1.1132686084142396,0,0.0,8.147199046483909,1.1638855780691297
2026-03-20,SKU-1024,Flour,169.0,0,1784.0,7,False,False,False,238.57142857142858,235.57142857142858,235.07142857142858,56.601222713810735,0.24078308052061692,1.0636942675159236,0,0.0,7.573074590661006,1.081867798665858
2026-03-21,SKU-1024,Flour,189.0,1826,3421.0,7,False,False,False,239.14285714285714,231.14285714285714,234.92857142857142,56.71627147243938,0.24141921575377057,1.0696485623003193,0,0.0,14.800370828182942,2.1143386897404204
2026-03-22,SKU-1024,Flour,242.0,0,3179.0,7,False,False,False,237.14285714285714,237.0,235.71428571428572,56.654153613774106,0.24035095472510226,1.0430411561420043,0,0.0,13.413502109704641,1.916214587100663
2026-03-23,SKU-1024,Flour,239.0,0,2940.0,7,False,False,False,232.85714285714286,239.21428571428572,232.89285714285714,54.323679637080545,0.23325610026656268,0.9920876445526475,0,0.0,12.29023589131084,1.755747984472977
2026-03-24,SKU-1024,Flour,186.0,0,2754.0,7,False,False,False,227.28571428571428,227.35714285714286,230.85714285714286,54.99475684484177,0.23821986257047795,0.9827053736874614,0,0.0,12.113100848256362,1.7304429783223374
2026-03-25,SKU-1024,Flour,219.0,0,2535.0,7,False,False,False,208.57142857142858,223.92857142857142,228.35714285714286,53.83253476237013,0.23573834428313475,0.8593290170688641,0,0.0,11.320574162679426,1.6172248803827751
2026-03-26,SKU-1024,Flour,369.0,0,2166.0,7,False,False,False,230.42857142857142,238.07142857142858,229.39285714285714,56.28323826906995,0.2453574142198285,0.9612634088200237,0,0.0,9.098109810981098,1.2997299729972998
2026-03-27,SKU-1024,Flour,238.0,0,1928.0,7,False,False,False,240.28571428571428,239.42857142857142,231.85714285714286,55.03784171971146,0.2373782452482934,1.0200121285627652,0,0.0,8.052505966587113,1.1503579952267304
2026-03-28,SKU-1024,Flour,168.0,0,1760.0,7,False,False,False,237.28571428571428,238.21428571428572,230.89285714285714,55.936696552120516,0.24226256820717315,1.0265760197775031,0,0.0,7.388305847076461,1.0554722638680658
2026-03-29,SKU-1024,Flour,287.0,2301,3890.0,7,True,False,False,243.71428571428572,240.42857142857142,233.89285714285714,56.63354540913412,0.24213456580481835,1.02833031946956,0,0.0,16.179441473559123,2.3113487819370175
2026-03-30,SKU-1024,Flour,406.0,0,3484.0,7,False,False,False,267.57142857142856,250.21428571428572,242.46428571428572,63.69864359440622,0.26271351018461836,1.1185428486115256,0,0.0,13.924065087068227,1.989152155295461
2026-03-31,SKU-1024,Flour,213.0,0,3271.0,7,False,False,False,271.42857142857144,249.35714285714286,240.32142857142858,63.64255132082882,0.26482262401295986,1.193842287150487,0,0.0,13.117731309080492,1.8739616155829275
2026-04-01,SKU-1024,Flour,274.0,0,2997.0,7,False,False,False,279.2857142857143,243.92857142857142,243.32142857142858,63.16061452767239,0.25957686874722247,1.2472089314194577,0,0.0,12.286383601756956,1.7551976573938508
2026-04-02,SKU-1024,Flour,294.0,0,2703.0,7,False,False,False,268.57142857142856,249.5,244.60714285714286,63.833312611377075,0.26096258623427626,1.128112811281128,0,0.0,10.83366733466934,1.54766676209562
2026-04-03,SKU-1024,Flour,270.0,0,2433.0,7,False,False,False,273.14285714285717,256.7142857142857,246.14285714285714,63.91123142801659,0.2596509692374441,1.1408114558472555,0,0.0,9.477462437395658,1.353923205342237
2026-04-04,SKU-1024,Flour,100.0,0,2333.0,7,False,False,False,263.42857142857144,250.35714285714286,240.75,69.60344020872014,0.28911086275688536,1.1058470764617692,0,0.0,9.318687589158346,1.331241084165478
2026-04-05,SKU-1024,Flour,251.0,0,2082.0,7,False,False,False,258.2857142857143,251.0,244.0,67.79435134341257,0.2778457022271007,1.0742721330956626,0,0.0,8.294820717131474,1.184974388161639
2026-04-06,SKU-1024,Flour,298.0,0,1784.0,7,False,False,False,242.85714285714286,255.21428571428572,247.21428571428572,68.15687631016976,0.2756995863456737,0.9705966314587496,0,0.0,6.990204310103554,0.9986006157290791
2026-04-07,SKU-1024,Flour,251.0,0,1533.0,7,False,True,False,248.28571428571428,259.85714285714283,243.60714285714286,65.00560618884211,0.2668460597108311,0.9957032368948725,0,0.0,5.899395272127543,0.8427707531610775
2026-04-08,SKU-1024,Flour,302.0,1911,3142.0,7,False,False,False,252.28571428571428,265.7857142857143,244.85714285714286,65.80370038323814,0.26874323377051745,1.0342606149341143,0,0.0,11.821553345874765,1.6887933351249664
2026-04-09,SKU-1024,Flour,317.0,0,2825.0,7,False,False,False,255.57142857142858,262.07142857142856,250.07142857142858,65.51840486200324,0.2619987626586819,1.024334383051818,0,0.0,10.779503952030527,1.539929136004361
2026-04-10,SKU-1024,Flour,186.0,0,2639.0,7,False,False,False,243.57142857142858,258.35714285714283,248.89285714285714,66.3890549244121,0.26673748570577394,0.9488035614913746,0,0.0,10.214542438484933,1.4592203483549906
2026-04-11,SKU-1024,Flour,216.0,0,2423.0,7,False,False,False,260.14285714285717,261.7857142857143,250.0,65.53709721303731,0.26214838885214925,1.039087018544936,0,0.0,9.255661664392907,1.322237380627558
2026-04-12,SKU-1024,Flour,213.0,0,2210.0,7,False,False,False,254.71428571428572,256.5,248.46428571428572,65.89412503619505,0.26520562038428364,1.0147979510529312,0,0.0,8.61598440545809,1.2308549150654413
2026-04-13,SKU-1024,Flour,222.0,0,1988.0,7,False,False,False,243.85714285714286,243.35714285714286,246.78571428571428,65.9502377738993,0.26723685349771065,0.9554995801847187,0,0.0,8.169063692398003,1.1670090989140005
2026-04-14,SKU-1024,Flour,161.0,0,1827.0,7,False,False,False,231.0,239.64285714285714,244.5,67.81592733274383,0.2773657559621424,0.8889499725123695,0,0.0,7.623845007451565,1.0891207153502236
2026-04-15,SKU-1024,Flour,293.0,0,1534.0,7,False,False,False,229.71428571428572,241.0,242.46428571428572,65.34210946886596,0.2694916873071508,0.8642837946788499,0,0.0,6.365145228215767,0.9093064611736811
2026-04-16,SKU-1024,Flour,219.0,0,1315.0,7,False,False,False,215.71428571428572,235.64285714285714,242.57142857142858,65.29955394971498,0.2691972188739722,0.8231125647315346,0,0.0,5.580478933010003,0.7972112761442861
2026-04-17,SKU-1024,Flour,230.0,0,1085.0,7,False,False,False,222.0,232.78571428571428,244.75,63.75335866243231,0.26048359004058147,0.8592756427978989,0,0.0,4.66093893832464,0.6658484197606629
2026-04-18,SKU-1024,Flour,260.0,0,825.0,7,False,False,False,228.28571428571428,244.21428571428572,247.28571428571428,62.85954781354018,0.25419805586064775,0.8720327421555253,0,0.0,3.37818075460661,0.4825972506580872
2026-04-19,SKU-1024,Flour,231.0,2073,2667.0,7,False,False,False,230.85714285714286,242.78571428571428,246.89285714285714,62.928142020888004,0.254880366929678,0.9000278473962685,0,0.0,10.984995586937336,1.5692850838481909
2026-04-20,SKU-1024,Flour,313.0,0,2354.0,7,False,False,False,243.85714285714286,243.85714285714286,249.53571428571428,64.12688934064968,0.25698481487593977,1.0020545934840035,0,0.0,9.653192735793791,1.3790275336848272
2026-04-21,SKU-1024,Flour,355.0,0,1999.0,7,False,False,False,271.57142857142856,251.28571428571428,255.57142857142858,65.8553007351772,0.2576786501655899,1.1332339791356185,0,0.0,7.955088118249005,1.1364411597498578
2026-04-22,SKU-1024,Flour,298.0,0,1701.0,7,False,False,False,272.2857142857143,251.0,258.39285714285717,65.92270405598443,0.25512587609779735,1.1298162418494369,0,0.0,6.776892430278885,0.9681274900398407
2026-04-23,SKU-1024,Flour,252.0,0,1449.0,7,False,False,False,277.0,246.35714285714286,254.21428571428572,62.25833702485575,0.2449049503647037,1.175507729615035,0,0.0,5.881704841983184,0.8402435488547405
2026-04-24,SKU-1024,Flour,237.0,0,1212.0,7,False,False,False,278.0,250.0,254.17857142857142,62.268268817972576,0.2449784357036999,1.1942313593126725,0,0.0,4.848,0.6925714285714285
2026-04-25,SKU-1024,Flour,286.0,0,926.0,7,False,False,False,281.7142857142857,255.0,258.39285714285717,60.17772399824093,0.23289236654467807,1.1535536706639369,0,0.0,3.631372549019608,0.5187675070028012
2026-04-26,SKU-1024,Flour,286.0,0,640.0,7,False,False,False,289.57142857142856,260.2142857142857,258.35714285714283,60.1604116697611,0.23285755138973058,1.1927037363930568,0,0.0,2.459511391710129,0.3513587702443041
2026-04-27,SKU-1024,Flour,230.0,0,410.0,7,False,False,False,277.7142857142857,260.7857142857143,252.07142857142858,52.92197511181385,0.20994832858186283,1.1388400702987698,0,0.0,1.572172007669132,0.22459600109559028
2026-04-28,SKU-1024,Flour,251.0,0,244.0,7,True,False,False,262.85714285714283,267.2142857142857,253.42857142857142,52.36724207296044,0.20663511528225653,1.046048891415577,0,0.0,0.913124832932371,0.13044640470462443
2026-04-29,SKU-1024,Flour,272.0,0,0.0,7,False,False,False,259.14285714285717,265.7142857142857,253.35714285714286,52.3395001927156,0.20658387445672916,1.0324416619237338,1,0.03571428571428571,0.0,0.0
2026-04-30,SKU-1024,Flour,223.0,0,0.0,7,False,False,False,255.0,266.0,250.82142857142858,52.016417331047194,0.20738426388570716,1.035082632647144,1,0.07142857142857142,0.0,0.0
2026-05-01,SKU-1024,Flour,241.0,0,0.0,7,False,False,False,255.57142857142858,266.7857142857143,249.78571428571428,51.90900667075964,0.20781415309998139,1.0222857142857142,1,0.10714285714285714,0.0,0.0
2026-05-02,SKU-1024,Flour,220.0,1882,1662.0,7,False,False,False,246.14285714285714,263.92857142857144,254.07142857142858,43.32899856218826,0.17053865051184583,0.965266106442577,0,0.10714285714285714,6.297158322056833,0.899594046008119
2026-05-03,SKU-1024,Flour,171.0,0,1491.0,7,False,False,False,229.71428571428572,259.64285714285717,251.21428571428572,46.088768731379645,0.18346396424205716,0.8827889102388141,0,0.10714285714285714,5.742503438789545,0.8203576341127922
2026-05-04,SKU-1024,Flour,217.0,2124,3398.0,7,False,False,False,227.85714285714286,252.78571428571428,248.32142857142858,45.58269129869079,0.1835632613783032,0.8737332237743084,0,0.10714285714285714,13.442215315060752,1.9203164735801075
2026-05-05,SKU-1024,Flour,208.0,0,3190.0,7,False,False,False,221.71428571428572,242.28571428571428,246.78571428571428,46.209151845556626,0.18724403063322512,0.8297246725474472,0,0.10714285714285714,13.16627358490566,1.8808962264150944
2026-05-06,SKU-1024,Flour,291.0,0,2899.0,7,False,False,False,224.42857142857142,241.78571428571428,246.39285714285714,45.76699383690958,0.18574805441853431,0.8446236559139785,0,0.10714285714285714,11.989955686853767,1.712850812407681
2026-05-07,SKU-1024,Flour,287.0,0,2612.0,7,False,False,False,233.57142857142858,244.28571428571428,245.32142857142858,44.38305780481798,0.18091798202575388,0.8780880773361976,0,0.10714285714285714,10.692397660818713,1.527485380116959
2026-05-08,SKU-1024,Flour,295.0,0,2317.0,7,False,False,False,241.28571428571428,248.42857142857142,249.21428571428572,43.76313106042157,0.1756044238595305,0.9044176706827309,0,0.10714285714285714,9.326624496837264,1.3323749281196091
2026-05-09,SKU-1024,Flour,229.0,0,2088.0,7,False,False,False,242.57142857142858,244.35714285714286,249.67857142857142,43.46565572395317,0.17408644832937903,0.9190798376184033,0,0.10714285714285714,8.544869921075708,1.2206957030108154
2026-05-10,SKU-1024,Flour,231.0,0,1857.0,7,False,False,False,251.14285714285714,240.42857142857142,250.32142857142858,43.034055051550624,0.17191518639512304,0.9672627235213204,0,0.10714285714285714,7.723707664884136,1.1033868092691623
2026-05-11,SKU-1024,Flour,365.0,0,1492.0,7,False,False,False,272.2857142857143,250.07142857142858,255.42857142857142,47.77294180029072,0.18703053277518739,1.0771404351511726,0,0.10714285714285714,5.966295344187375,0.8523279063124821
2026-05-12,SKU-1024,Flour,243.0,2004,3253.0,7,False,False,False,277.2857142857143,249.5,258.35714285714283,44.145562493082856,0.17087029994557923,1.1444575471698113,0,0.10714285714285714,13.03807615230461,1.862582307472087
2026-05-13,SKU-1024,Flour,211.0,0,3042.0,7,False,True,False,265.85714285714283,245.14285714285714,255.42857142857142,44.48089774892432,0.1741422171378469,1.0995568685376662,0,0.10714285714285714,12.40909090909091,1.772727272727273
2026-05-14,SKU-1024,Flour,295.0,0,2747.0,7,False,False,False,267.0,250.28571428571428,258.14285714285717,44.49445598899497,0.17236369226506074,1.092982456140351,0,0.10714285714285714,10.975456621004566,1.5679223744292237
2026-05-15,SKU-1024,Flour,228.0,0,2519.0,7,False,False,False,257.42857142857144,249.35714285714286,258.07142857142856,44.542887008688375,0.172599063969454,1.036227717078781,0,0.10714285714285714,10.101976511028358,1.4431395015754798
2026-05-16,SKU-1024,Flour,166.0,0,2353.0,7,False,False,False,248.42857142857142,245.5,254.71428571428572,47.81434554829373,0.18771756524848912,1.016661794796843,0,0.10714285714285714,9.584521384928717,1.3692173407041024
2026-05-17,SKU-1024,Flour,154.0,0,2199.0,7,False,False,False,237.42857142857142,244.28571428571428,251.96428571428572,51.31491887814786,0.2036594937757817,0.9875222816399287,0,0.10714285714285714,9.001754385964913,1.285964912280702
2026-05-18,SKU-1024,Flour,182.0,0,2017.0,7,False,False,False,211.28571428571428,241.78571428571428,247.28571428571428,51.51544690518821,0.20832358656055316,0.8449014567266494,0,0.10714285714285714,8.342097488921715,1.1917282127031021
2026-05-19,SKU-1024,Flour,332.0,0,1685.0,7,False,False,False,224.0,250.64285714285714,246.46428571428572,49.8920925545411,0.20243132756515733,0.8977955911823647,0,0.10714285714285714,6.722713023653463,0.9603875748076376
2026-05-20,SKU-1024,Flour,298.0,2497,3884.0,7,False,False,False,236.42857142857142,251.14285714285714,246.46428571428572,49.8920925545411,0.20243132756515733,0.9644522144522144,0,0.10714285714285714,15.465301478953357,2.2093287827076225
2026-05-21,SKU-1024,Flour,274.0,0,3610.0,7,False,False,False,233.42857142857142,250.21428571428572,247.25,50.1550374117872,0.20285151632674298,0.932648401826484,0,0.10714285714285714,14.427633457036825,2.0610904938624035
2026-05-22,SKU-1024,Flour,233.0,0,3377.0,7,False,False,False,234.14285714285714,245.78571428571428,247.10714285714286,50.19099763290463,0.20311431329980195,0.9389859639071899,0,0.10714285714285714,13.739610578320256,1.9628015111886081
2026-05-23,SKU-1024,Flour,199.0,0,3178.0,7,False,False,False,238.85714285714286,243.64285714285714,244.0,50.386653141628784,0.20650267680995404,0.972941518766366,0,0.10714285714285714,13.043682204632074,1.8633831720902962
2026-05-24,SKU-1024,Flour,266.0,0,2912.0,7,False,False,False,254.85714285714286,246.14285714285714,243.28571428571428,49.90869971135595,0.2051443910625318,1.0432748538011696,0,0.10714285714285714,11.830528148578061,1.690075449796866
2026-05-25,SKU-1024,Flour,288.0,0,2624.0,7,False,False,False,270.0,240.64285714285714,245.35714285714286,50.536539245795154,0.20597133899305156,1.1166912850812407,0,0.10714285714285714,10.904125853368953,1.5577322647669933
2026-05-26,SKU-1024,Flour,231.0,0,2393.0,7,False,False,False,255.57142857142858,239.78571428571428,244.64285714285714,50.59513538738403,0.20681223224040188,1.0196637218580793,0,0.10714285714285714,9.979743818885911,1.425677688412273
2026-05-27,SKU-1024,Flour,356.0,0,2037.0,7,False,False,False,263.85714285714283,250.14285714285714,247.64285714285714,54.608515334972644,0.2205131856618451,1.0506257110352673,0,0.07142857142857142,8.14334665905197,1.1633352370074241
2026-05-28,SKU-1024,Flour,315.0,0,1722.0,7,False,False,False,269.7142857142857,251.57142857142858,250.92857142857142,55.82507638543049,0.22247397363963192,1.077933200114188,0,0.03571428571428571,6.844974446337308,0.9778534923339012
2026-05-29,SKU-1024,Flour,287.0,2258,3693.0,7,False,False,False,277.42857142857144,255.78571428571428,252.57142857142858,56.19768584363497,0.22250214983339636,1.1287416448706773,0,0.0,14.437866517732477,2.062552359676068
2026-05-30,SKU-1024,Flour,245.0,0,3448.0,7,False,False,False,284.0,261.42857142857144,253.46428571428572,55.85860598362493,0.22038057877152292,1.1656405746115508,0,0.0,13.189071038251365,1.8841530054644806
2026-05-31,SKU-1024,Flour,225.0,0,3223.0,7,False,False,False,278.14285714285717,266.5,255.39285714285714,53.80027487587377,0.21065692861480428,1.1300058038305283,0,0.0,12.093808630393996,1.7276869471991423
2026-06-01,SKU-1024,Flour,171.0,0,3052.0,7,False,False,False,261.42857142857144,265.7142857142857,253.75,55.68537609741995,0.21944975801938896,1.0863757791629565,0,0.0,11.486021505376344,1.6408602150537634
2026-06-02,SKU-1024,Flour,366.0,0,2686.0,7,False,False,False,280.7142857142857,268.14285714285717,259.39285714285717,58.79615714685861,0.2266683739655846,1.1706881143878463,0,0.0,10.017048481619605,1.431006925945658
2026-06-03,SKU-1024,Flour,290.0,0,2396.0,7,False,False,False,271.2857142857143,267.57142857142856,259.35714285714283,58.77654753115853,0.22662397836304585,1.0845231296402056,0,0.0,8.954618259476776,1.2792311799252538
2026-06-04,SKU-1024,Flour,212.0,0,2184.0,7,False,False,False,256.57142857142856,263.14285714285717,256.67857142857144,59.17773203033355,0.23055189882417412,1.0198750709823963,0,0.0,8.299674267100976,1.1856677524429966
2026-06-05,SKU-1024,Flour,259.0,0,1925.0,7,False,False,False,252.57142857142858,265.0,255.39285714285714,58.703485470193364,0.22985562762766246,0.9874336777436471,0,0.0,7.264150943396227,1.0377358490566038
2026-06-06,SKU-1024,Flour,252.0,0,1673.0,7,False,False,False,253.57142857142858,268.7857142857143,256.2142857142857,58.480992254120075,0.22825031824858685,0.9699453551912568,0,0.0,6.22428913101249,0.8891841615732129
2026-06-07,SKU-1024,Flour,153.0,0,1520.0,7,False,False,False,243.28571428571428,260.7142857142857,253.42857142857142,61.506054246673195,0.2426958172078424,0.9128919860627177,0,0.0,5.83013698630137,0.8328767123287671
2026-06-08,SKU-1024,Flour,220.0,2248,3548.0,7,False,False,False,250.28571428571428,255.85714285714286,248.25,57.75402823853739,0.23264462533146985,0.9419354838709677,0,0.0,13.867113344500279,1.9810161920714684
2026-06-09,SKU-1024,Flour,266.0,0,3282.0,7,False,False,False,236.0,258.35714285714283,249.07142857142858,57.840091549687116,0.2322229084300601,0.880127863612147,0,0.0,12.703345313795964,1.8147636162565663
2026-06-10,SKU-1024,Flour,299.0,0,2983.0,7,False,False,False,237.28571428571428,254.28571428571428,252.21428571428572,58.085095393554305,0.23030057646835464,0.8868126001067805,0,0.0,11.730898876404495,1.6758426966292137
2026-06-11,SKU-1024,Flour,402.0,0,2581.0,7,False,False,False,264.42857142857144,260.5,256.0357142857143,64.2019280562318,0.2507537990758112,1.004885993485342,0,0.0,9.907869481765834,1.4154099259665478
2026-06-12,SKU-1024,Flour,245.0,0,2336.0,7,False,False,False,262.42857142857144,257.5,256.64285714285717,64.00706806208795,0.24940132281359068,0.9902964959568734,0,0.0,9.071844660194175,1.295977808599168
2026-06-13,SKU-1024,Flour,227.0,0,2109.0,7,False,False,False,258.85714285714283,256.2142857142857,258.82142857142856,61.80797837234436,0.23880549115849897,0.9630613871910709,0,0.0,8.231391134652913,1.1759130192361305
2026-06-14,SKU-1024,Flour,189.0,0,1920.0,7,False,False,False,264.0,253.64285714285714,260.07142857142856,59.93510599988065,0.230456326283529,1.0126027397260273,0,0.0,7.569698676429175,1.0813855252041678
2026-06-15,SKU-1024,Flour,145.0,0,1775.0,7,False,False,False,253.28571428571428,251.78571428571428,258.75,62.08931738498444,0.23995871453134082,0.9899497487437185,0,0.0,7.049645390070922,1.0070921985815604
2026-06-16,SKU-1024,Flour,668.0,2565,3672.0,7,False,False,False,310.7142857142857,273.35714285714283,270.75,98.54031887732272,0.36395316298180136,1.2026541332596075,0,0.0,13.432976221583488,1.9189966030833554
2026-06-17,SKU-1024,Flour,341.0,0,3331.0,7,False,False,False,316.7142857142857,277.0,272.2857142857143,99.31277085564805,0.3647373536146571,1.2455056179775281,0,0.0,12.025270758122744,1.7178958225889633
2026-06-18,SKU-1024,Flour,330.0,0,3001.0,7,False,False,False,306.42857142857144,285.42857142857144,274.2857142857143,99.91064791170943,0.36425757051144064,1.1763092953112149,0,0.0,10.514014014014013,1.5020020020020017
2026-06-19,SKU-1024,Flour,233.0,0,2768.0,7,False,False,False,304.7142857142857,283.57142857142856,274.2857142857143,99.91064791170943,0.36425757051144064,1.1833564493758668,0,0.0,9.761209068010077,1.3944584382871539
2026-06-20,SKU-1024,Flour,190.0,0,2578.0,7,False,False,False,299.42857142857144,279.14285714285717,273.9642857142857,100.17594970585954,0.36565331661635603,1.1686646222470032,0,0.0,9.235414534288639,1.3193449334698055
2026-06-21,SKU-1024,Flour,182.0,0,2396.0,7,False,False,False,298.42857142857144,281.2142857142857,270.9642857142857,101.6699387972003,0.3752152743273505,1.1765699802872431,0,0.0,8.520193040386081,1.2171704343408687
2026-06-22,SKU-1024,Flour,121.0,0,2275.0,7,False,False,False,295.0,274.14285714285717,265.0,105.46124441743552,0.3979669600657944,1.171631205673759,0,0.0,8.298593017196456,1.1855132881709223
2026-06-23,SKU-1024,Flour,257.0,0,2018.0,7,False,False,False,236.28571428571428,273.5,265.92857142857144,105.26507231620302,0.3958396487850771,0.8643846354847139,0,0.0,7.378427787934187,1.0540611125620267
2026-06-24,SKU-1024,Flour,288.0,0,1730.0,7,False,False,False,228.71428571428572,272.7142857142857,263.5,103.88544260475182,0.39425215409772985,0.8256833419288293,0,0.0,6.343635411210057,0.9062336301728653
2026-06-25,SKU-1024,Flour,224.0,0,1506.0,7,False,False,False,213.57142857142858,260.0,260.25,103.63776839085757,0.3982238939129974,0.7482482482482482,0,0.0,5.792307692307692,0.8274725274725274
2026-06-26,SKU-1024,Flour,168.0,0,1338.0,7,False,False,False,204.28571428571428,254.5,256.0,104.932076796091,0.40989092498473045,0.7204030226700252,0,0.0,5.257367387033399,0.751052483861914
2026-06-27,SKU-1024,Flour,153.0,2551,3736.0,7,False,False,False,199.0,249.21428571428572,252.71428571428572,106.71452299471434,0.4222734092498589,0.7128966223132036,0,0.0,14.991114932645457,2.1415878475207797
2026-06-28,SKU-1024,Flour,203.0,0,3533.0,7,False,False,False,202.0,250.21428571428572,251.92857142857142,107.00672480474839,0.4247502543993415,0.7183134366268732,0,0.0,14.119897230944904,2.017128175849272
2026-06-29,SKU-1024,Flour,244.0,0,3289.0,7,False,False,False,219.57142857142858,257.2857142857143,254.53571428571428,105.84491875095765,0.4158352357270681,0.8009379885356956,0,0.0,12.783453636868407,1.8262076624097723
2026-06-18,SKU-2000,Snacks,147.0,0,437.0,7,False,False,True,,,,,,,0,,,
2026-06-19,SKU-2000,Snacks,308.0,0,129.0,7,False,False,True,,,,,,,0,,,
2026-06-20,SKU-2000,Snacks,186.0,0,0.0,7,False,False,True,213.66666666666666,,,,,,1,,,
2026-06-21,SKU-2000,Snacks,204.0,0,0.0,7,False,False,True,211.25,,,,,,1,,,
2026-06-22,SKU-2000,Snacks,257.0,0,0.0,7,False,False,True,220.4,220.4,,,,,1,0.6,0.0,0.0
2026-06-23,SKU-2000,Snacks,130.0,0,0.0,7,False,False,True,205.33333333333334,205.33333333333334,,,,,1,0.6666666666666666,0.0,0.0
2026-06-24,SKU-2000,Snacks,214.0,0,0.0,7,False,False,True,206.57142857142858,206.57142857142858,206.57142857142858,61.54634335971863,0.29794218777180526,,1,0.7142857142857143,0.0,0.0
2026-06-25,SKU-2000,Snacks,270.0,0,0.0,7,False,False,True,224.14285714285714,214.5,214.5,61.23491067776849,0.28547743905719575,,1,0.75,0.0,0.0
2026-06-26,SKU-2000,Snacks,170.0,0,0.0,7,False,False,True,204.42857142857142,209.55555555555554,209.55555555555554,59.16948350102253,0.28235702625090286,,1,0.7777777777777778,0.0,0.0
2026-06-27,SKU-2000,Snacks,238.0,0,0.0,7,False,False,True,211.85714285714286,212.4,212.4,56.506046874058825,0.26603600223191537,,1,0.8,0.0,0.0
2026-06-28,SKU-2000,Snacks,293.0,0,0.0,7,False,False,True,224.57142857142858,219.72727272727272,219.72727272727272,58.85760937906145,0.2678666541868746,,1,0.8181818181818182,0.0,0.0
2026-06-29,SKU-2000,Snacks,224.0,0,0.0,7,False,False,True,219.85714285714286,220.08333333333334,220.08333333333334,56.13208178983393,0.2550492167656218,0.9975369458128078,1,0.8333333333333334,0.0,0.0
2026-06-18,SKU-2001,Beverages,353.0,0,729.0,7,False,False,True,,,,,,,0,,,
2026-06-19,SKU-2001,Beverages,215.0,0,514.0,7,False,False,True,,,,,,,0,,,
2026-06-20,SKU-2001,Beverages,353.0,0,161.0,7,False,False,True,307.0,,,,,,0,,,
2026-06-21,SKU-2001,Beverages,228.0,0,0.0,7,False,False,True,287.25,,,,,,1,,,
2026-06-22,SKU-2001,Beverages,298.0,0,0.0,7,False,False,True,289.4,289.4,,,,,1,0.4,0.0,0.0
2026-06-23,SKU-2001,Beverages,240.0,0,0.0,7,False,False,True,281.1666666666667,281.1666666666667,,,,,1,0.5,0.0,0.0
2026-06-24,SKU-2001,Beverages,232.0,0,0.0,7,False,False,True,274.14285714285717,274.14285714285717,274.14285714285717,59.96506919707108,0.21873657341297423,,1,0.5714285714285714,0.0,0.0
2026-06-25,SKU-2001,Beverages,283.0,0,0.0,7,False,False,True,264.14285714285717,275.25,275.25,55.60511281733516,0.20201675864608595,,1,0.625,0.0,0.0
2026-06-26,SKU-2001,Beverages,316.0,0,0.0,7,False,False,True,278.57142857142856,279.77777777777777,279.77777777777777,53.75820350834321,0.19214608084793044,,1,0.6666666666666666,0.0,0.0
2026-06-27,SKU-2001,Beverages,256.0,0,0.0,7,False,False,True,264.7142857142857,277.4,277.4,51.238440430772066,0.18470959059398728,,1,0.7,0.0,0.0
2026-06-28,SKU-2001,Beverages,348.0,0,0.0,7,False,False,True,281.85714285714283,283.8181818181818,283.8181818181818,53.065654018052356,0.18697059391370144,,1,0.7272727272727273,0.0,0.0
2026-06-29,SKU-2001,Beverages,277.0,0,0.0,7,False,False,True,278.85714285714283,283.25,283.25,50.634384652041625,0.17876216999838174,0.9635699476749926,1,0.75,0.0,0.0
2026-06-18,SKU-2002,Flour,293.0,0,872.0,7,False,False,True,,,,,,,0,,,
2026-06-19,SKU-2002,Flour,336.0,0,536.0,7,False,False,True,,,,,,,0,,,
2026-06-20,SKU-2002,Flour,256.0,0,280.0,7,False,False,True,295.0,,,,,,0,,,
2026-06-21,SKU-2002,Flour,200.0,0,80.0,7,False,False,True,271.25,,,,,,0,,,
2026-06-22,SKU-2002,Flour,234.0,0,0.0,7,False,False,True,263.8,263.8,,,,,1,0.2,0.0,0.0
2026-06-23,SKU-2002,Flour,358.0,0,0.0,7,False,False,True,279.5,279.5,,,,,1,0.3333333333333333,0.0,0.0
2026-06-24,SKU-2002,Flour,307.0,0,0.0,7,False,False,True,283.42857142857144,283.42857142857144,283.42857142857144,56.46195516409595,0.19921052729267721,,1,0.42857142857142855,0.0,0.0
2026-06-25,SKU-2002,Flour,213.0,0,0.0,7,False,False,True,272.0,274.625,274.625,57.90123980907983,0.21083746858108268,,1,0.5,0.0,0.0
2026-06-26,SKU-2002,Flour,176.0,0,0.0,7,False,False,True,249.14285714285714,263.6666666666667,263.6666666666667,63.3581091889586,0.24029624218315523,,1,0.5555555555555556,0.0,0.0
2026-06-27,SKU-2002,Flour,299.0,0,0.0,7,False,False,True,255.28571428571428,267.2,267.2,60.77060693021476,0.22743490617595347,,1,0.6,0.0,0.0
2026-06-28,SKU-2002,Flour,293.0,0,0.0,7,False,False,True,268.57142857142856,269.54545454545456,269.54545454545456,58.17450238096349,0.2158244607725458,,1,0.6363636363636364,0.0,0.0
2026-06-29,SKU-2002,Flour,252.0,0,0.0,7,False,False,True,271.14285714285717,268.0833333333333,268.0833333333333,55.69798157487533,0.20776368632219583,1.0278349398895268,1,0.6666666666666666,0.0,0.0
